DataAsOf,EnrollmentAsOf,level,SchoolYear,DistrictCode,DistrictName,SchoolCode,SchoolName,ApplicationReceiptMonth,seniors,completed_this_month
2026-09-19,2026-09-01,school,2027,29,Appoquinimink School District,24,Appoquinimink High School,NULL,397,0
2026-09-19,2026-09-01,school,2027,29,Appoquinimink School District,18,Middletown High School,NULL,309,0
2026-09-19,2026-09-01,school,2027,29,Appoquinimink School District,34,Odessa High School,NULL,279,0
2026-09-19,2026-09-01,school,2027,69,ASPIRA Delaware,568,ASPIRA Academy,NULL,85,0
2026-09-19,2026-09-01,school,2027,31,Brandywine School District,190,Brandywine High School,NULL,173,0
2026-09-19,2026-09-01,school,2027,31,Brandywine School District,108,Brandywine SITE,NULL,63,0
2026-09-19,2026-09-01,school,2027,31,Brandywine School District,194,Concord High School,NULL,210,0
2026-09-19,2026-09-01,school,2027,31,Brandywine School District,196,Mount Pleasant High School,NULL,229,0
2026-09-19,2026-09-01,school,2027,10,Caesar Rodney School District,626,Caesar Rodney High School,NULL,538,0
2026-09-19,2026-09-01,school,2027,10,Caesar Rodney School District,630,John S. Charlton School,NULL,78,0
2026-09-19,2026-09-01,school,2027,17,Cape Henlopen School District,726,Cape Henlopen High School,NULL,461,0
2026-09-19,2026-09-01,school,2027,17,Cape Henlopen School District,728,Sussex Consortium,NULL,20,0
2026-09-19,2026-09-01,school,2027,13,Capital School District,648,Dover High School,NULL,476,0
2026-09-19,2026-09-01,school,2027,13,Capital School District,650,Kent County Community School,NULL,39,0
2026-09-19,2026-09-01,school,2027,13,Capital School District,655,Kent County Secondary ILC,NULL,5,0
2026-09-19,2026-09-01,school,2027,70,Charter School of Wilmington,295,Charter School of Wilmington,NULL,245,0
2026-09-19,2026-09-01,school,2027,33,Christina School District,538,Brennen School (The),NULL,30,0
2026-09-19,2026-09-01,school,2027,33,Christina School District,390,Christiana High School,NULL,254,0
2026-09-19,2026-09-01,school,2027,33,Christina School District,540,Delaware School for the Deaf School (DSD),NULL,8,0
2026-09-19,2026-09-01,school,2027,33,Christina School District,537,Douglass School,NULL,13,0
2026-09-19,2026-09-01,school,2027,33,Christina School District,392,Glasgow High School,NULL,264,0
2026-09-19,2026-09-01,school,2027,33,Christina School District,394,Newark High School,NULL,226,0
2026-09-19,2026-09-01,school,2027,33,Christina School District,354,Pyle (Sarah) Academy,NULL,75,0
2026-09-19,2026-09-01,school,2027,34,Colonial School District,514,Leach (John G.) School,NULL,47,0
2026-09-19,2026-09-01,school,2027,34,Colonial School District,490,Penn (William) High School,NULL,543,0
2026-09-19,2026-09-01,school,2027,79,Delaware Military Academy,578,Delaware Military Academy,NULL,136,0
2026-09-19,2026-09-01,school,2027,37,Delmar School District,730,Delmar High School,NULL,162,0
2026-09-19,2026-09-01,school,2027,9604,Early College School at Del State,4040,Early College School at Del State,NULL,93,0
2026-09-19,2026-09-01,school,2027,9607,First State Military Academy,4055,First State Military Academy,NULL,86,0
2026-09-19,2026-09-01,school,2027,9612,Freire Charter School Wilmington,4080,Freire Charter School,NULL,64,0
2026-09-19,2026-09-01,school,2027,9611,Great Oaks Charter School,4075,Great Oaks Charter School,NULL,43,0
2026-09-19,2026-09-01,school,2027,36,Indian River School District,750,Ennis (Howard T.) School,NULL,46,0
2026-09-19,2026-09-01,school,2027,36,Indian River School District,746,Indian River High School,NULL,255,0
2026-09-19,2026-09-01,school,2027,36,Indian River School District,748,Sussex Central High School,NULL,390,0
2026-09-19,2026-09-01,school,2027,15,Lake Forest School District,665,Lake Forest High School,NULL,221,0
2026-09-19,2026-09-01,school,2027,15,Lake Forest School District,659,Lake Forest ILC,NULL,9,0
2026-09-19,2026-09-01,school,2027,16,Laurel School District,756,Laurel Senior High School,NULL,138,0
2026-09-19,2026-09-01,school,2027,18,Milford School District,678,Milford Senior High School,NULL,283,0
2026-09-19,2026-09-01,school,2027,88,MOT Charter School,587,MOT Charter School,NULL,175,0
2026-09-19,2026-09-01,school,2027,38,New Castle County Vocational-Technical School District,80,Delcastle Technical High School,NULL,414,0
2026-09-19,2026-09-01,school,2027,38,New Castle County Vocational-Technical School District,66,Hodgson (Paul M.) Vocational Technical High School,NULL,274,0
2026-09-19,2026-09-01,school,2027,38,New Castle County Vocational-Technical School District,26,Howard High School of Technology,NULL,205,0
2026-09-19,2026-09-01,school,2027,38,New Castle County Vocational-Technical School District,44,St. Georges Technical High School,NULL,286,0
2026-09-19,2026-09-01,school,2027,89,Newark Charter School,588,Newark Charter School,NULL,239,0
2026-09-19,2026-09-01,school,2027,86,Odyssey Charter School,585,Odyssey Charter School,NULL,125,0
2026-09-19,2026-09-01,school,2027,39,POLYTECH School District,652,POLYTECH High School,NULL,309,0
2026-09-19,2026-09-01,school,2027,71,Positive Outcomes Charter School,570,Positive Outcomes Charter School,NULL,13,0
2026-09-19,2026-09-01,school,2027,32,Red Clay Consolidated School District,286,Calloway (Cab) School of the Arts,NULL,121,0
2026-09-19,2026-09-01,school,2027,32,Red Clay Consolidated School District,284,Conrad Schools of Science,NULL,164,0
2026-09-19,2026-09-01,school,2027,32,Red Clay Consolidated School District,290,Dickinson (John) School,NULL,149,0
2026-09-19,2026-09-01,school,2027,32,Red Clay Consolidated School District,292,duPont (Alexis I.) High School,NULL,125,0
2026-09-19,2026-09-01,school,2027,32,Red Clay Consolidated School District,530,First State School,NULL,4,0
2026-09-19,2026-09-01,school,2027,32,Red Clay Consolidated School District,294,McKean (Thomas) High School,NULL,233,0
2026-09-19,2026-09-01,school,2027,32,Red Clay Consolidated School District,516,Meadowood Program,NULL,57,0
2026-09-19,2026-09-01,school,2027,23,Seaford School District,766,Seaford Senior High School,NULL,250,0
2026-09-19,2026-09-01,school,2027,24,Smyrna School District,688,Smyrna High School,NULL,383,0
2026-09-19,2026-09-01,school,2027,77,Sussex Academy,576,Sussex Academy,NULL,118,0
2026-09-19,2026-09-01,school,2027,40,Sussex Technical School District,770,Sussex Technical High School,NULL,311,0
2026-09-19,2026-09-01,school,2027,35,Woodbridge School District,780,Woodbridge High School,NULL,157,0
2026-09-19,2026-09-01,lea,2027,29,Appoquinimink School District,All Schools,All Schools,NULL,985,0
2026-09-19,2026-09-01,lea,2027,69,ASPIRA Delaware,All Schools,All Schools,NULL,85,0
2026-09-19,2026-09-01,lea,2027,31,Brandywine School District,All Schools,All Schools,NULL,675,0
2026-09-19,2026-09-01,lea,2027,10,Caesar Rodney School District,All Schools,All Schools,NULL,616,0
2026-09-19,2026-09-01,lea,2027,17,Cape Henlopen School District,All Schools,All Schools,NULL,481,0
2026-09-19,2026-09-01,lea,2027,13,Capital School District,All Schools,All Schools,NULL,520,0
2026-09-19,2026-09-01,lea,2027,70,Charter School of Wilmington,All Schools,All Schools,NULL,245,0
2026-09-19,2026-09-01,lea,2027,33,Christina School District,All Schools,All Schools,NULL,870,0
2026-09-19,2026-09-01,lea,2027,34,Colonial School District,All Schools,All Schools,NULL,590,0
2026-09-19,2026-09-01,lea,2027,79,Delaware Military Academy,All Schools,All Schools,NULL,136,0
2026-09-19,2026-09-01,lea,2027,37,Delmar School District,All Schools,All Schools,NULL,162,0
2026-09-19,2026-09-01,lea,2027,9604,Early College School at Del State,All Schools,All Schools,NULL,93,0
2026-09-19,2026-09-01,lea,2027,9607,First State Military Academy,All Schools,All Schools,NULL,86,0
2026-09-19,2026-09-01,lea,2027,9612,Freire Charter School Wilmington,All Schools,All Schools,NULL,64,0
2026-09-19,2026-09-01,lea,2027,9611,Great Oaks Charter School,All Schools,All Schools,NULL,43,0
2026-09-19,2026-09-01,lea,2027,36,Indian River School District,All Schools,All Schools,NULL,691,0
2026-09-19,2026-09-01,lea,2027,15,Lake Forest School District,All Schools,All Schools,NULL,230,0
2026-09-19,2026-09-01,lea,2027,16,Laurel School District,All Schools,All Schools,NULL,138,0
2026-09-19,2026-09-01,lea,2027,18,Milford School District,All Schools,All Schools,NULL,283,0
2026-09-19,2026-09-01,lea,2027,88,MOT Charter School,All Schools,All Schools,NULL,175,0
2026-09-19,2026-09-01,lea,2027,38,New Castle County Vocational-Technical School District,All Schools,All Schools,NULL,1179,0
2026-09-19,2026-09-01,lea,2027,89,Newark Charter School,All Schools,All Schools,NULL,239,0
2026-09-19,2026-09-01,lea,2027,86,Odyssey Charter School,All Schools,All Schools,NULL,125,0
2026-09-19,2026-09-01,lea,2027,39,POLYTECH School District,All Schools,All Schools,NULL,309,0
2026-09-19,2026-09-01,lea,2027,71,Positive Outcomes Charter School,All Schools,All Schools,NULL,13,0
2026-09-19,2026-09-01,lea,2027,32,Red Clay Consolidated School District,All Schools,All Schools,NULL,853,0
2026-09-19,2026-09-01,lea,2027,23,Seaford School District,All Schools,All Schools,NULL,250,0
2026-09-19,2026-09-01,lea,2027,24,Smyrna School District,All Schools,All Schools,NULL,383,0
2026-09-19,2026-09-01,lea,2027,77,Sussex Academy,All Schools,All Schools,NULL,118,0
2026-09-19,2026-09-01,lea,2027,40,Sussex Technical School District,All Schools,All Schools,NULL,311,0
2026-09-19,2026-09-01,lea,2027,35,Woodbridge School District,All Schools,All Schools,NULL,157,0
2026-09-19,2026-09-01,state,2027,All LEAs,All LEAs,All Schools,All Schools,NULL,11105,0
2026-09-19,2026-06-01,school,2026,29,Appoquinimink School District,24,Appoquinimink High School,2025-09-01,341,10
2026-09-19,2026-06-01,school,2026,29,Appoquinimink School District,24,Appoquinimink High School,2025-10-01,341,85
2026-09-19,2026-06-01,school,2026,29,Appoquinimink School District,24,Appoquinimink High School,2025-11-01,341,26
2026-09-19,2026-06-01,school,2026,29,Appoquinimink School District,24,Appoquinimink High School,2025-12-01,341,20
2026-09-19,2026-06-01,school,2026,29,Appoquinimink School District,24,Appoquinimink High School,2026-01-01,341,25
2026-09-19,2026-06-01,school,2026,29,Appoquinimink School District,24,Appoquinimink High School,2026-02-01,341,15
2026-09-19,2026-06-01,school,2026,29,Appoquinimink School District,24,Appoquinimink High School,2026-03-01,341,20
2026-09-19,2026-06-01,school,2026,29,Appoquinimink School District,24,Appoquinimink High School,2026-04-01,341,8
2026-09-19,2026-06-01,school,2026,29,Appoquinimink School District,24,Appoquinimink High School,2026-05-01,341,6
2026-09-19,2026-06-01,school,2026,29,Appoquinimink School District,18,Middletown High School,2025-09-01,293,10
2026-09-19,2026-06-01,school,2026,29,Appoquinimink School District,18,Middletown High School,2025-10-01,293,46
2026-09-19,2026-06-01,school,2026,29,Appoquinimink School District,18,Middletown High School,2025-11-01,293,29
2026-09-19,2026-06-01,school,2026,29,Appoquinimink School District,18,Middletown High School,2025-12-01,293,21
2026-09-19,2026-06-01,school,2026,29,Appoquinimink School District,18,Middletown High School,2026-01-01,293,22
2026-09-19,2026-06-01,school,2026,29,Appoquinimink School District,18,Middletown High School,2026-02-01,293,11
2026-09-19,2026-06-01,school,2026,29,Appoquinimink School District,18,Middletown High School,2026-03-01,293,18
2026-09-19,2026-06-01,school,2026,29,Appoquinimink School District,18,Middletown High School,2026-04-01,293,13
2026-09-19,2026-06-01,school,2026,29,Appoquinimink School District,18,Middletown High School,2026-05-01,293,9
2026-09-19,2026-06-01,school,2026,29,Appoquinimink School District,34,Odessa High School,2025-09-01,311,7
2026-09-19,2026-06-01,school,2026,29,Appoquinimink School District,34,Odessa High School,2025-10-01,311,86
2026-09-19,2026-06-01,school,2026,29,Appoquinimink School District,34,Odessa High School,2025-11-01,311,45
2026-09-19,2026-06-01,school,2026,29,Appoquinimink School District,34,Odessa High School,2025-12-01,311,25
2026-09-19,2026-06-01,school,2026,29,Appoquinimink School District,34,Odessa High School,2026-01-01,311,21
2026-09-19,2026-06-01,school,2026,29,Appoquinimink School District,34,Odessa High School,2026-02-01,311,19
2026-09-19,2026-06-01,school,2026,29,Appoquinimink School District,34,Odessa High School,2026-03-01,311,9
2026-09-19,2026-06-01,school,2026,29,Appoquinimink School District,34,Odessa High School,2026-04-01,311,6
2026-09-19,2026-06-01,school,2026,29,Appoquinimink School District,34,Odessa High School,2026-05-01,311,8
2026-09-19,2026-06-01,school,2026,69,ASPIRA Delaware,568,ASPIRA Academy,2025-09-01,87,1
2026-09-19,2026-06-01,school,2026,69,ASPIRA Delaware,568,ASPIRA Academy,2025-10-01,87,17
2026-09-19,2026-06-01,school,2026,69,ASPIRA Delaware,568,ASPIRA Academy,2025-11-01,87,2
2026-09-19,2026-06-01,school,2026,69,ASPIRA Delaware,568,ASPIRA Academy,2025-12-01,87,1
2026-09-19,2026-06-01,school,2026,69,ASPIRA Delaware,568,ASPIRA Academy,2026-01-01,87,3
2026-09-19,2026-06-01,school,2026,69,ASPIRA Delaware,568,ASPIRA Academy,2026-03-01,87,1
2026-09-19,2026-06-01,school,2026,69,ASPIRA Delaware,568,ASPIRA Academy,2026-05-01,87,1
2026-09-19,2026-06-01,school,2026,31,Brandywine School District,190,Brandywine High School,2025-09-01,222,6
2026-09-19,2026-06-01,school,2026,31,Brandywine School District,190,Brandywine High School,2025-10-01,222,33
2026-09-19,2026-06-01,school,2026,31,Brandywine School District,190,Brandywine High School,2025-11-01,222,15
2026-09-19,2026-06-01,school,2026,31,Brandywine School District,190,Brandywine High School,2025-12-01,222,17
2026-09-19,2026-06-01,school,2026,31,Brandywine School District,190,Brandywine High School,2026-01-01,222,16
2026-09-19,2026-06-01,school,2026,31,Brandywine School District,190,Brandywine High School,2026-02-01,222,10
2026-09-19,2026-06-01,school,2026,31,Brandywine School District,190,Brandywine High School,2026-03-01,222,9
2026-09-19,2026-06-01,school,2026,31,Brandywine School District,190,Brandywine High School,2026-04-01,222,5
2026-09-19,2026-06-01,school,2026,31,Brandywine School District,190,Brandywine High School,2026-05-01,222,6
2026-09-19,2026-06-01,school,2026,31,Brandywine School District,108,Brandywine SITE,NULL,4,0
2026-09-19,2026-06-01,school,2026,31,Brandywine School District,194,Concord High School,2025-09-01,258,6
2026-09-19,2026-06-01,school,2026,31,Brandywine School District,194,Concord High School,2025-10-01,258,34
2026-09-19,2026-06-01,school,2026,31,Brandywine School District,194,Concord High School,2025-11-01,258,32
2026-09-19,2026-06-01,school,2026,31,Brandywine School District,194,Concord High School,2025-12-01,258,21
2026-09-19,2026-06-01,school,2026,31,Brandywine School District,194,Concord High School,2026-01-01,258,15
2026-09-19,2026-06-01,school,2026,31,Brandywine School District,194,Concord High School,2026-02-01,258,8
2026-09-19,2026-06-01,school,2026,31,Brandywine School District,194,Concord High School,2026-03-01,258,14
2026-09-19,2026-06-01,school,2026,31,Brandywine School District,194,Concord High School,2026-04-01,258,6
2026-09-19,2026-06-01,school,2026,31,Brandywine School District,194,Concord High School,2026-05-01,258,7
2026-09-19,2026-06-01,school,2026,31,Brandywine School District,196,Mount Pleasant High School,2025-09-01,269,11
2026-09-19,2026-06-01,school,2026,31,Brandywine School District,196,Mount Pleasant High School,2025-10-01,269,43
2026-09-19,2026-06-01,school,2026,31,Brandywine School District,196,Mount Pleasant High School,2025-11-01,269,21
2026-09-19,2026-06-01,school,2026,31,Brandywine School District,196,Mount Pleasant High School,2025-12-01,269,12
2026-09-19,2026-06-01,school,2026,31,Brandywine School District,196,Mount Pleasant High School,2026-01-01,269,8
2026-09-19,2026-06-01,school,2026,31,Brandywine School District,196,Mount Pleasant High School,2026-02-01,269,12
2026-09-19,2026-06-01,school,2026,31,Brandywine School District,196,Mount Pleasant High School,2026-03-01,269,7
2026-09-19,2026-06-01,school,2026,31,Brandywine School District,196,Mount Pleasant High School,2026-04-01,269,11
2026-09-19,2026-06-01,school,2026,31,Brandywine School District,196,Mount Pleasant High School,2026-05-01,269,7
2026-09-19,2026-06-01,school,2026,10,Caesar Rodney School District,626,Caesar Rodney High School,2025-09-01,550,2
2026-09-19,2026-06-01,school,2026,10,Caesar Rodney School District,626,Caesar Rodney High School,2025-10-01,550,101
2026-09-19,2026-06-01,school,2026,10,Caesar Rodney School District,626,Caesar Rodney High School,2025-11-01,550,58
2026-09-19,2026-06-01,school,2026,10,Caesar Rodney School District,626,Caesar Rodney High School,2025-12-01,550,33
2026-09-19,2026-06-01,school,2026,10,Caesar Rodney School District,626,Caesar Rodney High School,2026-01-01,550,26
2026-09-19,2026-06-01,school,2026,10,Caesar Rodney School District,626,Caesar Rodney High School,2026-02-01,550,23
2026-09-19,2026-06-01,school,2026,10,Caesar Rodney School District,626,Caesar Rodney High School,2026-03-01,550,30
2026-09-19,2026-06-01,school,2026,10,Caesar Rodney School District,626,Caesar Rodney High School,2026-04-01,550,22
2026-09-19,2026-06-01,school,2026,10,Caesar Rodney School District,626,Caesar Rodney High School,2026-05-01,550,11
2026-09-19,2026-06-01,school,2026,10,Caesar Rodney School District,630,John S. Charlton School,2025-09-01,75,1
2026-09-19,2026-06-01,school,2026,17,Cape Henlopen School District,726,Cape Henlopen High School,2025-09-01,539,10
2026-09-19,2026-06-01,school,2026,17,Cape Henlopen School District,726,Cape Henlopen High School,2025-10-01,539,92
2026-09-19,2026-06-01,school,2026,17,Cape Henlopen School District,726,Cape Henlopen High School,2025-11-01,539,46
2026-09-19,2026-06-01,school,2026,17,Cape Henlopen School District,726,Cape Henlopen High School,2025-12-01,539,42
2026-09-19,2026-06-01,school,2026,17,Cape Henlopen School District,726,Cape Henlopen High School,2026-01-01,539,36
2026-09-19,2026-06-01,school,2026,17,Cape Henlopen School District,726,Cape Henlopen High School,2026-02-01,539,25
2026-09-19,2026-06-01,school,2026,17,Cape Henlopen School District,726,Cape Henlopen High School,2026-03-01,539,30
2026-09-19,2026-06-01,school,2026,17,Cape Henlopen School District,726,Cape Henlopen High School,2026-04-01,539,15
2026-09-19,2026-06-01,school,2026,17,Cape Henlopen School District,726,Cape Henlopen High School,2026-05-01,539,9
2026-09-19,2026-06-01,school,2026,17,Cape Henlopen School District,728,Sussex Consortium,NULL,13,0
2026-09-19,2026-06-01,school,2026,13,Capital School District,648,Dover High School,2025-09-01,479,10
2026-09-19,2026-06-01,school,2026,13,Capital School District,648,Dover High School,2025-10-01,479,40
2026-09-19,2026-06-01,school,2026,13,Capital School District,648,Dover High School,2025-11-01,479,17
2026-09-19,2026-06-01,school,2026,13,Capital School District,648,Dover High School,2025-12-01,479,25
2026-09-19,2026-06-01,school,2026,13,Capital School District,648,Dover High School,2026-01-01,479,25
2026-09-19,2026-06-01,school,2026,13,Capital School District,648,Dover High School,2026-02-01,479,13
2026-09-19,2026-06-01,school,2026,13,Capital School District,648,Dover High School,2026-03-01,479,27
2026-09-19,2026-06-01,school,2026,13,Capital School District,648,Dover High School,2026-04-01,479,12
2026-09-19,2026-06-01,school,2026,13,Capital School District,648,Dover High School,2026-05-01,479,24
2026-09-19,2026-06-01,school,2026,13,Capital School District,650,Kent County Community School,2026-03-01,41,1
2026-09-19,2026-06-01,school,2026,70,Charter School of Wilmington,295,Charter School of Wilmington,2025-09-01,235,6
2026-09-19,2026-06-01,school,2026,70,Charter School of Wilmington,295,Charter School of Wilmington,2025-10-01,235,89
2026-09-19,2026-06-01,school,2026,70,Charter School of Wilmington,295,Charter School of Wilmington,2025-11-01,235,42
2026-09-19,2026-06-01,school,2026,70,Charter School of Wilmington,295,Charter School of Wilmington,2025-12-01,235,15
2026-09-19,2026-06-01,school,2026,70,Charter School of Wilmington,295,Charter School of Wilmington,2026-01-01,235,26
2026-09-19,2026-06-01,school,2026,70,Charter School of Wilmington,295,Charter School of Wilmington,2026-02-01,235,5
2026-09-19,2026-06-01,school,2026,70,Charter School of Wilmington,295,Charter School of Wilmington,2026-03-01,235,2
2026-09-19,2026-06-01,school,2026,70,Charter School of Wilmington,295,Charter School of Wilmington,2026-04-01,235,7
2026-09-19,2026-06-01,school,2026,70,Charter School of Wilmington,295,Charter School of Wilmington,2026-05-01,235,3
2026-09-19,2026-06-01,school,2026,33,Christina School District,538,Brennen School (The),NULL,19,0
2026-09-19,2026-06-01,school,2026,33,Christina School District,390,Christiana High School,2025-09-01,302,4
2026-09-19,2026-06-01,school,2026,33,Christina School District,390,Christiana High School,2025-10-01,302,39
2026-09-19,2026-06-01,school,2026,33,Christina School District,390,Christiana High School,2025-11-01,302,16
2026-09-19,2026-06-01,school,2026,33,Christina School District,390,Christiana High School,2025-12-01,302,11
2026-09-19,2026-06-01,school,2026,33,Christina School District,390,Christiana High School,2026-01-01,302,15
2026-09-19,2026-06-01,school,2026,33,Christina School District,390,Christiana High School,2026-02-01,302,5
2026-09-19,2026-06-01,school,2026,33,Christina School District,390,Christiana High School,2026-03-01,302,4
2026-09-19,2026-06-01,school,2026,33,Christina School District,390,Christiana High School,2026-04-01,302,16
2026-09-19,2026-06-01,school,2026,33,Christina School District,390,Christiana High School,2026-05-01,302,8
2026-09-19,2026-06-01,school,2026,33,Christina School District,540,Delaware School for the Deaf School (DSD),2025-11-01,9,1
2026-09-19,2026-06-01,school,2026,33,Christina School District,540,Delaware School for the Deaf School (DSD),2026-02-01,9,1
2026-09-19,2026-06-01,school,2026,33,Christina School District,537,Douglass School,NULL,4,0
2026-09-19,2026-06-01,school,2026,33,Christina School District,392,Glasgow High School,2025-09-01,231,3
2026-09-19,2026-06-01,school,2026,33,Christina School District,392,Glasgow High School,2025-10-01,231,15
2026-09-19,2026-06-01,school,2026,33,Christina School District,392,Glasgow High School,2025-11-01,231,7
2026-09-19,2026-06-01,school,2026,33,Christina School District,392,Glasgow High School,2025-12-01,231,8
2026-09-19,2026-06-01,school,2026,33,Christina School District,392,Glasgow High School,2026-01-01,231,7
2026-09-19,2026-06-01,school,2026,33,Christina School District,392,Glasgow High School,2026-02-01,231,8
2026-09-19,2026-06-01,school,2026,33,Christina School District,392,Glasgow High School,2026-03-01,231,4
2026-09-19,2026-06-01,school,2026,33,Christina School District,392,Glasgow High School,2026-04-01,231,5
2026-09-19,2026-06-01,school,2026,33,Christina School District,392,Glasgow High School,2026-05-01,231,5
2026-09-19,2026-06-01,school,2026,33,Christina School District,394,Newark High School,2025-09-01,241,2
2026-09-19,2026-06-01,school,2026,33,Christina School District,394,Newark High School,2025-10-01,241,23
2026-09-19,2026-06-01,school,2026,33,Christina School District,394,Newark High School,2025-11-01,241,14
2026-09-19,2026-06-01,school,2026,33,Christina School District,394,Newark High School,2025-12-01,241,8
2026-09-19,2026-06-01,school,2026,33,Christina School District,394,Newark High School,2026-01-01,241,12
2026-09-19,2026-06-01,school,2026,33,Christina School District,394,Newark High School,2026-02-01,241,20
2026-09-19,2026-06-01,school,2026,33,Christina School District,394,Newark High School,2026-03-01,241,9
2026-09-19,2026-06-01,school,2026,33,Christina School District,394,Newark High School,2026-04-01,241,8
2026-09-19,2026-06-01,school,2026,33,Christina School District,394,Newark High School,2026-05-01,241,2
2026-09-19,2026-06-01,school,2026,33,Christina School District,354,Pyle (Sarah) Academy,2025-09-01,73,1
2026-09-19,2026-06-01,school,2026,33,Christina School District,354,Pyle (Sarah) Academy,2025-10-01,73,1
2026-09-19,2026-06-01,school,2026,33,Christina School District,354,Pyle (Sarah) Academy,2025-11-01,73,1
2026-09-19,2026-06-01,school,2026,33,Christina School District,354,Pyle (Sarah) Academy,2026-01-01,73,2
2026-09-19,2026-06-01,school,2026,33,Christina School District,354,Pyle (Sarah) Academy,2026-02-01,73,4
2026-09-19,2026-06-01,school,2026,33,Christina School District,354,Pyle (Sarah) Academy,2026-03-01,73,2
2026-09-19,2026-06-01,school,2026,33,Christina School District,354,Pyle (Sarah) Academy,2026-05-01,73,2
2026-09-19,2026-06-01,school,2026,34,Colonial School District,514,Leach (John G.) School,NULL,45,0
2026-09-19,2026-06-01,school,2026,34,Colonial School District,490,Penn (William) High School,2025-09-01,536,7
2026-09-19,2026-06-01,school,2026,34,Colonial School District,490,Penn (William) High School,2025-10-01,536,18
2026-09-19,2026-06-01,school,2026,34,Colonial School District,490,Penn (William) High School,2025-11-01,536,20
2026-09-19,2026-06-01,school,2026,34,Colonial School District,490,Penn (William) High School,2025-12-01,536,16
2026-09-19,2026-06-01,school,2026,34,Colonial School District,490,Penn (William) High School,2026-01-01,536,27
2026-09-19,2026-06-01,school,2026,34,Colonial School District,490,Penn (William) High School,2026-02-01,536,23
2026-09-19,2026-06-01,school,2026,34,Colonial School District,490,Penn (William) High School,2026-03-01,536,18
2026-09-19,2026-06-01,school,2026,34,Colonial School District,490,Penn (William) High School,2026-04-01,536,21
2026-09-19,2026-06-01,school,2026,34,Colonial School District,490,Penn (William) High School,2026-05-01,536,9
2026-09-19,2026-06-01,school,2026,79,Delaware Military Academy,578,Delaware Military Academy,2025-09-01,118,4
2026-09-19,2026-06-01,school,2026,79,Delaware Military Academy,578,Delaware Military Academy,2025-10-01,118,21
2026-09-19,2026-06-01,school,2026,79,Delaware Military Academy,578,Delaware Military Academy,2025-11-01,118,16
2026-09-19,2026-06-01,school,2026,79,Delaware Military Academy,578,Delaware Military Academy,2025-12-01,118,7
2026-09-19,2026-06-01,school,2026,79,Delaware Military Academy,578,Delaware Military Academy,2026-01-01,118,17
2026-09-19,2026-06-01,school,2026,79,Delaware Military Academy,578,Delaware Military Academy,2026-02-01,118,11
2026-09-19,2026-06-01,school,2026,79,Delaware Military Academy,578,Delaware Military Academy,2026-03-01,118,1
2026-09-19,2026-06-01,school,2026,79,Delaware Military Academy,578,Delaware Military Academy,2026-04-01,118,4
2026-09-19,2026-06-01,school,2026,37,Delmar School District,730,Delmar High School,2025-10-01,159,7
2026-09-19,2026-06-01,school,2026,37,Delmar School District,730,Delmar High School,2025-11-01,159,4
2026-09-19,2026-06-01,school,2026,37,Delmar School District,730,Delmar High School,2025-12-01,159,11
2026-09-19,2026-06-01,school,2026,37,Delmar School District,730,Delmar High School,2026-01-01,159,6
2026-09-19,2026-06-01,school,2026,37,Delmar School District,730,Delmar High School,2026-02-01,159,6
2026-09-19,2026-06-01,school,2026,37,Delmar School District,730,Delmar High School,2026-03-01,159,5
2026-09-19,2026-06-01,school,2026,37,Delmar School District,730,Delmar High School,2026-04-01,159,5
2026-09-19,2026-06-01,school,2026,37,Delmar School District,730,Delmar High School,2026-05-01,159,4
2026-09-19,2026-06-01,school,2026,9604,Early College High School at Del State,4040,Early College School at Del State,2025-09-01,66,2
2026-09-19,2026-06-01,school,2026,9604,Early College High School at Del State,4040,Early College School at Del State,2025-10-01,66,12
2026-09-19,2026-06-01,school,2026,9604,Early College High School at Del State,4040,Early College School at Del State,2025-11-01,66,9
2026-09-19,2026-06-01,school,2026,9604,Early College High School at Del State,4040,Early College School at Del State,2025-12-01,66,9
2026-09-19,2026-06-01,school,2026,9604,Early College High School at Del State,4040,Early College School at Del State,2026-01-01,66,7
2026-09-19,2026-06-01,school,2026,9604,Early College High School at Del State,4040,Early College School at Del State,2026-02-01,66,4
2026-09-19,2026-06-01,school,2026,9604,Early College High School at Del State,4040,Early College School at Del State,2026-04-01,66,3
2026-09-19,2026-06-01,school,2026,9604,Early College High School at Del State,4040,Early College School at Del State,2026-05-01,66,2
2026-09-19,2026-06-01,school,2026,9607,First State Military Academy,4055,First State Military Academy,2025-09-01,83,1
2026-09-19,2026-06-01,school,2026,9607,First State Military Academy,4055,First State Military Academy,2025-10-01,83,6
2026-09-19,2026-06-01,school,2026,9607,First State Military Academy,4055,First State Military Academy,2025-11-01,83,5
2026-09-19,2026-06-01,school,2026,9607,First State Military Academy,4055,First State Military Academy,2025-12-01,83,5
2026-09-19,2026-06-01,school,2026,9607,First State Military Academy,4055,First State Military Academy,2026-01-01,83,7
2026-09-19,2026-06-01,school,2026,9607,First State Military Academy,4055,First State Military Academy,2026-02-01,83,4
2026-09-19,2026-06-01,school,2026,9607,First State Military Academy,4055,First State Military Academy,2026-03-01,83,5
2026-09-19,2026-06-01,school,2026,9607,First State Military Academy,4055,First State Military Academy,2026-04-01,83,3
2026-09-19,2026-06-01,school,2026,9607,First State Military Academy,4055,First State Military Academy,2026-05-01,83,4
2026-09-19,2026-06-01,school,2026,9612,Freire Charter School Wilmington,4080,Freire Charter School,2025-09-01,74,1
2026-09-19,2026-06-01,school,2026,9612,Freire Charter School Wilmington,4080,Freire Charter School,2025-10-01,74,11
2026-09-19,2026-06-01,school,2026,9612,Freire Charter School Wilmington,4080,Freire Charter School,2025-11-01,74,3
2026-09-19,2026-06-01,school,2026,9612,Freire Charter School Wilmington,4080,Freire Charter School,2025-12-01,74,5
2026-09-19,2026-06-01,school,2026,9612,Freire Charter School Wilmington,4080,Freire Charter School,2026-01-01,74,4
2026-09-19,2026-06-01,school,2026,9612,Freire Charter School Wilmington,4080,Freire Charter School,2026-02-01,74,3
2026-09-19,2026-06-01,school,2026,9612,Freire Charter School Wilmington,4080,Freire Charter School,2026-03-01,74,3
2026-09-19,2026-06-01,school,2026,9612,Freire Charter School Wilmington,4080,Freire Charter School,2026-04-01,74,4
2026-09-19,2026-06-01,school,2026,9612,Freire Charter School Wilmington,4080,Freire Charter School,2026-05-01,74,3
2026-09-19,2026-06-01,school,2026,9611,Great Oaks Charter School,4075,Great Oaks Charter School,2025-10-01,33,3
2026-09-19,2026-06-01,school,2026,9611,Great Oaks Charter School,4075,Great Oaks Charter School,2026-01-01,33,2
2026-09-19,2026-06-01,school,2026,9611,Great Oaks Charter School,4075,Great Oaks Charter School,2026-02-01,33,1
2026-09-19,2026-06-01,school,2026,36,Indian River School District,750,Ennis (Howard T.) School,NULL,36,0
2026-09-19,2026-06-01,school,2026,36,Indian River School District,746,Indian River High School,2025-09-01,282,7
2026-09-19,2026-06-01,school,2026,36,Indian River School District,746,Indian River High School,2025-10-01,282,55
2026-09-19,2026-06-01,school,2026,36,Indian River School District,746,Indian River High School,2025-11-01,282,19
2026-09-19,2026-06-01,school,2026,36,Indian River School District,746,Indian River High School,2025-12-01,282,9
2026-09-19,2026-06-01,school,2026,36,Indian River School District,746,Indian River High School,2026-01-01,282,22
2026-09-19,2026-06-01,school,2026,36,Indian River School District,746,Indian River High School,2026-02-01,282,15
2026-09-19,2026-06-01,school,2026,36,Indian River School District,746,Indian River High School,2026-03-01,282,12
2026-09-19,2026-06-01,school,2026,36,Indian River School District,746,Indian River High School,2026-04-01,282,8
2026-09-19,2026-06-01,school,2026,36,Indian River School District,746,Indian River High School,2026-05-01,282,5
2026-09-19,2026-06-01,school,2026,36,Indian River School District,748,Sussex Central High School,2025-09-01,473,3
2026-09-19,2026-06-01,school,2026,36,Indian River School District,748,Sussex Central High School,2025-10-01,473,23
2026-09-19,2026-06-01,school,2026,36,Indian River School District,748,Sussex Central High School,2025-11-01,473,36
2026-09-19,2026-06-01,school,2026,36,Indian River School District,748,Sussex Central High School,2025-12-01,473,9
2026-09-19,2026-06-01,school,2026,36,Indian River School District,748,Sussex Central High School,2026-01-01,473,22
2026-09-19,2026-06-01,school,2026,36,Indian River School District,748,Sussex Central High School,2026-02-01,473,11
2026-09-19,2026-06-01,school,2026,36,Indian River School District,748,Sussex Central High School,2026-03-01,473,21
2026-09-19,2026-06-01,school,2026,36,Indian River School District,748,Sussex Central High School,2026-04-01,473,9
2026-09-19,2026-06-01,school,2026,36,Indian River School District,748,Sussex Central High School,2026-05-01,473,9
2026-09-19,2026-06-01,school,2026,15,Lake Forest School District,665,Lake Forest High School,2025-09-01,236,3
2026-09-19,2026-06-01,school,2026,15,Lake Forest School District,665,Lake Forest High School,2025-10-01,236,21
2026-09-19,2026-06-01,school,2026,15,Lake Forest School District,665,Lake Forest High School,2025-11-01,236,7
2026-09-19,2026-06-01,school,2026,15,Lake Forest School District,665,Lake Forest High School,2025-12-01,236,11
2026-09-19,2026-06-01,school,2026,15,Lake Forest School District,665,Lake Forest High School,2026-01-01,236,14
2026-09-19,2026-06-01,school,2026,15,Lake Forest School District,665,Lake Forest High School,2026-02-01,236,15
2026-09-19,2026-06-01,school,2026,15,Lake Forest School District,665,Lake Forest High School,2026-03-01,236,18
2026-09-19,2026-06-01,school,2026,15,Lake Forest School District,665,Lake Forest High School,2026-04-01,236,11
2026-09-19,2026-06-01,school,2026,15,Lake Forest School District,665,Lake Forest High School,2026-05-01,236,6
2026-09-19,2026-06-01,school,2026,16,Laurel School District,756,Laurel Senior High School,2025-09-01,172,2
2026-09-19,2026-06-01,school,2026,16,Laurel School District,756,Laurel Senior High School,2025-10-01,172,6
2026-09-19,2026-06-01,school,2026,16,Laurel School District,756,Laurel Senior High School,2025-11-01,172,18
2026-09-19,2026-06-01,school,2026,16,Laurel School District,756,Laurel Senior High School,2025-12-01,172,7
2026-09-19,2026-06-01,school,2026,16,Laurel School District,756,Laurel Senior High School,2026-01-01,172,4
2026-09-19,2026-06-01,school,2026,16,Laurel School District,756,Laurel Senior High School,2026-02-01,172,7
2026-09-19,2026-06-01,school,2026,16,Laurel School District,756,Laurel Senior High School,2026-03-01,172,5
2026-09-19,2026-06-01,school,2026,16,Laurel School District,756,Laurel Senior High School,2026-04-01,172,2
2026-09-19,2026-06-01,school,2026,18,Milford School District,678,Milford Senior High School,2025-09-01,329,7
2026-09-19,2026-06-01,school,2026,18,Milford School District,678,Milford Senior High School,2025-10-01,329,25
2026-09-19,2026-06-01,school,2026,18,Milford School District,678,Milford Senior High School,2025-11-01,329,3
2026-09-19,2026-06-01,school,2026,18,Milford School District,678,Milford Senior High School,2025-12-01,329,13
2026-09-19,2026-06-01,school,2026,18,Milford School District,678,Milford Senior High School,2026-01-01,329,23
2026-09-19,2026-06-01,school,2026,18,Milford School District,678,Milford Senior High School,2026-02-01,329,7
2026-09-19,2026-06-01,school,2026,18,Milford School District,678,Milford Senior High School,2026-03-01,329,19
2026-09-19,2026-06-01,school,2026,18,Milford School District,678,Milford Senior High School,2026-04-01,329,16
2026-09-19,2026-06-01,school,2026,18,Milford School District,678,Milford Senior High School,2026-05-01,329,8
2026-09-19,2026-06-01,school,2026,88,MOT Charter School,587,MOT Charter School,2025-09-01,151,6
2026-09-19,2026-06-01,school,2026,88,MOT Charter School,587,MOT Charter School,2025-10-01,151,52
2026-09-19,2026-06-01,school,2026,88,MOT Charter School,587,MOT Charter School,2025-11-01,151,22
2026-09-19,2026-06-01,school,2026,88,MOT Charter School,587,MOT Charter School,2025-12-01,151,7
2026-09-19,2026-06-01,school,2026,88,MOT Charter School,587,MOT Charter School,2026-01-01,151,11
2026-09-19,2026-06-01,school,2026,88,MOT Charter School,587,MOT Charter School,2026-02-01,151,5
2026-09-19,2026-06-01,school,2026,88,MOT Charter School,587,MOT Charter School,2026-03-01,151,5
2026-09-19,2026-06-01,school,2026,88,MOT Charter School,587,MOT Charter School,2026-04-01,151,4
2026-09-19,2026-06-01,school,2026,88,MOT Charter School,587,MOT Charter School,2026-05-01,151,1
2026-09-19,2026-06-01,school,2026,38,New Castle County Vocational-Technical School District,80,Delcastle Technical High School,2025-09-01,398,1
2026-09-19,2026-06-01,school,2026,38,New Castle County Vocational-Technical School District,80,Delcastle Technical High School,2025-10-01,398,52
2026-09-19,2026-06-01,school,2026,38,New Castle County Vocational-Technical School District,80,Delcastle Technical High School,2025-11-01,398,33
2026-09-19,2026-06-01,school,2026,38,New Castle County Vocational-Technical School District,80,Delcastle Technical High School,2025-12-01,398,16
2026-09-19,2026-06-01,school,2026,38,New Castle County Vocational-Technical School District,80,Delcastle Technical High School,2026-01-01,398,21
2026-09-19,2026-06-01,school,2026,38,New Castle County Vocational-Technical School District,80,Delcastle Technical High School,2026-02-01,398,19
2026-09-19,2026-06-01,school,2026,38,New Castle County Vocational-Technical School District,80,Delcastle Technical High School,2026-03-01,398,17
2026-09-19,2026-06-01,school,2026,38,New Castle County Vocational-Technical School District,80,Delcastle Technical High School,2026-04-01,398,11
2026-09-19,2026-06-01,school,2026,38,New Castle County Vocational-Technical School District,80,Delcastle Technical High School,2026-05-01,398,7
2026-09-19,2026-06-01,school,2026,38,New Castle County Vocational-Technical School District,66,Hodgson (Paul M.) Vocational Technical High School,2025-09-01,266,2
2026-09-19,2026-06-01,school,2026,38,New Castle County Vocational-Technical School District,66,Hodgson (Paul M.) Vocational Technical High School,2025-10-01,266,28
2026-09-19,2026-06-01,school,2026,38,New Castle County Vocational-Technical School District,66,Hodgson (Paul M.) Vocational Technical High School,2025-11-01,266,23
2026-09-19,2026-06-01,school,2026,38,New Castle County Vocational-Technical School District,66,Hodgson (Paul M.) Vocational Technical High School,2025-12-01,266,14
2026-09-19,2026-06-01,school,2026,38,New Castle County Vocational-Technical School District,66,Hodgson (Paul M.) Vocational Technical High School,2026-01-01,266,15
2026-09-19,2026-06-01,school,2026,38,New Castle County Vocational-Technical School District,66,Hodgson (Paul M.) Vocational Technical High School,2026-02-01,266,15
2026-09-19,2026-06-01,school,2026,38,New Castle County Vocational-Technical School District,66,Hodgson (Paul M.) Vocational Technical High School,2026-03-01,266,22
2026-09-19,2026-06-01,school,2026,38,New Castle County Vocational-Technical School District,66,Hodgson (Paul M.) Vocational Technical High School,2026-04-01,266,12
2026-09-19,2026-06-01,school,2026,38,New Castle County Vocational-Technical School District,66,Hodgson (Paul M.) Vocational Technical High School,2026-05-01,266,10
2026-09-19,2026-06-01,school,2026,38,New Castle County Vocational-Technical School District,26,Howard High School of Technology,2025-09-01,198,2
2026-09-19,2026-06-01,school,2026,38,New Castle County Vocational-Technical School District,26,Howard High School of Technology,2025-10-01,198,19
2026-09-19,2026-06-01,school,2026,38,New Castle County Vocational-Technical School District,26,Howard High School of Technology,2025-11-01,198,9
2026-09-19,2026-06-01,school,2026,38,New Castle County Vocational-Technical School District,26,Howard High School of Technology,2025-12-01,198,6
2026-09-19,2026-06-01,school,2026,38,New Castle County Vocational-Technical School District,26,Howard High School of Technology,2026-01-01,198,11
2026-09-19,2026-06-01,school,2026,38,New Castle County Vocational-Technical School District,26,Howard High School of Technology,2026-02-01,198,16
2026-09-19,2026-06-01,school,2026,38,New Castle County Vocational-Technical School District,26,Howard High School of Technology,2026-03-01,198,11
2026-09-19,2026-06-01,school,2026,38,New Castle County Vocational-Technical School District,26,Howard High School of Technology,2026-04-01,198,14
2026-09-19,2026-06-01,school,2026,38,New Castle County Vocational-Technical School District,26,Howard High School of Technology,2026-05-01,198,3
2026-09-19,2026-06-01,school,2026,38,New Castle County Vocational-Technical School District,44,St. Georges Technical High School,2025-09-01,295,8
2026-09-19,2026-06-01,school,2026,38,New Castle County Vocational-Technical School District,44,St. Georges Technical High School,2025-10-01,295,55
2026-09-19,2026-06-01,school,2026,38,New Castle County Vocational-Technical School District,44,St. Georges Technical High School,2025-11-01,295,32
2026-09-19,2026-06-01,school,2026,38,New Castle County Vocational-Technical School District,44,St. Georges Technical High School,2025-12-01,295,23
2026-09-19,2026-06-01,school,2026,38,New Castle County Vocational-Technical School District,44,St. Georges Technical High School,2026-01-01,295,31
2026-09-19,2026-06-01,school,2026,38,New Castle County Vocational-Technical School District,44,St. Georges Technical High School,2026-02-01,295,15
2026-09-19,2026-06-01,school,2026,38,New Castle County Vocational-Technical School District,44,St. Georges Technical High School,2026-03-01,295,19
2026-09-19,2026-06-01,school,2026,38,New Castle County Vocational-Technical School District,44,St. Georges Technical High School,2026-04-01,295,16
2026-09-19,2026-06-01,school,2026,38,New Castle County Vocational-Technical School District,44,St. Georges Technical High School,2026-05-01,295,6
2026-09-19,2026-06-01,school,2026,89,Newark Charter School,588,Newark Charter School,2025-09-01,221,16
2026-09-19,2026-06-01,school,2026,89,Newark Charter School,588,Newark Charter School,2025-10-01,221,86
2026-09-19,2026-06-01,school,2026,89,Newark Charter School,588,Newark Charter School,2025-11-01,221,29
2026-09-19,2026-06-01,school,2026,89,Newark Charter School,588,Newark Charter School,2025-12-01,221,16
2026-09-19,2026-06-01,school,2026,89,Newark Charter School,588,Newark Charter School,2026-01-01,221,11
2026-09-19,2026-06-01,school,2026,89,Newark Charter School,588,Newark Charter School,2026-02-01,221,2
2026-09-19,2026-06-01,school,2026,89,Newark Charter School,588,Newark Charter School,2026-03-01,221,7
2026-09-19,2026-06-01,school,2026,89,Newark Charter School,588,Newark Charter School,2026-04-01,221,5
2026-09-19,2026-06-01,school,2026,89,Newark Charter School,588,Newark Charter School,2026-05-01,221,5
2026-09-19,2026-06-01,school,2026,86,Odyssey Charter School,585,Odyssey Charter School,2025-10-01,94,14
2026-09-19,2026-06-01,school,2026,86,Odyssey Charter School,585,Odyssey Charter School,2025-11-01,94,12
2026-09-19,2026-06-01,school,2026,86,Odyssey Charter School,585,Odyssey Charter School,2025-12-01,94,6
2026-09-19,2026-06-01,school,2026,86,Odyssey Charter School,585,Odyssey Charter School,2026-01-01,94,6
2026-09-19,2026-06-01,school,2026,86,Odyssey Charter School,585,Odyssey Charter School,2026-02-01,94,6
2026-09-19,2026-06-01,school,2026,86,Odyssey Charter School,585,Odyssey Charter School,2026-03-01,94,9
2026-09-19,2026-06-01,school,2026,86,Odyssey Charter School,585,Odyssey Charter School,2026-04-01,94,3
2026-09-19,2026-06-01,school,2026,86,Odyssey Charter School,585,Odyssey Charter School,2026-05-01,94,3
2026-09-19,2026-06-01,school,2026,39,POLYTECH School District,652,POLYTECH High School,2025-09-01,263,4
2026-09-19,2026-06-01,school,2026,39,POLYTECH School District,652,POLYTECH High School,2025-10-01,263,34
2026-09-19,2026-06-01,school,2026,39,POLYTECH School District,652,POLYTECH High School,2025-11-01,263,16
2026-09-19,2026-06-01,school,2026,39,POLYTECH School District,652,POLYTECH High School,2025-12-01,263,11
2026-09-19,2026-06-01,school,2026,39,POLYTECH School District,652,POLYTECH High School,2026-01-01,263,19
2026-09-19,2026-06-01,school,2026,39,POLYTECH School District,652,POLYTECH High School,2026-02-01,263,10
2026-09-19,2026-06-01,school,2026,39,POLYTECH School District,652,POLYTECH High School,2026-03-01,263,21
2026-09-19,2026-06-01,school,2026,39,POLYTECH School District,652,POLYTECH High School,2026-04-01,263,11
2026-09-19,2026-06-01,school,2026,39,POLYTECH School District,652,POLYTECH High School,2026-05-01,263,11
2026-09-19,2026-06-01,school,2026,71,Positive Outcomes Charter School,570,Positive Outcomes Charter School,2025-10-01,21,1
2026-09-19,2026-06-01,school,2026,71,Positive Outcomes Charter School,570,Positive Outcomes Charter School,2025-11-01,21,1
2026-09-19,2026-06-01,school,2026,71,Positive Outcomes Charter School,570,Positive Outcomes Charter School,2025-12-01,21,1
2026-09-19,2026-06-01,school,2026,71,Positive Outcomes Charter School,570,Positive Outcomes Charter School,2026-01-01,21,1
2026-09-19,2026-06-01,school,2026,71,Positive Outcomes Charter School,570,Positive Outcomes Charter School,2026-03-01,21,2
2026-09-19,2026-06-01,school,2026,71,Positive Outcomes Charter School,570,Positive Outcomes Charter School,2026-04-01,21,1
2026-09-19,2026-06-01,school,2026,71,Positive Outcomes Charter School,570,Positive Outcomes Charter School,2026-05-01,21,1
2026-09-19,2026-06-01,school,2026,32,Red Clay Consolidated School District,286,Calloway (Cab) School of the Arts,2025-09-01,132,5
2026-09-19,2026-06-01,school,2026,32,Red Clay Consolidated School District,286,Calloway (Cab) School of the Arts,2025-10-01,132,24
2026-09-19,2026-06-01,school,2026,32,Red Clay Consolidated School District,286,Calloway (Cab) School of the Arts,2025-11-01,132,27
2026-09-19,2026-06-01,school,2026,32,Red Clay Consolidated School District,286,Calloway (Cab) School of the Arts,2025-12-01,132,15
2026-09-19,2026-06-01,school,2026,32,Red Clay Consolidated School District,286,Calloway (Cab) School of the Arts,2026-01-01,132,14
2026-09-19,2026-06-01,school,2026,32,Red Clay Consolidated School District,286,Calloway (Cab) School of the Arts,2026-02-01,132,10
2026-09-19,2026-06-01,school,2026,32,Red Clay Consolidated School District,286,Calloway (Cab) School of the Arts,2026-03-01,132,6
2026-09-19,2026-06-01,school,2026,32,Red Clay Consolidated School District,286,Calloway (Cab) School of the Arts,2026-04-01,132,4
2026-09-19,2026-06-01,school,2026,32,Red Clay Consolidated School District,286,Calloway (Cab) School of the Arts,2026-05-01,132,4
2026-09-19,2026-06-01,school,2026,32,Red Clay Consolidated School District,284,Conrad Schools of Science,2025-09-01,159,4
2026-09-19,2026-06-01,school,2026,32,Red Clay Consolidated School District,284,Conrad Schools of Science,2025-10-01,159,41
2026-09-19,2026-06-01,school,2026,32,Red Clay Consolidated School District,284,Conrad Schools of Science,2025-11-01,159,12
2026-09-19,2026-06-01,school,2026,32,Red Clay Consolidated School District,284,Conrad Schools of Science,2025-12-01,159,17
2026-09-19,2026-06-01,school,2026,32,Red Clay Consolidated School District,284,Conrad Schools of Science,2026-01-01,159,13
2026-09-19,2026-06-01,school,2026,32,Red Clay Consolidated School District,284,Conrad Schools of Science,2026-02-01,159,5
2026-09-19,2026-06-01,school,2026,32,Red Clay Consolidated School District,284,Conrad Schools of Science,2026-03-01,159,15
2026-09-19,2026-06-01,school,2026,32,Red Clay Consolidated School District,284,Conrad Schools of Science,2026-04-01,159,3
2026-09-19,2026-06-01,school,2026,32,Red Clay Consolidated School District,284,Conrad Schools of Science,2026-05-01,159,3
2026-09-19,2026-06-01,school,2026,32,Red Clay Consolidated School District,290,Dickinson (John) School,2025-09-01,208,6
2026-09-19,2026-06-01,school,2026,32,Red Clay Consolidated School District,290,Dickinson (John) School,2025-10-01,208,14
2026-09-19,2026-06-01,school,2026,32,Red Clay Consolidated School District,290,Dickinson (John) School,2025-11-01,208,12
2026-09-19,2026-06-01,school,2026,32,Red Clay Consolidated School District,290,Dickinson (John) School,2025-12-01,208,5
2026-09-19,2026-06-01,school,2026,32,Red Clay Consolidated School District,290,Dickinson (John) School,2026-01-01,208,8
2026-09-19,2026-06-01,school,2026,32,Red Clay Consolidated School District,290,Dickinson (John) School,2026-02-01,208,7
2026-09-19,2026-06-01,school,2026,32,Red Clay Consolidated School District,290,Dickinson (John) School,2026-03-01,208,6
2026-09-19,2026-06-01,school,2026,32,Red Clay Consolidated School District,290,Dickinson (John) School,2026-04-01,208,9
2026-09-19,2026-06-01,school,2026,32,Red Clay Consolidated School District,290,Dickinson (John) School,2026-05-01,208,4
2026-09-19,2026-06-01,school,2026,32,Red Clay Consolidated School District,292,duPont (Alexis I.) High School,2025-09-01,142,3
2026-09-19,2026-06-01,school,2026,32,Red Clay Consolidated School District,292,duPont (Alexis I.) High School,2025-10-01,142,9
2026-09-19,2026-06-01,school,2026,32,Red Clay Consolidated School District,292,duPont (Alexis I.) High School,2025-11-01,142,4
2026-09-19,2026-06-01,school,2026,32,Red Clay Consolidated School District,292,duPont (Alexis I.) High School,2025-12-01,142,4
2026-09-19,2026-06-01,school,2026,32,Red Clay Consolidated School District,292,duPont (Alexis I.) High School,2026-01-01,142,4
2026-09-19,2026-06-01,school,2026,32,Red Clay Consolidated School District,292,duPont (Alexis I.) High School,2026-02-01,142,2
2026-09-19,2026-06-01,school,2026,32,Red Clay Consolidated School District,292,duPont (Alexis I.) High School,2026-03-01,142,5
2026-09-19,2026-06-01,school,2026,32,Red Clay Consolidated School District,292,duPont (Alexis I.) High School,2026-04-01,142,3
2026-09-19,2026-06-01,school,2026,32,Red Clay Consolidated School District,292,duPont (Alexis I.) High School,2026-05-01,142,2
2026-09-19,2026-06-01,school,2026,32,Red Clay Consolidated School District,530,First State School,NULL,3,0
2026-09-19,2026-06-01,school,2026,32,Red Clay Consolidated School District,294,McKean (Thomas) High School,2025-09-01,228,2
2026-09-19,2026-06-01,school,2026,32,Red Clay Consolidated School District,294,McKean (Thomas) High School,2025-10-01,228,14
2026-09-19,2026-06-01,school,2026,32,Red Clay Consolidated School District,294,McKean (Thomas) High School,2025-11-01,228,8
2026-09-19,2026-06-01,school,2026,32,Red Clay Consolidated School District,294,McKean (Thomas) High School,2025-12-01,228,4
2026-09-19,2026-06-01,school,2026,32,Red Clay Consolidated School District,294,McKean (Thomas) High School,2026-01-01,228,9
2026-09-19,2026-06-01,school,2026,32,Red Clay Consolidated School District,294,McKean (Thomas) High School,2026-02-01,228,8
2026-09-19,2026-06-01,school,2026,32,Red Clay Consolidated School District,294,McKean (Thomas) High School,2026-03-01,228,5
2026-09-19,2026-06-01,school,2026,32,Red Clay Consolidated School District,294,McKean (Thomas) High School,2026-04-01,228,10
2026-09-19,2026-06-01,school,2026,32,Red Clay Consolidated School District,294,McKean (Thomas) High School,2026-05-01,228,2
2026-09-19,2026-06-01,school,2026,32,Red Clay Consolidated School District,516,Meadowood Program,NULL,56,0
2026-09-19,2026-06-01,school,2026,23,Seaford School District,766,Seaford Senior High School,2025-09-01,255,2
2026-09-19,2026-06-01,school,2026,23,Seaford School District,766,Seaford Senior High School,2025-10-01,255,19
2026-09-19,2026-06-01,school,2026,23,Seaford School District,766,Seaford Senior High School,2025-11-01,255,17
2026-09-19,2026-06-01,school,2026,23,Seaford School District,766,Seaford Senior High School,2025-12-01,255,8
2026-09-19,2026-06-01,school,2026,23,Seaford School District,766,Seaford Senior High School,2026-01-01,255,12
2026-09-19,2026-06-01,school,2026,23,Seaford School District,766,Seaford Senior High School,2026-02-01,255,10
2026-09-19,2026-06-01,school,2026,23,Seaford School District,766,Seaford Senior High School,2026-03-01,255,11
2026-09-19,2026-06-01,school,2026,23,Seaford School District,766,Seaford Senior High School,2026-04-01,255,8
2026-09-19,2026-06-01,school,2026,23,Seaford School District,766,Seaford Senior High School,2026-05-01,255,5
2026-09-19,2026-06-01,school,2026,24,Smyrna School District,688,Smyrna High School,2025-09-01,467,7
2026-09-19,2026-06-01,school,2026,24,Smyrna School District,688,Smyrna High School,2025-10-01,467,50
2026-09-19,2026-06-01,school,2026,24,Smyrna School District,688,Smyrna High School,2025-11-01,467,35
2026-09-19,2026-06-01,school,2026,24,Smyrna School District,688,Smyrna High School,2025-12-01,467,32
2026-09-19,2026-06-01,school,2026,24,Smyrna School District,688,Smyrna High School,2026-01-01,467,49
2026-09-19,2026-06-01,school,2026,24,Smyrna School District,688,Smyrna High School,2026-02-01,467,19
2026-09-19,2026-06-01,school,2026,24,Smyrna School District,688,Smyrna High School,2026-03-01,467,30
2026-09-19,2026-06-01,school,2026,24,Smyrna School District,688,Smyrna High School,2026-04-01,467,22
2026-09-19,2026-06-01,school,2026,24,Smyrna School District,688,Smyrna High School,2026-05-01,467,4
2026-09-19,2026-06-01,school,2026,77,Sussex Academy,576,Sussex Academy,2025-08-01,124,1
2026-09-19,2026-06-01,school,2026,77,Sussex Academy,576,Sussex Academy,2025-09-01,124,4
2026-09-19,2026-06-01,school,2026,77,Sussex Academy,576,Sussex Academy,2025-10-01,124,29
2026-09-19,2026-06-01,school,2026,77,Sussex Academy,576,Sussex Academy,2025-11-01,124,15
2026-09-19,2026-06-01,school,2026,77,Sussex Academy,576,Sussex Academy,2025-12-01,124,14
2026-09-19,2026-06-01,school,2026,77,Sussex Academy,576,Sussex Academy,2026-01-01,124,13
2026-09-19,2026-06-01,school,2026,77,Sussex Academy,576,Sussex Academy,2026-02-01,124,6
2026-09-19,2026-06-01,school,2026,77,Sussex Academy,576,Sussex Academy,2026-03-01,124,7
2026-09-19,2026-06-01,school,2026,77,Sussex Academy,576,Sussex Academy,2026-04-01,124,3
2026-09-19,2026-06-01,school,2026,77,Sussex Academy,576,Sussex Academy,2026-05-01,124,1
2026-09-19,2026-06-01,school,2026,40,Sussex Technical School District,770,Sussex Technical High School,2025-09-01,316,6
2026-09-19,2026-06-01,school,2026,40,Sussex Technical School District,770,Sussex Technical High School,2025-10-01,316,38
2026-09-19,2026-06-01,school,2026,40,Sussex Technical School District,770,Sussex Technical High School,2025-11-01,316,17
2026-09-19,2026-06-01,school,2026,40,Sussex Technical School District,770,Sussex Technical High School,2025-12-01,316,13
2026-09-19,2026-06-01,school,2026,40,Sussex Technical School District,770,Sussex Technical High School,2026-01-01,316,18
2026-09-19,2026-06-01,school,2026,40,Sussex Technical School District,770,Sussex Technical High School,2026-02-01,316,17
2026-09-19,2026-06-01,school,2026,40,Sussex Technical School District,770,Sussex Technical High School,2026-03-01,316,13
2026-09-19,2026-06-01,school,2026,40,Sussex Technical School District,770,Sussex Technical High School,2026-04-01,316,11
2026-09-19,2026-06-01,school,2026,40,Sussex Technical School District,770,Sussex Technical High School,2026-05-01,316,8
2026-09-19,2026-06-01,school,2026,35,Woodbridge School District,780,Woodbridge High School,2025-09-01,176,1
2026-09-19,2026-06-01,school,2026,35,Woodbridge School District,780,Woodbridge High School,2025-10-01,176,9
2026-09-19,2026-06-01,school,2026,35,Woodbridge School District,780,Woodbridge High School,2025-11-01,176,9
2026-09-19,2026-06-01,school,2026,35,Woodbridge School District,780,Woodbridge High School,2025-12-01,176,6
2026-09-19,2026-06-01,school,2026,35,Woodbridge School District,780,Woodbridge High School,2026-01-01,176,10
2026-09-19,2026-06-01,school,2026,35,Woodbridge School District,780,Woodbridge High School,2026-02-01,176,11
2026-09-19,2026-06-01,school,2026,35,Woodbridge School District,780,Woodbridge High School,2026-03-01,176,9
2026-09-19,2026-06-01,school,2026,35,Woodbridge School District,780,Woodbridge High School,2026-04-01,176,9
2026-09-19,2026-06-01,school,2026,35,Woodbridge School District,780,Woodbridge High School,2026-05-01,176,4
2026-09-19,2026-06-01,lea,2026,29,Appoquinimink School District,All Schools,All Schools,2025-09-01,945,27
2026-09-19,2026-06-01,lea,2026,29,Appoquinimink School District,All Schools,All Schools,2025-10-01,945,217
2026-09-19,2026-06-01,lea,2026,29,Appoquinimink School District,All Schools,All Schools,2025-11-01,945,100
2026-09-19,2026-06-01,lea,2026,29,Appoquinimink School District,All Schools,All Schools,2025-12-01,945,66
2026-09-19,2026-06-01,lea,2026,29,Appoquinimink School District,All Schools,All Schools,2026-01-01,945,68
2026-09-19,2026-06-01,lea,2026,29,Appoquinimink School District,All Schools,All Schools,2026-02-01,945,45
2026-09-19,2026-06-01,lea,2026,29,Appoquinimink School District,All Schools,All Schools,2026-03-01,945,47
2026-09-19,2026-06-01,lea,2026,29,Appoquinimink School District,All Schools,All Schools,2026-04-01,945,27
2026-09-19,2026-06-01,lea,2026,29,Appoquinimink School District,All Schools,All Schools,2026-05-01,945,23
2026-09-19,2026-06-01,lea,2026,69,ASPIRA Delaware,All Schools,All Schools,2025-09-01,87,1
2026-09-19,2026-06-01,lea,2026,69,ASPIRA Delaware,All Schools,All Schools,2025-10-01,87,17
2026-09-19,2026-06-01,lea,2026,69,ASPIRA Delaware,All Schools,All Schools,2025-11-01,87,2
2026-09-19,2026-06-01,lea,2026,69,ASPIRA Delaware,All Schools,All Schools,2025-12-01,87,1
2026-09-19,2026-06-01,lea,2026,69,ASPIRA Delaware,All Schools,All Schools,2026-01-01,87,3
2026-09-19,2026-06-01,lea,2026,69,ASPIRA Delaware,All Schools,All Schools,2026-03-01,87,1
2026-09-19,2026-06-01,lea,2026,69,ASPIRA Delaware,All Schools,All Schools,2026-05-01,87,1
2026-09-19,2026-06-01,lea,2026,31,Brandywine School District,All Schools,All Schools,2025-09-01,753,23
2026-09-19,2026-06-01,lea,2026,31,Brandywine School District,All Schools,All Schools,2025-10-01,753,110
2026-09-19,2026-06-01,lea,2026,31,Brandywine School District,All Schools,All Schools,2025-11-01,753,68
2026-09-19,2026-06-01,lea,2026,31,Brandywine School District,All Schools,All Schools,2025-12-01,753,50
2026-09-19,2026-06-01,lea,2026,31,Brandywine School District,All Schools,All Schools,2026-01-01,753,39
2026-09-19,2026-06-01,lea,2026,31,Brandywine School District,All Schools,All Schools,2026-02-01,753,30
2026-09-19,2026-06-01,lea,2026,31,Brandywine School District,All Schools,All Schools,2026-03-01,753,30
2026-09-19,2026-06-01,lea,2026,31,Brandywine School District,All Schools,All Schools,2026-04-01,753,22
2026-09-19,2026-06-01,lea,2026,31,Brandywine School District,All Schools,All Schools,2026-05-01,753,20
2026-09-19,2026-06-01,lea,2026,10,Caesar Rodney School District,All Schools,All Schools,2025-09-01,625,3
2026-09-19,2026-06-01,lea,2026,10,Caesar Rodney School District,All Schools,All Schools,2025-10-01,625,101
2026-09-19,2026-06-01,lea,2026,10,Caesar Rodney School District,All Schools,All Schools,2025-11-01,625,58
2026-09-19,2026-06-01,lea,2026,10,Caesar Rodney School District,All Schools,All Schools,2025-12-01,625,33
2026-09-19,2026-06-01,lea,2026,10,Caesar Rodney School District,All Schools,All Schools,2026-01-01,625,26
2026-09-19,2026-06-01,lea,2026,10,Caesar Rodney School District,All Schools,All Schools,2026-02-01,625,23
2026-09-19,2026-06-01,lea,2026,10,Caesar Rodney School District,All Schools,All Schools,2026-03-01,625,30
2026-09-19,2026-06-01,lea,2026,10,Caesar Rodney School District,All Schools,All Schools,2026-04-01,625,22
2026-09-19,2026-06-01,lea,2026,10,Caesar Rodney School District,All Schools,All Schools,2026-05-01,625,11
2026-09-19,2026-06-01,lea,2026,17,Cape Henlopen School District,All Schools,All Schools,2025-09-01,552,10
2026-09-19,2026-06-01,lea,2026,17,Cape Henlopen School District,All Schools,All Schools,2025-10-01,552,92
2026-09-19,2026-06-01,lea,2026,17,Cape Henlopen School District,All Schools,All Schools,2025-11-01,552,46
2026-09-19,2026-06-01,lea,2026,17,Cape Henlopen School District,All Schools,All Schools,2025-12-01,552,42
2026-09-19,2026-06-01,lea,2026,17,Cape Henlopen School District,All Schools,All Schools,2026-01-01,552,36
2026-09-19,2026-06-01,lea,2026,17,Cape Henlopen School District,All Schools,All Schools,2026-02-01,552,25
2026-09-19,2026-06-01,lea,2026,17,Cape Henlopen School District,All Schools,All Schools,2026-03-01,552,30
2026-09-19,2026-06-01,lea,2026,17,Cape Henlopen School District,All Schools,All Schools,2026-04-01,552,15
2026-09-19,2026-06-01,lea,2026,17,Cape Henlopen School District,All Schools,All Schools,2026-05-01,552,9
2026-09-19,2026-06-01,lea,2026,13,Capital School District,All Schools,All Schools,2025-09-01,520,10
2026-09-19,2026-06-01,lea,2026,13,Capital School District,All Schools,All Schools,2025-10-01,520,40
2026-09-19,2026-06-01,lea,2026,13,Capital School District,All Schools,All Schools,2025-11-01,520,17
2026-09-19,2026-06-01,lea,2026,13,Capital School District,All Schools,All Schools,2025-12-01,520,25
2026-09-19,2026-06-01,lea,2026,13,Capital School District,All Schools,All Schools,2026-01-01,520,25
2026-09-19,2026-06-01,lea,2026,13,Capital School District,All Schools,All Schools,2026-02-01,520,13
2026-09-19,2026-06-01,lea,2026,13,Capital School District,All Schools,All Schools,2026-03-01,520,28
2026-09-19,2026-06-01,lea,2026,13,Capital School District,All Schools,All Schools,2026-04-01,520,12
2026-09-19,2026-06-01,lea,2026,13,Capital School District,All Schools,All Schools,2026-05-01,520,24
2026-09-19,2026-06-01,lea,2026,70,Charter School of Wilmington,All Schools,All Schools,2025-09-01,235,6
2026-09-19,2026-06-01,lea,2026,70,Charter School of Wilmington,All Schools,All Schools,2025-10-01,235,89
2026-09-19,2026-06-01,lea,2026,70,Charter School of Wilmington,All Schools,All Schools,2025-11-01,235,42
2026-09-19,2026-06-01,lea,2026,70,Charter School of Wilmington,All Schools,All Schools,2025-12-01,235,15
2026-09-19,2026-06-01,lea,2026,70,Charter School of Wilmington,All Schools,All Schools,2026-01-01,235,26
2026-09-19,2026-06-01,lea,2026,70,Charter School of Wilmington,All Schools,All Schools,2026-02-01,235,5
2026-09-19,2026-06-01,lea,2026,70,Charter School of Wilmington,All Schools,All Schools,2026-03-01,235,2
2026-09-19,2026-06-01,lea,2026,70,Charter School of Wilmington,All Schools,All Schools,2026-04-01,235,7
2026-09-19,2026-06-01,lea,2026,70,Charter School of Wilmington,All Schools,All Schools,2026-05-01,235,3
2026-09-19,2026-06-01,lea,2026,33,Christina School District,All Schools,All Schools,2025-09-01,879,10
2026-09-19,2026-06-01,lea,2026,33,Christina School District,All Schools,All Schools,2025-10-01,879,78
2026-09-19,2026-06-01,lea,2026,33,Christina School District,All Schools,All Schools,2025-11-01,879,39
2026-09-19,2026-06-01,lea,2026,33,Christina School District,All Schools,All Schools,2025-12-01,879,27
2026-09-19,2026-06-01,lea,2026,33,Christina School District,All Schools,All Schools,2026-01-01,879,36
2026-09-19,2026-06-01,lea,2026,33,Christina School District,All Schools,All Schools,2026-02-01,879,38
2026-09-19,2026-06-01,lea,2026,33,Christina School District,All Schools,All Schools,2026-03-01,879,19
2026-09-19,2026-06-01,lea,2026,33,Christina School District,All Schools,All Schools,2026-04-01,879,29
2026-09-19,2026-06-01,lea,2026,33,Christina School District,All Schools,All Schools,2026-05-01,879,17
2026-09-19,2026-06-01,lea,2026,34,Colonial School District,All Schools,All Schools,2025-09-01,581,7
2026-09-19,2026-06-01,lea,2026,34,Colonial School District,All Schools,All Schools,2025-10-01,581,18
2026-09-19,2026-06-01,lea,2026,34,Colonial School District,All Schools,All Schools,2025-11-01,581,20
2026-09-19,2026-06-01,lea,2026,34,Colonial School District,All Schools,All Schools,2025-12-01,581,16
2026-09-19,2026-06-01,lea,2026,34,Colonial School District,All Schools,All Schools,2026-01-01,581,27
2026-09-19,2026-06-01,lea,2026,34,Colonial School District,All Schools,All Schools,2026-02-01,581,23
2026-09-19,2026-06-01,lea,2026,34,Colonial School District,All Schools,All Schools,2026-03-01,581,18
2026-09-19,2026-06-01,lea,2026,34,Colonial School District,All Schools,All Schools,2026-04-01,581,21
2026-09-19,2026-06-01,lea,2026,34,Colonial School District,All Schools,All Schools,2026-05-01,581,9
2026-09-19,2026-06-01,lea,2026,79,Delaware Military Academy,All Schools,All Schools,2025-09-01,118,4
2026-09-19,2026-06-01,lea,2026,79,Delaware Military Academy,All Schools,All Schools,2025-10-01,118,21
2026-09-19,2026-06-01,lea,2026,79,Delaware Military Academy,All Schools,All Schools,2025-11-01,118,16
2026-09-19,2026-06-01,lea,2026,79,Delaware Military Academy,All Schools,All Schools,2025-12-01,118,7
2026-09-19,2026-06-01,lea,2026,79,Delaware Military Academy,All Schools,All Schools,2026-01-01,118,17
2026-09-19,2026-06-01,lea,2026,79,Delaware Military Academy,All Schools,All Schools,2026-02-01,118,11
2026-09-19,2026-06-01,lea,2026,79,Delaware Military Academy,All Schools,All Schools,2026-03-01,118,1
2026-09-19,2026-06-01,lea,2026,79,Delaware Military Academy,All Schools,All Schools,2026-04-01,118,4
2026-09-19,2026-06-01,lea,2026,37,Delmar School District,All Schools,All Schools,2025-10-01,159,7
2026-09-19,2026-06-01,lea,2026,37,Delmar School District,All Schools,All Schools,2025-11-01,159,4
2026-09-19,2026-06-01,lea,2026,37,Delmar School District,All Schools,All Schools,2025-12-01,159,11
2026-09-19,2026-06-01,lea,2026,37,Delmar School District,All Schools,All Schools,2026-01-01,159,6
2026-09-19,2026-06-01,lea,2026,37,Delmar School District,All Schools,All Schools,2026-02-01,159,6
2026-09-19,2026-06-01,lea,2026,37,Delmar School District,All Schools,All Schools,2026-03-01,159,5
2026-09-19,2026-06-01,lea,2026,37,Delmar School District,All Schools,All Schools,2026-04-01,159,5
2026-09-19,2026-06-01,lea,2026,37,Delmar School District,All Schools,All Schools,2026-05-01,159,4
2026-09-19,2026-06-01,lea,2026,9604,Early College High School at Del State,All Schools,All Schools,2025-09-01,66,2
2026-09-19,2026-06-01,lea,2026,9604,Early College High School at Del State,All Schools,All Schools,2025-10-01,66,12
2026-09-19,2026-06-01,lea,2026,9604,Early College High School at Del State,All Schools,All Schools,2025-11-01,66,9
2026-09-19,2026-06-01,lea,2026,9604,Early College High School at Del State,All Schools,All Schools,2025-12-01,66,9
2026-09-19,2026-06-01,lea,2026,9604,Early College High School at Del State,All Schools,All Schools,2026-01-01,66,7
2026-09-19,2026-06-01,lea,2026,9604,Early College High School at Del State,All Schools,All Schools,2026-02-01,66,4
2026-09-19,2026-06-01,lea,2026,9604,Early College High School at Del State,All Schools,All Schools,2026-04-01,66,3
2026-09-19,2026-06-01,lea,2026,9604,Early College High School at Del State,All Schools,All Schools,2026-05-01,66,2
2026-09-19,2026-06-01,lea,2026,9607,First State Military Academy,All Schools,All Schools,2025-09-01,83,1
2026-09-19,2026-06-01,lea,2026,9607,First State Military Academy,All Schools,All Schools,2025-10-01,83,6
2026-09-19,2026-06-01,lea,2026,9607,First State Military Academy,All Schools,All Schools,2025-11-01,83,5
2026-09-19,2026-06-01,lea,2026,9607,First State Military Academy,All Schools,All Schools,2025-12-01,83,5
2026-09-19,2026-06-01,lea,2026,9607,First State Military Academy,All Schools,All Schools,2026-01-01,83,7
2026-09-19,2026-06-01,lea,2026,9607,First State Military Academy,All Schools,All Schools,2026-02-01,83,4
2026-09-19,2026-06-01,lea,2026,9607,First State Military Academy,All Schools,All Schools,2026-03-01,83,5
2026-09-19,2026-06-01,lea,2026,9607,First State Military Academy,All Schools,All Schools,2026-04-01,83,3
2026-09-19,2026-06-01,lea,2026,9607,First State Military Academy,All Schools,All Schools,2026-05-01,83,4
2026-09-19,2026-06-01,lea,2026,9612,Freire Charter School Wilmington,All Schools,All Schools,2025-09-01,74,1
2026-09-19,2026-06-01,lea,2026,9612,Freire Charter School Wilmington,All Schools,All Schools,2025-10-01,74,11
2026-09-19,2026-06-01,lea,2026,9612,Freire Charter School Wilmington,All Schools,All Schools,2025-11-01,74,3
2026-09-19,2026-06-01,lea,2026,9612,Freire Charter School Wilmington,All Schools,All Schools,2025-12-01,74,5
2026-09-19,2026-06-01,lea,2026,9612,Freire Charter School Wilmington,All Schools,All Schools,2026-01-01,74,4
2026-09-19,2026-06-01,lea,2026,9612,Freire Charter School Wilmington,All Schools,All Schools,2026-02-01,74,3
2026-09-19,2026-06-01,lea,2026,9612,Freire Charter School Wilmington,All Schools,All Schools,2026-03-01,74,3
2026-09-19,2026-06-01,lea,2026,9612,Freire Charter School Wilmington,All Schools,All Schools,2026-04-01,74,4
2026-09-19,2026-06-01,lea,2026,9612,Freire Charter School Wilmington,All Schools,All Schools,2026-05-01,74,3
2026-09-19,2026-06-01,lea,2026,9611,Great Oaks Charter School,All Schools,All Schools,2025-10-01,33,3
2026-09-19,2026-06-01,lea,2026,9611,Great Oaks Charter School,All Schools,All Schools,2026-01-01,33,2
2026-09-19,2026-06-01,lea,2026,9611,Great Oaks Charter School,All Schools,All Schools,2026-02-01,33,1
2026-09-19,2026-06-01,lea,2026,36,Indian River School District,All Schools,All Schools,2025-09-01,791,10
2026-09-19,2026-06-01,lea,2026,36,Indian River School District,All Schools,All Schools,2025-10-01,791,78
2026-09-19,2026-06-01,lea,2026,36,Indian River School District,All Schools,All Schools,2025-11-01,791,55
2026-09-19,2026-06-01,lea,2026,36,Indian River School District,All Schools,All Schools,2025-12-01,791,18
2026-09-19,2026-06-01,lea,2026,36,Indian River School District,All Schools,All Schools,2026-01-01,791,44
2026-09-19,2026-06-01,lea,2026,36,Indian River School District,All Schools,All Schools,2026-02-01,791,26
2026-09-19,2026-06-01,lea,2026,36,Indian River School District,All Schools,All Schools,2026-03-01,791,33
2026-09-19,2026-06-01,lea,2026,36,Indian River School District,All Schools,All Schools,2026-04-01,791,17
2026-09-19,2026-06-01,lea,2026,36,Indian River School District,All Schools,All Schools,2026-05-01,791,14
2026-09-19,2026-06-01,lea,2026,15,Lake Forest School District,All Schools,All Schools,2025-09-01,236,3
2026-09-19,2026-06-01,lea,2026,15,Lake Forest School District,All Schools,All Schools,2025-10-01,236,21
2026-09-19,2026-06-01,lea,2026,15,Lake Forest School District,All Schools,All Schools,2025-11-01,236,7
2026-09-19,2026-06-01,lea,2026,15,Lake Forest School District,All Schools,All Schools,2025-12-01,236,11
2026-09-19,2026-06-01,lea,2026,15,Lake Forest School District,All Schools,All Schools,2026-01-01,236,14
2026-09-19,2026-06-01,lea,2026,15,Lake Forest School District,All Schools,All Schools,2026-02-01,236,15
2026-09-19,2026-06-01,lea,2026,15,Lake Forest School District,All Schools,All Schools,2026-03-01,236,18
2026-09-19,2026-06-01,lea,2026,15,Lake Forest School District,All Schools,All Schools,2026-04-01,236,11
2026-09-19,2026-06-01,lea,2026,15,Lake Forest School District,All Schools,All Schools,2026-05-01,236,6
2026-09-19,2026-06-01,lea,2026,16,Laurel School District,All Schools,All Schools,2025-09-01,172,2
2026-09-19,2026-06-01,lea,2026,16,Laurel School District,All Schools,All Schools,2025-10-01,172,6
2026-09-19,2026-06-01,lea,2026,16,Laurel School District,All Schools,All Schools,2025-11-01,172,18
2026-09-19,2026-06-01,lea,2026,16,Laurel School District,All Schools,All Schools,2025-12-01,172,7
2026-09-19,2026-06-01,lea,2026,16,Laurel School District,All Schools,All Schools,2026-01-01,172,4
2026-09-19,2026-06-01,lea,2026,16,Laurel School District,All Schools,All Schools,2026-02-01,172,7
2026-09-19,2026-06-01,lea,2026,16,Laurel School District,All Schools,All Schools,2026-03-01,172,5
2026-09-19,2026-06-01,lea,2026,16,Laurel School District,All Schools,All Schools,2026-04-01,172,2
2026-09-19,2026-06-01,lea,2026,18,Milford School District,All Schools,All Schools,2025-09-01,329,7
2026-09-19,2026-06-01,lea,2026,18,Milford School District,All Schools,All Schools,2025-10-01,329,25
2026-09-19,2026-06-01,lea,2026,18,Milford School District,All Schools,All Schools,2025-11-01,329,3
2026-09-19,2026-06-01,lea,2026,18,Milford School District,All Schools,All Schools,2025-12-01,329,13
2026-09-19,2026-06-01,lea,2026,18,Milford School District,All Schools,All Schools,2026-01-01,329,23
2026-09-19,2026-06-01,lea,2026,18,Milford School District,All Schools,All Schools,2026-02-01,329,7
2026-09-19,2026-06-01,lea,2026,18,Milford School District,All Schools,All Schools,2026-03-01,329,19
2026-09-19,2026-06-01,lea,2026,18,Milford School District,All Schools,All Schools,2026-04-01,329,16
2026-09-19,2026-06-01,lea,2026,18,Milford School District,All Schools,All Schools,2026-05-01,329,8
2026-09-19,2026-06-01,lea,2026,88,MOT Charter School,All Schools,All Schools,2025-09-01,151,6
2026-09-19,2026-06-01,lea,2026,88,MOT Charter School,All Schools,All Schools,2025-10-01,151,52
2026-09-19,2026-06-01,lea,2026,88,MOT Charter School,All Schools,All Schools,2025-11-01,151,22
2026-09-19,2026-06-01,lea,2026,88,MOT Charter School,All Schools,All Schools,2025-12-01,151,7
2026-09-19,2026-06-01,lea,2026,88,MOT Charter School,All Schools,All Schools,2026-01-01,151,11
2026-09-19,2026-06-01,lea,2026,88,MOT Charter School,All Schools,All Schools,2026-02-01,151,5
2026-09-19,2026-06-01,lea,2026,88,MOT Charter School,All Schools,All Schools,2026-03-01,151,5
2026-09-19,2026-06-01,lea,2026,88,MOT Charter School,All Schools,All Schools,2026-04-01,151,4
2026-09-19,2026-06-01,lea,2026,88,MOT Charter School,All Schools,All Schools,2026-05-01,151,1
2026-09-19,2026-06-01,lea,2026,38,New Castle County Vocational-Technical School District,All Schools,All Schools,2025-09-01,1157,13
2026-09-19,2026-06-01,lea,2026,38,New Castle County Vocational-Technical School District,All Schools,All Schools,2025-10-01,1157,154
2026-09-19,2026-06-01,lea,2026,38,New Castle County Vocational-Technical School District,All Schools,All Schools,2025-11-01,1157,97
2026-09-19,2026-06-01,lea,2026,38,New Castle County Vocational-Technical School District,All Schools,All Schools,2025-12-01,1157,59
2026-09-19,2026-06-01,lea,2026,38,New Castle County Vocational-Technical School District,All Schools,All Schools,2026-01-01,1157,78
2026-09-19,2026-06-01,lea,2026,38,New Castle County Vocational-Technical School District,All Schools,All Schools,2026-02-01,1157,65
2026-09-19,2026-06-01,lea,2026,38,New Castle County Vocational-Technical School District,All Schools,All Schools,2026-03-01,1157,69
2026-09-19,2026-06-01,lea,2026,38,New Castle County Vocational-Technical School District,All Schools,All Schools,2026-04-01,1157,53
2026-09-19,2026-06-01,lea,2026,38,New Castle County Vocational-Technical School District,All Schools,All Schools,2026-05-01,1157,26
2026-09-19,2026-06-01,lea,2026,89,Newark Charter School,All Schools,All Schools,2025-09-01,221,16
2026-09-19,2026-06-01,lea,2026,89,Newark Charter School,All Schools,All Schools,2025-10-01,221,86
2026-09-19,2026-06-01,lea,2026,89,Newark Charter School,All Schools,All Schools,2025-11-01,221,29
2026-09-19,2026-06-01,lea,2026,89,Newark Charter School,All Schools,All Schools,2025-12-01,221,16
2026-09-19,2026-06-01,lea,2026,89,Newark Charter School,All Schools,All Schools,2026-01-01,221,11
2026-09-19,2026-06-01,lea,2026,89,Newark Charter School,All Schools,All Schools,2026-02-01,221,2
2026-09-19,2026-06-01,lea,2026,89,Newark Charter School,All Schools,All Schools,2026-03-01,221,7
2026-09-19,2026-06-01,lea,2026,89,Newark Charter School,All Schools,All Schools,2026-04-01,221,5
2026-09-19,2026-06-01,lea,2026,89,Newark Charter School,All Schools,All Schools,2026-05-01,221,5
2026-09-19,2026-06-01,lea,2026,86,Odyssey Charter School,All Schools,All Schools,2025-10-01,94,14
2026-09-19,2026-06-01,lea,2026,86,Odyssey Charter School,All Schools,All Schools,2025-11-01,94,12
2026-09-19,2026-06-01,lea,2026,86,Odyssey Charter School,All Schools,All Schools,2025-12-01,94,6
2026-09-19,2026-06-01,lea,2026,86,Odyssey Charter School,All Schools,All Schools,2026-01-01,94,6
2026-09-19,2026-06-01,lea,2026,86,Odyssey Charter School,All Schools,All Schools,2026-02-01,94,6
2026-09-19,2026-06-01,lea,2026,86,Odyssey Charter School,All Schools,All Schools,2026-03-01,94,9
2026-09-19,2026-06-01,lea,2026,86,Odyssey Charter School,All Schools,All Schools,2026-04-01,94,3
2026-09-19,2026-06-01,lea,2026,86,Odyssey Charter School,All Schools,All Schools,2026-05-01,94,3
2026-09-19,2026-06-01,lea,2026,39,POLYTECH School District,All Schools,All Schools,2025-09-01,263,4
2026-09-19,2026-06-01,lea,2026,39,POLYTECH School District,All Schools,All Schools,2025-10-01,263,34
2026-09-19,2026-06-01,lea,2026,39,POLYTECH School District,All Schools,All Schools,2025-11-01,263,16
2026-09-19,2026-06-01,lea,2026,39,POLYTECH School District,All Schools,All Schools,2025-12-01,263,11
2026-09-19,2026-06-01,lea,2026,39,POLYTECH School District,All Schools,All Schools,2026-01-01,263,19
2026-09-19,2026-06-01,lea,2026,39,POLYTECH School District,All Schools,All Schools,2026-02-01,263,10
2026-09-19,2026-06-01,lea,2026,39,POLYTECH School District,All Schools,All Schools,2026-03-01,263,21
2026-09-19,2026-06-01,lea,2026,39,POLYTECH School District,All Schools,All Schools,2026-04-01,263,11
2026-09-19,2026-06-01,lea,2026,39,POLYTECH School District,All Schools,All Schools,2026-05-01,263,11
2026-09-19,2026-06-01,lea,2026,71,Positive Outcomes Charter School,All Schools,All Schools,2025-10-01,21,1
2026-09-19,2026-06-01,lea,2026,71,Positive Outcomes Charter School,All Schools,All Schools,2025-11-01,21,1
2026-09-19,2026-06-01,lea,2026,71,Positive Outcomes Charter School,All Schools,All Schools,2025-12-01,21,1
2026-09-19,2026-06-01,lea,2026,71,Positive Outcomes Charter School,All Schools,All Schools,2026-01-01,21,1
2026-09-19,2026-06-01,lea,2026,71,Positive Outcomes Charter School,All Schools,All Schools,2026-03-01,21,2
2026-09-19,2026-06-01,lea,2026,71,Positive Outcomes Charter School,All Schools,All Schools,2026-04-01,21,1
2026-09-19,2026-06-01,lea,2026,71,Positive Outcomes Charter School,All Schools,All Schools,2026-05-01,21,1
2026-09-19,2026-06-01,lea,2026,32,Red Clay Consolidated School District,All Schools,All Schools,2025-09-01,928,20
2026-09-19,2026-06-01,lea,2026,32,Red Clay Consolidated School District,All Schools,All Schools,2025-10-01,928,102
2026-09-19,2026-06-01,lea,2026,32,Red Clay Consolidated School District,All Schools,All Schools,2025-11-01,928,63
2026-09-19,2026-06-01,lea,2026,32,Red Clay Consolidated School District,All Schools,All Schools,2025-12-01,928,45
2026-09-19,2026-06-01,lea,2026,32,Red Clay Consolidated School District,All Schools,All Schools,2026-01-01,928,48
2026-09-19,2026-06-01,lea,2026,32,Red Clay Consolidated School District,All Schools,All Schools,2026-02-01,928,32
2026-09-19,2026-06-01,lea,2026,32,Red Clay Consolidated School District,All Schools,All Schools,2026-03-01,928,37
2026-09-19,2026-06-01,lea,2026,32,Red Clay Consolidated School District,All Schools,All Schools,2026-04-01,928,29
2026-09-19,2026-06-01,lea,2026,32,Red Clay Consolidated School District,All Schools,All Schools,2026-05-01,928,15
2026-09-19,2026-06-01,lea,2026,23,Seaford School District,All Schools,All Schools,2025-09-01,255,2
2026-09-19,2026-06-01,lea,2026,23,Seaford School District,All Schools,All Schools,2025-10-01,255,19
2026-09-19,2026-06-01,lea,2026,23,Seaford School District,All Schools,All Schools,2025-11-01,255,17
2026-09-19,2026-06-01,lea,2026,23,Seaford School District,All Schools,All Schools,2025-12-01,255,8
2026-09-19,2026-06-01,lea,2026,23,Seaford School District,All Schools,All Schools,2026-01-01,255,12
2026-09-19,2026-06-01,lea,2026,23,Seaford School District,All Schools,All Schools,2026-02-01,255,10
2026-09-19,2026-06-01,lea,2026,23,Seaford School District,All Schools,All Schools,2026-03-01,255,11
2026-09-19,2026-06-01,lea,2026,23,Seaford School District,All Schools,All Schools,2026-04-01,255,8
2026-09-19,2026-06-01,lea,2026,23,Seaford School District,All Schools,All Schools,2026-05-01,255,5
2026-09-19,2026-06-01,lea,2026,24,Smyrna School District,All Schools,All Schools,2025-09-01,467,7
2026-09-19,2026-06-01,lea,2026,24,Smyrna School District,All Schools,All Schools,2025-10-01,467,50
2026-09-19,2026-06-01,lea,2026,24,Smyrna School District,All Schools,All Schools,2025-11-01,467,35
2026-09-19,2026-06-01,lea,2026,24,Smyrna School District,All Schools,All Schools,2025-12-01,467,32
2026-09-19,2026-06-01,lea,2026,24,Smyrna School District,All Schools,All Schools,2026-01-01,467,49
2026-09-19,2026-06-01,lea,2026,24,Smyrna School District,All Schools,All Schools,2026-02-01,467,19
2026-09-19,2026-06-01,lea,2026,24,Smyrna School District,All Schools,All Schools,2026-03-01,467,30
2026-09-19,2026-06-01,lea,2026,24,Smyrna School District,All Schools,All Schools,2026-04-01,467,22
2026-09-19,2026-06-01,lea,2026,24,Smyrna School District,All Schools,All Schools,2026-05-01,467,4
2026-09-19,2026-06-01,lea,2026,77,Sussex Academy,All Schools,All Schools,2025-08-01,124,1
2026-09-19,2026-06-01,lea,2026,77,Sussex Academy,All Schools,All Schools,2025-09-01,124,4
2026-09-19,2026-06-01,lea,2026,77,Sussex Academy,All Schools,All Schools,2025-10-01,124,29
2026-09-19,2026-06-01,lea,2026,77,Sussex Academy,All Schools,All Schools,2025-11-01,124,15
2026-09-19,2026-06-01,lea,2026,77,Sussex Academy,All Schools,All Schools,2025-12-01,124,14
2026-09-19,2026-06-01,lea,2026,77,Sussex Academy,All Schools,All Schools,2026-01-01,124,13
2026-09-19,2026-06-01,lea,2026,77,Sussex Academy,All Schools,All Schools,2026-02-01,124,6
2026-09-19,2026-06-01,lea,2026,77,Sussex Academy,All Schools,All Schools,2026-03-01,124,7
2026-09-19,2026-06-01,lea,2026,77,Sussex Academy,All Schools,All Schools,2026-04-01,124,3
2026-09-19,2026-06-01,lea,2026,77,Sussex Academy,All Schools,All Schools,2026-05-01,124,1
2026-09-19,2026-06-01,lea,2026,40,Sussex Technical School District,All Schools,All Schools,2025-09-01,316,6
2026-09-19,2026-06-01,lea,2026,40,Sussex Technical School District,All Schools,All Schools,2025-10-01,316,38
2026-09-19,2026-06-01,lea,2026,40,Sussex Technical School District,All Schools,All Schools,2025-11-01,316,17
2026-09-19,2026-06-01,lea,2026,40,Sussex Technical School District,All Schools,All Schools,2025-12-01,316,13
2026-09-19,2026-06-01,lea,2026,40,Sussex Technical School District,All Schools,All Schools,2026-01-01,316,18
2026-09-19,2026-06-01,lea,2026,40,Sussex Technical School District,All Schools,All Schools,2026-02-01,316,17
2026-09-19,2026-06-01,lea,2026,40,Sussex Technical School District,All Schools,All Schools,2026-03-01,316,13
2026-09-19,2026-06-01,lea,2026,40,Sussex Technical School District,All Schools,All Schools,2026-04-01,316,11
2026-09-19,2026-06-01,lea,2026,40,Sussex Technical School District,All Schools,All Schools,2026-05-01,316,8
2026-09-19,2026-06-01,lea,2026,35,Woodbridge School District,All Schools,All Schools,2025-09-01,176,1
2026-09-19,2026-06-01,lea,2026,35,Woodbridge School District,All Schools,All Schools,2025-10-01,176,9
2026-09-19,2026-06-01,lea,2026,35,Woodbridge School District,All Schools,All Schools,2025-11-01,176,9
2026-09-19,2026-06-01,lea,2026,35,Woodbridge School District,All Schools,All Schools,2025-12-01,176,6
2026-09-19,2026-06-01,lea,2026,35,Woodbridge School District,All Schools,All Schools,2026-01-01,176,10
2026-09-19,2026-06-01,lea,2026,35,Woodbridge School District,All Schools,All Schools,2026-02-01,176,11
2026-09-19,2026-06-01,lea,2026,35,Woodbridge School District,All Schools,All Schools,2026-03-01,176,9
2026-09-19,2026-06-01,lea,2026,35,Woodbridge School District,All Schools,All Schools,2026-04-01,176,9
2026-09-19,2026-06-01,lea,2026,35,Woodbridge School District,All Schools,All Schools,2026-05-01,176,4
2026-09-19,2026-06-01,state,2026,All LEAs,All LEAs,All Schools,All Schools,2025-08-01,11411,1
2026-09-19,2026-06-01,state,2026,All LEAs,All LEAs,All Schools,All Schools,2025-09-01,11411,206
2026-09-19,2026-06-01,state,2026,All LEAs,All LEAs,All Schools,All Schools,2025-10-01,11411,1540
2026-09-19,2026-06-01,state,2026,All LEAs,All LEAs,All Schools,All Schools,2025-11-01,11411,845
2026-09-19,2026-06-01,state,2026,All LEAs,All LEAs,All Schools,All Schools,2025-12-01,11411,579
2026-09-19,2026-06-01,state,2026,All LEAs,All LEAs,All Schools,All Schools,2026-01-01,11411,690
2026-09-19,2026-06-01,state,2026,All LEAs,All LEAs,All Schools,All Schools,2026-02-01,11411,469
2026-09-19,2026-06-01,state,2026,All LEAs,All LEAs,All Schools,All Schools,2026-03-01,11411,514
2026-09-19,2026-06-01,state,2026,All LEAs,All LEAs,All Schools,All Schools,2026-04-01,11411,379
2026-09-19,2026-06-01,state,2026,All LEAs,All LEAs,All Schools,All Schools,2026-05-01,11411,242
2026-09-19,2025-06-01,school,2025,29,Appoquinimink School District,24,Appoquinimink High School,2024-11-01,397,21
2026-09-19,2025-06-01,school,2025,29,Appoquinimink School District,24,Appoquinimink High School,2024-12-01,397,82
2026-09-19,2025-06-01,school,2025,29,Appoquinimink School District,24,Appoquinimink High School,2025-01-01,397,49
2026-09-19,2025-06-01,school,2025,29,Appoquinimink School District,24,Appoquinimink High School,2025-02-01,397,32
2026-09-19,2025-06-01,school,2025,29,Appoquinimink School District,24,Appoquinimink High School,2025-03-01,397,26
2026-09-19,2025-06-01,school,2025,29,Appoquinimink School District,24,Appoquinimink High School,2025-04-01,397,10
2026-09-19,2025-06-01,school,2025,29,Appoquinimink School District,24,Appoquinimink High School,2025-05-01,397,10
2026-09-19,2025-06-01,school,2025,29,Appoquinimink School District,24,Appoquinimink High School,2025-06-01,397,8
2026-09-19,2025-06-01,school,2025,29,Appoquinimink School District,18,Middletown High School,2024-10-01,309,1
2026-09-19,2025-06-01,school,2025,29,Appoquinimink School District,18,Middletown High School,2024-11-01,309,23
2026-09-19,2025-06-01,school,2025,29,Appoquinimink School District,18,Middletown High School,2024-12-01,309,57
2026-09-19,2025-06-01,school,2025,29,Appoquinimink School District,18,Middletown High School,2025-01-01,309,30
2026-09-19,2025-06-01,school,2025,29,Appoquinimink School District,18,Middletown High School,2025-02-01,309,28
2026-09-19,2025-06-01,school,2025,29,Appoquinimink School District,18,Middletown High School,2025-03-01,309,29
2026-09-19,2025-06-01,school,2025,29,Appoquinimink School District,18,Middletown High School,2025-04-01,309,13
2026-09-19,2025-06-01,school,2025,29,Appoquinimink School District,18,Middletown High School,2025-05-01,309,14
2026-09-19,2025-06-01,school,2025,29,Appoquinimink School District,18,Middletown High School,2025-06-01,309,9
2026-09-19,2025-06-01,school,2025,29,Appoquinimink School District,34,Odessa High School,2024-11-01,320,26
2026-09-19,2025-06-01,school,2025,29,Appoquinimink School District,34,Odessa High School,2024-12-01,320,62
2026-09-19,2025-06-01,school,2025,29,Appoquinimink School District,34,Odessa High School,2025-01-01,320,48
2026-09-19,2025-06-01,school,2025,29,Appoquinimink School District,34,Odessa High School,2025-02-01,320,25
2026-09-19,2025-06-01,school,2025,29,Appoquinimink School District,34,Odessa High School,2025-03-01,320,31
2026-09-19,2025-06-01,school,2025,29,Appoquinimink School District,34,Odessa High School,2025-04-01,320,22
2026-09-19,2025-06-01,school,2025,29,Appoquinimink School District,34,Odessa High School,2025-05-01,320,11
2026-09-19,2025-06-01,school,2025,29,Appoquinimink School District,34,Odessa High School,2025-06-01,320,3
2026-09-19,2025-06-01,school,2025,69,ASPIRA Delaware,568,ASPIRA Academy,2024-10-01,81,2
2026-09-19,2025-06-01,school,2025,69,ASPIRA Delaware,568,ASPIRA Academy,2024-11-01,81,2
2026-09-19,2025-06-01,school,2025,69,ASPIRA Delaware,568,ASPIRA Academy,2024-12-01,81,5
2026-09-19,2025-06-01,school,2025,69,ASPIRA Delaware,568,ASPIRA Academy,2025-01-01,81,7
2026-09-19,2025-06-01,school,2025,69,ASPIRA Delaware,568,ASPIRA Academy,2025-02-01,81,4
2026-09-19,2025-06-01,school,2025,69,ASPIRA Delaware,568,ASPIRA Academy,2025-03-01,81,8
2026-09-19,2025-06-01,school,2025,69,ASPIRA Delaware,568,ASPIRA Academy,2025-04-01,81,2
2026-09-19,2025-06-01,school,2025,69,ASPIRA Delaware,568,ASPIRA Academy,2025-05-01,81,6
2026-09-19,2025-06-01,school,2025,69,ASPIRA Delaware,568,ASPIRA Academy,2025-06-01,81,1
2026-09-19,2025-06-01,school,2025,31,Brandywine School District,190,Brandywine High School,2024-10-01,220,1
2026-09-19,2025-06-01,school,2025,31,Brandywine School District,190,Brandywine High School,2024-11-01,220,6
2026-09-19,2025-06-01,school,2025,31,Brandywine School District,190,Brandywine High School,2024-12-01,220,22
2026-09-19,2025-06-01,school,2025,31,Brandywine School District,190,Brandywine High School,2025-01-01,220,18
2026-09-19,2025-06-01,school,2025,31,Brandywine School District,190,Brandywine High School,2025-02-01,220,15
2026-09-19,2025-06-01,school,2025,31,Brandywine School District,190,Brandywine High School,2025-03-01,220,17
2026-09-19,2025-06-01,school,2025,31,Brandywine School District,190,Brandywine High School,2025-04-01,220,7
2026-09-19,2025-06-01,school,2025,31,Brandywine School District,190,Brandywine High School,2025-05-01,220,13
2026-09-19,2025-06-01,school,2025,31,Brandywine School District,190,Brandywine High School,2025-06-01,220,4
2026-09-19,2025-06-01,school,2025,31,Brandywine School District,108,Brandywine SITE,NULL,42,0
2026-09-19,2025-06-01,school,2025,31,Brandywine School District,194,Concord High School,2024-11-01,242,13
2026-09-19,2025-06-01,school,2025,31,Brandywine School District,194,Concord High School,2024-12-01,242,33
2026-09-19,2025-06-01,school,2025,31,Brandywine School District,194,Concord High School,2025-01-01,242,38
2026-09-19,2025-06-01,school,2025,31,Brandywine School District,194,Concord High School,2025-02-01,242,25
2026-09-19,2025-06-01,school,2025,31,Brandywine School District,194,Concord High School,2025-03-01,242,15
2026-09-19,2025-06-01,school,2025,31,Brandywine School District,194,Concord High School,2025-04-01,242,12
2026-09-19,2025-06-01,school,2025,31,Brandywine School District,194,Concord High School,2025-05-01,242,10
2026-09-19,2025-06-01,school,2025,31,Brandywine School District,194,Concord High School,2025-06-01,242,5
2026-09-19,2025-06-01,school,2025,31,Brandywine School District,196,Mount Pleasant High School,2024-10-01,296,2
2026-09-19,2025-06-01,school,2025,31,Brandywine School District,196,Mount Pleasant High School,2024-11-01,296,11
2026-09-19,2025-06-01,school,2025,31,Brandywine School District,196,Mount Pleasant High School,2024-12-01,296,36
2026-09-19,2025-06-01,school,2025,31,Brandywine School District,196,Mount Pleasant High School,2025-01-01,296,39
2026-09-19,2025-06-01,school,2025,31,Brandywine School District,196,Mount Pleasant High School,2025-02-01,296,13
2026-09-19,2025-06-01,school,2025,31,Brandywine School District,196,Mount Pleasant High School,2025-03-01,296,12
2026-09-19,2025-06-01,school,2025,31,Brandywine School District,196,Mount Pleasant High School,2025-04-01,296,13
2026-09-19,2025-06-01,school,2025,31,Brandywine School District,196,Mount Pleasant High School,2025-05-01,296,10
2026-09-19,2025-06-01,school,2025,31,Brandywine School District,196,Mount Pleasant High School,2025-06-01,296,6
2026-09-19,2025-06-01,school,2025,10,Caesar Rodney School District,626,Caesar Rodney High School,2024-11-01,542,25
2026-09-19,2025-06-01,school,2025,10,Caesar Rodney School District,626,Caesar Rodney High School,2024-12-01,542,95
2026-09-19,2025-06-01,school,2025,10,Caesar Rodney School District,626,Caesar Rodney High School,2025-01-01,542,54
2026-09-19,2025-06-01,school,2025,10,Caesar Rodney School District,626,Caesar Rodney High School,2025-02-01,542,40
2026-09-19,2025-06-01,school,2025,10,Caesar Rodney School District,626,Caesar Rodney High School,2025-03-01,542,43
2026-09-19,2025-06-01,school,2025,10,Caesar Rodney School District,626,Caesar Rodney High School,2025-04-01,542,30
2026-09-19,2025-06-01,school,2025,10,Caesar Rodney School District,626,Caesar Rodney High School,2025-05-01,542,9
2026-09-19,2025-06-01,school,2025,10,Caesar Rodney School District,626,Caesar Rodney High School,2025-06-01,542,20
2026-09-19,2025-06-01,school,2025,10,Caesar Rodney School District,626,Caesar Rodney High School,2025-07-01,542,1
2026-09-19,2025-06-01,school,2025,10,Caesar Rodney School District,630,John S. Charlton School,NULL,71,0
2026-09-19,2025-06-01,school,2025,17,Cape Henlopen School District,726,Cape Henlopen High School,2024-11-01,478,17
2026-09-19,2025-06-01,school,2025,17,Cape Henlopen School District,726,Cape Henlopen High School,2024-12-01,478,67
2026-09-19,2025-06-01,school,2025,17,Cape Henlopen School District,726,Cape Henlopen High School,2025-01-01,478,63
2026-09-19,2025-06-01,school,2025,17,Cape Henlopen School District,726,Cape Henlopen High School,2025-02-01,478,29
2026-09-19,2025-06-01,school,2025,17,Cape Henlopen School District,726,Cape Henlopen High School,2025-03-01,478,28
2026-09-19,2025-06-01,school,2025,17,Cape Henlopen School District,726,Cape Henlopen High School,2025-04-01,478,20
2026-09-19,2025-06-01,school,2025,17,Cape Henlopen School District,726,Cape Henlopen High School,2025-05-01,478,13
2026-09-19,2025-06-01,school,2025,17,Cape Henlopen School District,726,Cape Henlopen High School,2025-06-01,478,14
2026-09-19,2025-06-01,school,2025,17,Cape Henlopen School District,726,Cape Henlopen High School,2025-07-01,478,1
2026-09-19,2025-06-01,school,2025,17,Cape Henlopen School District,728,Sussex Consortium,NULL,13,0
2026-09-19,2025-06-01,school,2025,13,Capital School District,648,Dover High School,2024-10-01,486,1
2026-09-19,2025-06-01,school,2025,13,Capital School District,648,Dover High School,2024-11-01,486,17
2026-09-19,2025-06-01,school,2025,13,Capital School District,648,Dover High School,2024-12-01,486,27
2026-09-19,2025-06-01,school,2025,13,Capital School District,648,Dover High School,2025-01-01,486,35
2026-09-19,2025-06-01,school,2025,13,Capital School District,648,Dover High School,2025-02-01,486,28
2026-09-19,2025-06-01,school,2025,13,Capital School District,648,Dover High School,2025-03-01,486,31
2026-09-19,2025-06-01,school,2025,13,Capital School District,648,Dover High School,2025-04-01,486,20
2026-09-19,2025-06-01,school,2025,13,Capital School District,648,Dover High School,2025-05-01,486,17
2026-09-19,2025-06-01,school,2025,13,Capital School District,648,Dover High School,2025-06-01,486,17
2026-09-19,2025-06-01,school,2025,13,Capital School District,648,Dover High School,2025-07-01,486,1
2026-09-19,2025-06-01,school,2025,13,Capital School District,650,Kent County Community School,NULL,43,0
2026-09-19,2025-06-01,school,2025,70,Charter School of Wilmington,295,Charter School of Wilmington,2024-11-01,237,44
2026-09-19,2025-06-01,school,2025,70,Charter School of Wilmington,295,Charter School of Wilmington,2024-12-01,237,65
2026-09-19,2025-06-01,school,2025,70,Charter School of Wilmington,295,Charter School of Wilmington,2025-01-01,237,43
2026-09-19,2025-06-01,school,2025,70,Charter School of Wilmington,295,Charter School of Wilmington,2025-02-01,237,25
2026-09-19,2025-06-01,school,2025,70,Charter School of Wilmington,295,Charter School of Wilmington,2025-03-01,237,5
2026-09-19,2025-06-01,school,2025,70,Charter School of Wilmington,295,Charter School of Wilmington,2025-04-01,237,9
2026-09-19,2025-06-01,school,2025,70,Charter School of Wilmington,295,Charter School of Wilmington,2025-05-01,237,1
2026-09-19,2025-06-01,school,2025,70,Charter School of Wilmington,295,Charter School of Wilmington,2025-06-01,237,4
2026-09-19,2025-06-01,school,2025,33,Christina School District,538,Brennen School (The),NULL,17,0
2026-09-19,2025-06-01,school,2025,33,Christina School District,390,Christiana High School,2024-11-01,287,12
2026-09-19,2025-06-01,school,2025,33,Christina School District,390,Christiana High School,2024-12-01,287,29
2026-09-19,2025-06-01,school,2025,33,Christina School District,390,Christiana High School,2025-01-01,287,23
2026-09-19,2025-06-01,school,2025,33,Christina School District,390,Christiana High School,2025-02-01,287,11
2026-09-19,2025-06-01,school,2025,33,Christina School District,390,Christiana High School,2025-03-01,287,26
2026-09-19,2025-06-01,school,2025,33,Christina School District,390,Christiana High School,2025-04-01,287,6
2026-09-19,2025-06-01,school,2025,33,Christina School District,390,Christiana High School,2025-05-01,287,4
2026-09-19,2025-06-01,school,2025,33,Christina School District,390,Christiana High School,2025-06-01,287,5
2026-09-19,2025-06-01,school,2025,33,Christina School District,540,Delaware School for the Deaf School (DSD),2025-01-01,15,1
2026-09-19,2025-06-01,school,2025,33,Christina School District,540,Delaware School for the Deaf School (DSD),2025-02-01,15,1
2026-09-19,2025-06-01,school,2025,33,Christina School District,540,Delaware School for the Deaf School (DSD),2025-03-01,15,1
2026-09-19,2025-06-01,school,2025,33,Christina School District,540,Delaware School for the Deaf School (DSD),2025-05-01,15,1
2026-09-19,2025-06-01,school,2025,33,Christina School District,537,Douglass School,NULL,5,0
2026-09-19,2025-06-01,school,2025,33,Christina School District,392,Glasgow High School,2024-11-01,259,2
2026-09-19,2025-06-01,school,2025,33,Christina School District,392,Glasgow High School,2024-12-01,259,7
2026-09-19,2025-06-01,school,2025,33,Christina School District,392,Glasgow High School,2025-01-01,259,9
2026-09-19,2025-06-01,school,2025,33,Christina School District,392,Glasgow High School,2025-02-01,259,7
2026-09-19,2025-06-01,school,2025,33,Christina School District,392,Glasgow High School,2025-03-01,259,8
2026-09-19,2025-06-01,school,2025,33,Christina School District,392,Glasgow High School,2025-04-01,259,13
2026-09-19,2025-06-01,school,2025,33,Christina School District,392,Glasgow High School,2025-05-01,259,7
2026-09-19,2025-06-01,school,2025,33,Christina School District,392,Glasgow High School,2025-06-01,259,10
2026-09-19,2025-06-01,school,2025,33,Christina School District,394,Newark High School,2024-11-01,272,10
2026-09-19,2025-06-01,school,2025,33,Christina School District,394,Newark High School,2024-12-01,272,16
2026-09-19,2025-06-01,school,2025,33,Christina School District,394,Newark High School,2025-01-01,272,16
2026-09-19,2025-06-01,school,2025,33,Christina School District,394,Newark High School,2025-02-01,272,12
2026-09-19,2025-06-01,school,2025,33,Christina School District,394,Newark High School,2025-03-01,272,25
2026-09-19,2025-06-01,school,2025,33,Christina School District,394,Newark High School,2025-04-01,272,26
2026-09-19,2025-06-01,school,2025,33,Christina School District,394,Newark High School,2025-05-01,272,9
2026-09-19,2025-06-01,school,2025,33,Christina School District,394,Newark High School,2025-06-01,272,6
2026-09-19,2025-06-01,school,2025,33,Christina School District,354,Pyle (Sarah) Academy,2024-12-01,86,2
2026-09-19,2025-06-01,school,2025,33,Christina School District,354,Pyle (Sarah) Academy,2025-02-01,86,3
2026-09-19,2025-06-01,school,2025,33,Christina School District,354,Pyle (Sarah) Academy,2025-03-01,86,3
2026-09-19,2025-06-01,school,2025,33,Christina School District,354,Pyle (Sarah) Academy,2025-04-01,86,3
2026-09-19,2025-06-01,school,2025,33,Christina School District,354,Pyle (Sarah) Academy,2025-05-01,86,2
2026-09-19,2025-06-01,school,2025,33,Christina School District,354,Pyle (Sarah) Academy,2025-06-01,86,3
2026-09-19,2025-06-01,school,2025,34,Colonial School District,514,Leach (John G.) School,NULL,49,0
2026-09-19,2025-06-01,school,2025,34,Colonial School District,490,Penn (William) High School,2024-11-01,494,11
2026-09-19,2025-06-01,school,2025,34,Colonial School District,490,Penn (William) High School,2024-12-01,494,33
2026-09-19,2025-06-01,school,2025,34,Colonial School District,490,Penn (William) High School,2025-01-01,494,23
2026-09-19,2025-06-01,school,2025,34,Colonial School District,490,Penn (William) High School,2025-02-01,494,14
2026-09-19,2025-06-01,school,2025,34,Colonial School District,490,Penn (William) High School,2025-03-01,494,26
2026-09-19,2025-06-01,school,2025,34,Colonial School District,490,Penn (William) High School,2025-04-01,494,22
2026-09-19,2025-06-01,school,2025,34,Colonial School District,490,Penn (William) High School,2025-05-01,494,18
2026-09-19,2025-06-01,school,2025,34,Colonial School District,490,Penn (William) High School,2025-06-01,494,16
2026-09-19,2025-06-01,school,2025,34,Colonial School District,490,Penn (William) High School,2025-07-01,494,1
2026-09-19,2025-06-01,school,2025,79,Delaware Military Academy,578,Delaware Military Academy,2024-11-01,130,8
2026-09-19,2025-06-01,school,2025,79,Delaware Military Academy,578,Delaware Military Academy,2024-12-01,130,28
2026-09-19,2025-06-01,school,2025,79,Delaware Military Academy,578,Delaware Military Academy,2025-01-01,130,19
2026-09-19,2025-06-01,school,2025,79,Delaware Military Academy,578,Delaware Military Academy,2025-02-01,130,10
2026-09-19,2025-06-01,school,2025,79,Delaware Military Academy,578,Delaware Military Academy,2025-03-01,130,15
2026-09-19,2025-06-01,school,2025,79,Delaware Military Academy,578,Delaware Military Academy,2025-04-01,130,6
2026-09-19,2025-06-01,school,2025,79,Delaware Military Academy,578,Delaware Military Academy,2025-05-01,130,1
2026-09-19,2025-06-01,school,2025,79,Delaware Military Academy,578,Delaware Military Academy,2025-06-01,130,1
2026-09-19,2025-06-01,school,2025,37,Delmar School District,730,Delmar High School,2024-11-01,180,1
2026-09-19,2025-06-01,school,2025,37,Delmar School District,730,Delmar High School,2024-12-01,180,10
2026-09-19,2025-06-01,school,2025,37,Delmar School District,730,Delmar High School,2025-01-01,180,13
2026-09-19,2025-06-01,school,2025,37,Delmar School District,730,Delmar High School,2025-02-01,180,8
2026-09-19,2025-06-01,school,2025,37,Delmar School District,730,Delmar High School,2025-03-01,180,7
2026-09-19,2025-06-01,school,2025,37,Delmar School District,730,Delmar High School,2025-04-01,180,5
2026-09-19,2025-06-01,school,2025,37,Delmar School District,730,Delmar High School,2025-05-01,180,2
2026-09-19,2025-06-01,school,2025,37,Delmar School District,730,Delmar High School,2025-06-01,180,5
2026-09-19,2025-06-01,school,2025,97,Dept. of Svs. for Children Youth & Their Families,554,Cleveland White School,2025-03-01,1,1
2026-09-19,2025-06-01,school,2025,97,Dept. of Svs. for Children Youth & Their Families,977,Ferris School for Boys,NULL,4,0
2026-09-19,2025-06-01,school,2025,97,Dept. of Svs. for Children Youth & Their Families,975,NCC Detention Center,NULL,1,0
2026-09-19,2025-06-01,school,2025,9604,Early College High School at Del State,4040,Early College School at Del State,2024-11-01,71,4
2026-09-19,2025-06-01,school,2025,9604,Early College High School at Del State,4040,Early College School at Del State,2024-12-01,71,13
2026-09-19,2025-06-01,school,2025,9604,Early College High School at Del State,4040,Early College School at Del State,2025-01-01,71,5
2026-09-19,2025-06-01,school,2025,9604,Early College High School at Del State,4040,Early College School at Del State,2025-02-01,71,8
2026-09-19,2025-06-01,school,2025,9604,Early College High School at Del State,4040,Early College School at Del State,2025-03-01,71,9
2026-09-19,2025-06-01,school,2025,9604,Early College High School at Del State,4040,Early College School at Del State,2025-04-01,71,7
2026-09-19,2025-06-01,school,2025,9604,Early College High School at Del State,4040,Early College School at Del State,2025-06-01,71,3
2026-09-19,2025-06-01,school,2025,9607,First State Military Academy,4055,First State Military Academy,2024-11-01,96,1
2026-09-19,2025-06-01,school,2025,9607,First State Military Academy,4055,First State Military Academy,2024-12-01,96,12
2026-09-19,2025-06-01,school,2025,9607,First State Military Academy,4055,First State Military Academy,2025-01-01,96,8
2026-09-19,2025-06-01,school,2025,9607,First State Military Academy,4055,First State Military Academy,2025-02-01,96,6
2026-09-19,2025-06-01,school,2025,9607,First State Military Academy,4055,First State Military Academy,2025-03-01,96,7
2026-09-19,2025-06-01,school,2025,9607,First State Military Academy,4055,First State Military Academy,2025-04-01,96,5
2026-09-19,2025-06-01,school,2025,9607,First State Military Academy,4055,First State Military Academy,2025-05-01,96,5
2026-09-19,2025-06-01,school,2025,9607,First State Military Academy,4055,First State Military Academy,2025-06-01,96,2
2026-09-19,2025-06-01,school,2025,9612,Freire Charter School Wilmington,4080,Freire Charter School,2024-11-01,62,1
2026-09-19,2025-06-01,school,2025,9612,Freire Charter School Wilmington,4080,Freire Charter School,2024-12-01,62,3
2026-09-19,2025-06-01,school,2025,9612,Freire Charter School Wilmington,4080,Freire Charter School,2025-01-01,62,5
2026-09-19,2025-06-01,school,2025,9612,Freire Charter School Wilmington,4080,Freire Charter School,2025-02-01,62,3
2026-09-19,2025-06-01,school,2025,9612,Freire Charter School Wilmington,4080,Freire Charter School,2025-03-01,62,6
2026-09-19,2025-06-01,school,2025,9612,Freire Charter School Wilmington,4080,Freire Charter School,2025-04-01,62,6
2026-09-19,2025-06-01,school,2025,9612,Freire Charter School Wilmington,4080,Freire Charter School,2025-05-01,62,3
2026-09-19,2025-06-01,school,2025,9612,Freire Charter School Wilmington,4080,Freire Charter School,2025-06-01,62,5
2026-09-19,2025-06-01,school,2025,9611,Great Oaks Charter School,4075,Great Oaks Charter School,2024-12-01,41,2
2026-09-19,2025-06-01,school,2025,9611,Great Oaks Charter School,4075,Great Oaks Charter School,2025-03-01,41,2
2026-09-19,2025-06-01,school,2025,9611,Great Oaks Charter School,4075,Great Oaks Charter School,2025-04-01,41,2
2026-09-19,2025-06-01,school,2025,9611,Great Oaks Charter School,4075,Great Oaks Charter School,2025-05-01,41,2
2026-09-19,2025-06-01,school,2025,36,Indian River School District,750,Ennis (Howard T.) School,NULL,28,0
2026-09-19,2025-06-01,school,2025,36,Indian River School District,746,Indian River High School,2024-11-01,250,9
2026-09-19,2025-06-01,school,2025,36,Indian River School District,746,Indian River High School,2024-12-01,250,35
2026-09-19,2025-06-01,school,2025,36,Indian River School District,746,Indian River High School,2025-01-01,250,30
2026-09-19,2025-06-01,school,2025,36,Indian River School District,746,Indian River High School,2025-02-01,250,19
2026-09-19,2025-06-01,school,2025,36,Indian River School District,746,Indian River High School,2025-03-01,250,16
2026-09-19,2025-06-01,school,2025,36,Indian River School District,746,Indian River High School,2025-04-01,250,10
2026-09-19,2025-06-01,school,2025,36,Indian River School District,746,Indian River High School,2025-05-01,250,6
2026-09-19,2025-06-01,school,2025,36,Indian River School District,746,Indian River High School,2025-06-01,250,4
2026-09-19,2025-06-01,school,2025,36,Indian River School District,745,Indian River Intensive Learning Center,NULL,7,0
2026-09-19,2025-06-01,school,2025,36,Indian River School District,748,Sussex Central High School,2024-11-01,489,9
2026-09-19,2025-06-01,school,2025,36,Indian River School District,748,Sussex Central High School,2024-12-01,489,29
2026-09-19,2025-06-01,school,2025,36,Indian River School District,748,Sussex Central High School,2025-01-01,489,37
2026-09-19,2025-06-01,school,2025,36,Indian River School District,748,Sussex Central High School,2025-02-01,489,19
2026-09-19,2025-06-01,school,2025,36,Indian River School District,748,Sussex Central High School,2025-03-01,489,27
2026-09-19,2025-06-01,school,2025,36,Indian River School District,748,Sussex Central High School,2025-04-01,489,23
2026-09-19,2025-06-01,school,2025,36,Indian River School District,748,Sussex Central High School,2025-05-01,489,12
2026-09-19,2025-06-01,school,2025,36,Indian River School District,748,Sussex Central High School,2025-06-01,489,10
2026-09-19,2025-06-01,school,2025,15,Lake Forest School District,665,Lake Forest High School,2024-11-01,206,2
2026-09-19,2025-06-01,school,2025,15,Lake Forest School District,665,Lake Forest High School,2024-12-01,206,15
2026-09-19,2025-06-01,school,2025,15,Lake Forest School District,665,Lake Forest High School,2025-01-01,206,13
2026-09-19,2025-06-01,school,2025,15,Lake Forest School District,665,Lake Forest High School,2025-02-01,206,11
2026-09-19,2025-06-01,school,2025,15,Lake Forest School District,665,Lake Forest High School,2025-03-01,206,19
2026-09-19,2025-06-01,school,2025,15,Lake Forest School District,665,Lake Forest High School,2025-04-01,206,12
2026-09-19,2025-06-01,school,2025,15,Lake Forest School District,665,Lake Forest High School,2025-05-01,206,8
2026-09-19,2025-06-01,school,2025,15,Lake Forest School District,665,Lake Forest High School,2025-06-01,206,8
2026-09-19,2025-06-01,school,2025,16,Laurel School District,756,Laurel Senior High School,2024-11-01,174,4
2026-09-19,2025-06-01,school,2025,16,Laurel School District,756,Laurel Senior High School,2024-12-01,174,8
2026-09-19,2025-06-01,school,2025,16,Laurel School District,756,Laurel Senior High School,2025-01-01,174,13
2026-09-19,2025-06-01,school,2025,16,Laurel School District,756,Laurel Senior High School,2025-02-01,174,12
2026-09-19,2025-06-01,school,2025,16,Laurel School District,756,Laurel Senior High School,2025-03-01,174,7
2026-09-19,2025-06-01,school,2025,16,Laurel School District,756,Laurel Senior High School,2025-04-01,174,9
2026-09-19,2025-06-01,school,2025,16,Laurel School District,756,Laurel Senior High School,2025-05-01,174,3
2026-09-19,2025-06-01,school,2025,16,Laurel School District,756,Laurel Senior High School,2025-06-01,174,5
2026-09-19,2025-06-01,school,2025,18,Milford School District,678,Milford Senior High School,2024-10-01,265,1
2026-09-19,2025-06-01,school,2025,18,Milford School District,678,Milford Senior High School,2024-11-01,265,6
2026-09-19,2025-06-01,school,2025,18,Milford School District,678,Milford Senior High School,2024-12-01,265,22
2026-09-19,2025-06-01,school,2025,18,Milford School District,678,Milford Senior High School,2025-01-01,265,23
2026-09-19,2025-06-01,school,2025,18,Milford School District,678,Milford Senior High School,2025-02-01,265,14
2026-09-19,2025-06-01,school,2025,18,Milford School District,678,Milford Senior High School,2025-03-01,265,18
2026-09-19,2025-06-01,school,2025,18,Milford School District,678,Milford Senior High School,2025-04-01,265,14
2026-09-19,2025-06-01,school,2025,18,Milford School District,678,Milford Senior High School,2025-05-01,265,2
2026-09-19,2025-06-01,school,2025,18,Milford School District,678,Milford Senior High School,2025-06-01,265,8
2026-09-19,2025-06-01,school,2025,18,Milford School District,678,Milford Senior High School,2025-07-01,265,1
2026-09-19,2025-06-01,school,2025,88,MOT Charter School,587,MOT Charter School,2024-11-01,167,4
2026-09-19,2025-06-01,school,2025,88,MOT Charter School,587,MOT Charter School,2024-12-01,167,36
2026-09-19,2025-06-01,school,2025,88,MOT Charter School,587,MOT Charter School,2025-01-01,167,39
2026-09-19,2025-06-01,school,2025,88,MOT Charter School,587,MOT Charter School,2025-02-01,167,14
2026-09-19,2025-06-01,school,2025,88,MOT Charter School,587,MOT Charter School,2025-03-01,167,11
2026-09-19,2025-06-01,school,2025,88,MOT Charter School,587,MOT Charter School,2025-04-01,167,12
2026-09-19,2025-06-01,school,2025,88,MOT Charter School,587,MOT Charter School,2025-05-01,167,5
2026-09-19,2025-06-01,school,2025,88,MOT Charter School,587,MOT Charter School,2025-06-01,167,5
2026-09-19,2025-06-01,school,2025,88,MOT Charter School,587,MOT Charter School,2025-07-01,167,1
2026-09-19,2025-06-01,school,2025,38,New Castle County Vocational-Technical School District,80,Delcastle Technical High School,2024-10-01,385,3
2026-09-19,2025-06-01,school,2025,38,New Castle County Vocational-Technical School District,80,Delcastle Technical High School,2024-11-01,385,8
2026-09-19,2025-06-01,school,2025,38,New Castle County Vocational-Technical School District,80,Delcastle Technical High School,2024-12-01,385,35
2026-09-19,2025-06-01,school,2025,38,New Castle County Vocational-Technical School District,80,Delcastle Technical High School,2025-01-01,385,24
2026-09-19,2025-06-01,school,2025,38,New Castle County Vocational-Technical School District,80,Delcastle Technical High School,2025-02-01,385,19
2026-09-19,2025-06-01,school,2025,38,New Castle County Vocational-Technical School District,80,Delcastle Technical High School,2025-03-01,385,30
2026-09-19,2025-06-01,school,2025,38,New Castle County Vocational-Technical School District,80,Delcastle Technical High School,2025-04-01,385,11
2026-09-19,2025-06-01,school,2025,38,New Castle County Vocational-Technical School District,80,Delcastle Technical High School,2025-05-01,385,10
2026-09-19,2025-06-01,school,2025,38,New Castle County Vocational-Technical School District,80,Delcastle Technical High School,2025-06-01,385,10
2026-09-19,2025-06-01,school,2025,38,New Castle County Vocational-Technical School District,66,Hodgson (Paul M.) Vocational Technical High School,2024-11-01,241,10
2026-09-19,2025-06-01,school,2025,38,New Castle County Vocational-Technical School District,66,Hodgson (Paul M.) Vocational Technical High School,2024-12-01,241,23
2026-09-19,2025-06-01,school,2025,38,New Castle County Vocational-Technical School District,66,Hodgson (Paul M.) Vocational Technical High School,2025-01-01,241,26
2026-09-19,2025-06-01,school,2025,38,New Castle County Vocational-Technical School District,66,Hodgson (Paul M.) Vocational Technical High School,2025-02-01,241,13
2026-09-19,2025-06-01,school,2025,38,New Castle County Vocational-Technical School District,66,Hodgson (Paul M.) Vocational Technical High School,2025-03-01,241,14
2026-09-19,2025-06-01,school,2025,38,New Castle County Vocational-Technical School District,66,Hodgson (Paul M.) Vocational Technical High School,2025-04-01,241,18
2026-09-19,2025-06-01,school,2025,38,New Castle County Vocational-Technical School District,66,Hodgson (Paul M.) Vocational Technical High School,2025-05-01,241,5
2026-09-19,2025-06-01,school,2025,38,New Castle County Vocational-Technical School District,66,Hodgson (Paul M.) Vocational Technical High School,2025-06-01,241,4
2026-09-19,2025-06-01,school,2025,38,New Castle County Vocational-Technical School District,26,Howard High School of Technology,2024-10-01,208,3
2026-09-19,2025-06-01,school,2025,38,New Castle County Vocational-Technical School District,26,Howard High School of Technology,2024-11-01,208,6
2026-09-19,2025-06-01,school,2025,38,New Castle County Vocational-Technical School District,26,Howard High School of Technology,2024-12-01,208,17
2026-09-19,2025-06-01,school,2025,38,New Castle County Vocational-Technical School District,26,Howard High School of Technology,2025-01-01,208,10
2026-09-19,2025-06-01,school,2025,38,New Castle County Vocational-Technical School District,26,Howard High School of Technology,2025-02-01,208,11
2026-09-19,2025-06-01,school,2025,38,New Castle County Vocational-Technical School District,26,Howard High School of Technology,2025-03-01,208,11
2026-09-19,2025-06-01,school,2025,38,New Castle County Vocational-Technical School District,26,Howard High School of Technology,2025-04-01,208,10
2026-09-19,2025-06-01,school,2025,38,New Castle County Vocational-Technical School District,26,Howard High School of Technology,2025-05-01,208,17
2026-09-19,2025-06-01,school,2025,38,New Castle County Vocational-Technical School District,26,Howard High School of Technology,2025-06-01,208,3
2026-09-19,2025-06-01,school,2025,38,New Castle County Vocational-Technical School District,44,St. Georges Technical High School,2024-11-01,290,13
2026-09-19,2025-06-01,school,2025,38,New Castle County Vocational-Technical School District,44,St. Georges Technical High School,2024-12-01,290,51
2026-09-19,2025-06-01,school,2025,38,New Castle County Vocational-Technical School District,44,St. Georges Technical High School,2025-01-01,290,36
2026-09-19,2025-06-01,school,2025,38,New Castle County Vocational-Technical School District,44,St. Georges Technical High School,2025-02-01,290,33
2026-09-19,2025-06-01,school,2025,38,New Castle County Vocational-Technical School District,44,St. Georges Technical High School,2025-03-01,290,36
2026-09-19,2025-06-01,school,2025,38,New Castle County Vocational-Technical School District,44,St. Georges Technical High School,2025-04-01,290,13
2026-09-19,2025-06-01,school,2025,38,New Castle County Vocational-Technical School District,44,St. Georges Technical High School,2025-05-01,290,5
2026-09-19,2025-06-01,school,2025,38,New Castle County Vocational-Technical School District,44,St. Georges Technical High School,2025-06-01,290,3
2026-09-19,2025-06-01,school,2025,89,Newark Charter School,588,Newark Charter School,2024-11-01,190,24
2026-09-19,2025-06-01,school,2025,89,Newark Charter School,588,Newark Charter School,2024-12-01,190,72
2026-09-19,2025-06-01,school,2025,89,Newark Charter School,588,Newark Charter School,2025-01-01,190,27
2026-09-19,2025-06-01,school,2025,89,Newark Charter School,588,Newark Charter School,2025-02-01,190,10
2026-09-19,2025-06-01,school,2025,89,Newark Charter School,588,Newark Charter School,2025-03-01,190,5
2026-09-19,2025-06-01,school,2025,89,Newark Charter School,588,Newark Charter School,2025-04-01,190,7
2026-09-19,2025-06-01,school,2025,89,Newark Charter School,588,Newark Charter School,2025-05-01,190,4
2026-09-19,2025-06-01,school,2025,89,Newark Charter School,588,Newark Charter School,2025-06-01,190,4
2026-09-19,2025-06-01,school,2025,89,Newark Charter School,588,Newark Charter School,2025-07-01,190,1
2026-09-19,2025-06-01,school,2025,86,Odyssey Charter School,585,Odyssey Charter School,2024-11-01,76,3
2026-09-19,2025-06-01,school,2025,86,Odyssey Charter School,585,Odyssey Charter School,2024-12-01,76,16
2026-09-19,2025-06-01,school,2025,86,Odyssey Charter School,585,Odyssey Charter School,2025-01-01,76,9
2026-09-19,2025-06-01,school,2025,86,Odyssey Charter School,585,Odyssey Charter School,2025-02-01,76,7
2026-09-19,2025-06-01,school,2025,86,Odyssey Charter School,585,Odyssey Charter School,2025-03-01,76,9
2026-09-19,2025-06-01,school,2025,86,Odyssey Charter School,585,Odyssey Charter School,2025-04-01,76,2
2026-09-19,2025-06-01,school,2025,86,Odyssey Charter School,585,Odyssey Charter School,2025-05-01,76,2
2026-09-19,2025-06-01,school,2025,86,Odyssey Charter School,585,Odyssey Charter School,2025-06-01,76,2
2026-09-19,2025-06-01,school,2025,39,POLYTECH School District,652,POLYTECH High School,2024-10-01,285,1
2026-09-19,2025-06-01,school,2025,39,POLYTECH School District,652,POLYTECH High School,2024-11-01,285,17
2026-09-19,2025-06-01,school,2025,39,POLYTECH School District,652,POLYTECH High School,2024-12-01,285,46
2026-09-19,2025-06-01,school,2025,39,POLYTECH School District,652,POLYTECH High School,2025-01-01,285,31
2026-09-19,2025-06-01,school,2025,39,POLYTECH School District,652,POLYTECH High School,2025-02-01,285,14
2026-09-19,2025-06-01,school,2025,39,POLYTECH School District,652,POLYTECH High School,2025-03-01,285,20
2026-09-19,2025-06-01,school,2025,39,POLYTECH School District,652,POLYTECH High School,2025-04-01,285,19
2026-09-19,2025-06-01,school,2025,39,POLYTECH School District,652,POLYTECH High School,2025-05-01,285,13
2026-09-19,2025-06-01,school,2025,39,POLYTECH School District,652,POLYTECH High School,2025-06-01,285,4
2026-09-19,2025-06-01,school,2025,71,Positive Outcomes Charter School,570,Positive Outcomes Charter School,2024-12-01,24,1
2026-09-19,2025-06-01,school,2025,71,Positive Outcomes Charter School,570,Positive Outcomes Charter School,2025-01-01,24,1
2026-09-19,2025-06-01,school,2025,71,Positive Outcomes Charter School,570,Positive Outcomes Charter School,2025-02-01,24,1
2026-09-19,2025-06-01,school,2025,71,Positive Outcomes Charter School,570,Positive Outcomes Charter School,2025-03-01,24,3
2026-09-19,2025-06-01,school,2025,71,Positive Outcomes Charter School,570,Positive Outcomes Charter School,2025-04-01,24,2
2026-09-19,2025-06-01,school,2025,32,Red Clay Consolidated School District,286,Calloway (Cab) School of the Arts,2024-11-01,113,23
2026-09-19,2025-06-01,school,2025,32,Red Clay Consolidated School District,286,Calloway (Cab) School of the Arts,2024-12-01,113,28
2026-09-19,2025-06-01,school,2025,32,Red Clay Consolidated School District,286,Calloway (Cab) School of the Arts,2025-01-01,113,17
2026-09-19,2025-06-01,school,2025,32,Red Clay Consolidated School District,286,Calloway (Cab) School of the Arts,2025-02-01,113,10
2026-09-19,2025-06-01,school,2025,32,Red Clay Consolidated School District,286,Calloway (Cab) School of the Arts,2025-03-01,113,6
2026-09-19,2025-06-01,school,2025,32,Red Clay Consolidated School District,286,Calloway (Cab) School of the Arts,2025-04-01,113,6
2026-09-19,2025-06-01,school,2025,32,Red Clay Consolidated School District,286,Calloway (Cab) School of the Arts,2025-05-01,113,1
2026-09-19,2025-06-01,school,2025,32,Red Clay Consolidated School District,286,Calloway (Cab) School of the Arts,2025-06-01,113,1
2026-09-19,2025-06-01,school,2025,32,Red Clay Consolidated School District,284,Conrad Schools of Science,2024-11-01,162,8
2026-09-19,2025-06-01,school,2025,32,Red Clay Consolidated School District,284,Conrad Schools of Science,2024-12-01,162,25
2026-09-19,2025-06-01,school,2025,32,Red Clay Consolidated School District,284,Conrad Schools of Science,2025-01-01,162,30
2026-09-19,2025-06-01,school,2025,32,Red Clay Consolidated School District,284,Conrad Schools of Science,2025-02-01,162,18
2026-09-19,2025-06-01,school,2025,32,Red Clay Consolidated School District,284,Conrad Schools of Science,2025-03-01,162,16
2026-09-19,2025-06-01,school,2025,32,Red Clay Consolidated School District,284,Conrad Schools of Science,2025-04-01,162,9
2026-09-19,2025-06-01,school,2025,32,Red Clay Consolidated School District,284,Conrad Schools of Science,2025-05-01,162,4
2026-09-19,2025-06-01,school,2025,32,Red Clay Consolidated School District,284,Conrad Schools of Science,2025-06-01,162,7
2026-09-19,2025-06-01,school,2025,32,Red Clay Consolidated School District,284,Conrad Schools of Science,2025-07-01,162,1
2026-09-19,2025-06-01,school,2025,32,Red Clay Consolidated School District,290,Dickinson (John) School,2024-11-01,204,3
2026-09-19,2025-06-01,school,2025,32,Red Clay Consolidated School District,290,Dickinson (John) School,2024-12-01,204,11
2026-09-19,2025-06-01,school,2025,32,Red Clay Consolidated School District,290,Dickinson (John) School,2025-01-01,204,13
2026-09-19,2025-06-01,school,2025,32,Red Clay Consolidated School District,290,Dickinson (John) School,2025-02-01,204,8
2026-09-19,2025-06-01,school,2025,32,Red Clay Consolidated School District,290,Dickinson (John) School,2025-03-01,204,6
2026-09-19,2025-06-01,school,2025,32,Red Clay Consolidated School District,290,Dickinson (John) School,2025-04-01,204,6
2026-09-19,2025-06-01,school,2025,32,Red Clay Consolidated School District,290,Dickinson (John) School,2025-05-01,204,4
2026-09-19,2025-06-01,school,2025,32,Red Clay Consolidated School District,290,Dickinson (John) School,2025-06-01,204,7
2026-09-19,2025-06-01,school,2025,32,Red Clay Consolidated School District,290,Dickinson (John) School,2025-07-01,204,1
2026-09-19,2025-06-01,school,2025,32,Red Clay Consolidated School District,292,duPont (Alexis I.) High School,2024-11-01,158,2
2026-09-19,2025-06-01,school,2025,32,Red Clay Consolidated School District,292,duPont (Alexis I.) High School,2024-12-01,158,6
2026-09-19,2025-06-01,school,2025,32,Red Clay Consolidated School District,292,duPont (Alexis I.) High School,2025-01-01,158,8
2026-09-19,2025-06-01,school,2025,32,Red Clay Consolidated School District,292,duPont (Alexis I.) High School,2025-02-01,158,9
2026-09-19,2025-06-01,school,2025,32,Red Clay Consolidated School District,292,duPont (Alexis I.) High School,2025-03-01,158,7
2026-09-19,2025-06-01,school,2025,32,Red Clay Consolidated School District,292,duPont (Alexis I.) High School,2025-04-01,158,1
2026-09-19,2025-06-01,school,2025,32,Red Clay Consolidated School District,292,duPont (Alexis I.) High School,2025-05-01,158,5
2026-09-19,2025-06-01,school,2025,32,Red Clay Consolidated School District,292,duPont (Alexis I.) High School,2025-06-01,158,4
2026-09-19,2025-06-01,school,2025,32,Red Clay Consolidated School District,294,McKean (Thomas) High School,2024-10-01,272,2
2026-09-19,2025-06-01,school,2025,32,Red Clay Consolidated School District,294,McKean (Thomas) High School,2024-11-01,272,4
2026-09-19,2025-06-01,school,2025,32,Red Clay Consolidated School District,294,McKean (Thomas) High School,2024-12-01,272,8
2026-09-19,2025-06-01,school,2025,32,Red Clay Consolidated School District,294,McKean (Thomas) High School,2025-01-01,272,7
2026-09-19,2025-06-01,school,2025,32,Red Clay Consolidated School District,294,McKean (Thomas) High School,2025-02-01,272,9
2026-09-19,2025-06-01,school,2025,32,Red Clay Consolidated School District,294,McKean (Thomas) High School,2025-03-01,272,15
2026-09-19,2025-06-01,school,2025,32,Red Clay Consolidated School District,294,McKean (Thomas) High School,2025-04-01,272,6
2026-09-19,2025-06-01,school,2025,32,Red Clay Consolidated School District,294,McKean (Thomas) High School,2025-05-01,272,6
2026-09-19,2025-06-01,school,2025,32,Red Clay Consolidated School District,294,McKean (Thomas) High School,2025-06-01,272,5
2026-09-19,2025-06-01,school,2025,32,Red Clay Consolidated School District,294,McKean (Thomas) High School,2025-07-01,272,1
2026-09-19,2025-06-01,school,2025,32,Red Clay Consolidated School District,516,Meadowood Program,NULL,53,0
2026-09-19,2025-06-01,school,2025,23,Seaford School District,766,Seaford Senior High School,2024-11-01,233,2
2026-09-19,2025-06-01,school,2025,23,Seaford School District,766,Seaford Senior High School,2024-12-01,233,12
2026-09-19,2025-06-01,school,2025,23,Seaford School District,766,Seaford Senior High School,2025-01-01,233,8
2026-09-19,2025-06-01,school,2025,23,Seaford School District,766,Seaford Senior High School,2025-02-01,233,5
2026-09-19,2025-06-01,school,2025,23,Seaford School District,766,Seaford Senior High School,2025-03-01,233,12
2026-09-19,2025-06-01,school,2025,23,Seaford School District,766,Seaford Senior High School,2025-04-01,233,10
2026-09-19,2025-06-01,school,2025,23,Seaford School District,766,Seaford Senior High School,2025-05-01,233,4
2026-09-19,2025-06-01,school,2025,23,Seaford School District,766,Seaford Senior High School,2025-06-01,233,2
2026-09-19,2025-06-01,school,2025,24,Smyrna School District,688,Smyrna High School,2024-11-01,454,12
2026-09-19,2025-06-01,school,2025,24,Smyrna School District,688,Smyrna High School,2024-12-01,454,54
2026-09-19,2025-06-01,school,2025,24,Smyrna School District,688,Smyrna High School,2025-01-01,454,34
2026-09-19,2025-06-01,school,2025,24,Smyrna School District,688,Smyrna High School,2025-02-01,454,24
2026-09-19,2025-06-01,school,2025,24,Smyrna School District,688,Smyrna High School,2025-03-01,454,40
2026-09-19,2025-06-01,school,2025,24,Smyrna School District,688,Smyrna High School,2025-04-01,454,35
2026-09-19,2025-06-01,school,2025,24,Smyrna School District,688,Smyrna High School,2025-05-01,454,16
2026-09-19,2025-06-01,school,2025,24,Smyrna School District,688,Smyrna High School,2025-06-01,454,13
2026-09-19,2025-06-01,school,2025,24,Smyrna School District,688,Smyrna High School,2025-07-01,454,1
2026-09-19,2025-06-01,school,2025,77,Sussex Academy,576,Sussex Academy,2024-10-01,112,2
2026-09-19,2025-06-01,school,2025,77,Sussex Academy,576,Sussex Academy,2024-11-01,112,15
2026-09-19,2025-06-01,school,2025,77,Sussex Academy,576,Sussex Academy,2024-12-01,112,31
2026-09-19,2025-06-01,school,2025,77,Sussex Academy,576,Sussex Academy,2025-01-01,112,18
2026-09-19,2025-06-01,school,2025,77,Sussex Academy,576,Sussex Academy,2025-02-01,112,9
2026-09-19,2025-06-01,school,2025,77,Sussex Academy,576,Sussex Academy,2025-03-01,112,6
2026-09-19,2025-06-01,school,2025,77,Sussex Academy,576,Sussex Academy,2025-04-01,112,4
2026-09-19,2025-06-01,school,2025,77,Sussex Academy,576,Sussex Academy,2025-05-01,112,2
2026-09-19,2025-06-01,school,2025,77,Sussex Academy,576,Sussex Academy,2025-06-01,112,1
2026-09-19,2025-06-01,school,2025,40,Sussex Technical School District,770,Sussex Technical High School,2024-12-01,323,44
2026-09-19,2025-06-01,school,2025,40,Sussex Technical School District,770,Sussex Technical High School,2025-01-01,323,37
2026-09-19,2025-06-01,school,2025,40,Sussex Technical School District,770,Sussex Technical High School,2025-02-01,323,17
2026-09-19,2025-06-01,school,2025,40,Sussex Technical School District,770,Sussex Technical High School,2025-03-01,323,30
2026-09-19,2025-06-01,school,2025,40,Sussex Technical School District,770,Sussex Technical High School,2025-04-01,323,19
2026-09-19,2025-06-01,school,2025,40,Sussex Technical School District,770,Sussex Technical High School,2025-05-01,323,8
2026-09-19,2025-06-01,school,2025,40,Sussex Technical School District,770,Sussex Technical High School,2025-06-01,323,13
2026-09-19,2025-06-01,school,2025,35,Woodbridge School District,780,Woodbridge High School,2024-11-01,165,3
2026-09-19,2025-06-01,school,2025,35,Woodbridge School District,780,Woodbridge High School,2024-12-01,165,13
2026-09-19,2025-06-01,school,2025,35,Woodbridge School District,780,Woodbridge High School,2025-01-01,165,11
2026-09-19,2025-06-01,school,2025,35,Woodbridge School District,780,Woodbridge High School,2025-02-01,165,6
2026-09-19,2025-06-01,school,2025,35,Woodbridge School District,780,Woodbridge High School,2025-03-01,165,9
2026-09-19,2025-06-01,school,2025,35,Woodbridge School District,780,Woodbridge High School,2025-04-01,165,7
2026-09-19,2025-06-01,school,2025,35,Woodbridge School District,780,Woodbridge High School,2025-05-01,165,7
2026-09-19,2025-06-01,school,2025,35,Woodbridge School District,780,Woodbridge High School,2025-06-01,165,5
2026-09-19,2025-06-01,lea,2025,29,Appoquinimink School District,All Schools,All Schools,2024-10-01,1026,1
2026-09-19,2025-06-01,lea,2025,29,Appoquinimink School District,All Schools,All Schools,2024-11-01,1026,70
2026-09-19,2025-06-01,lea,2025,29,Appoquinimink School District,All Schools,All Schools,2024-12-01,1026,201
2026-09-19,2025-06-01,lea,2025,29,Appoquinimink School District,All Schools,All Schools,2025-01-01,1026,127
2026-09-19,2025-06-01,lea,2025,29,Appoquinimink School District,All Schools,All Schools,2025-02-01,1026,85
2026-09-19,2025-06-01,lea,2025,29,Appoquinimink School District,All Schools,All Schools,2025-03-01,1026,86
2026-09-19,2025-06-01,lea,2025,29,Appoquinimink School District,All Schools,All Schools,2025-04-01,1026,45
2026-09-19,2025-06-01,lea,2025,29,Appoquinimink School District,All Schools,All Schools,2025-05-01,1026,35
2026-09-19,2025-06-01,lea,2025,29,Appoquinimink School District,All Schools,All Schools,2025-06-01,1026,20
2026-09-19,2025-06-01,lea,2025,69,ASPIRA Delaware,All Schools,All Schools,2024-10-01,81,2
2026-09-19,2025-06-01,lea,2025,69,ASPIRA Delaware,All Schools,All Schools,2024-11-01,81,2
2026-09-19,2025-06-01,lea,2025,69,ASPIRA Delaware,All Schools,All Schools,2024-12-01,81,5
2026-09-19,2025-06-01,lea,2025,69,ASPIRA Delaware,All Schools,All Schools,2025-01-01,81,7
2026-09-19,2025-06-01,lea,2025,69,ASPIRA Delaware,All Schools,All Schools,2025-02-01,81,4
2026-09-19,2025-06-01,lea,2025,69,ASPIRA Delaware,All Schools,All Schools,2025-03-01,81,8
2026-09-19,2025-06-01,lea,2025,69,ASPIRA Delaware,All Schools,All Schools,2025-04-01,81,2
2026-09-19,2025-06-01,lea,2025,69,ASPIRA Delaware,All Schools,All Schools,2025-05-01,81,6
2026-09-19,2025-06-01,lea,2025,69,ASPIRA Delaware,All Schools,All Schools,2025-06-01,81,1
2026-09-19,2025-06-01,lea,2025,31,Brandywine School District,All Schools,All Schools,2024-10-01,800,3
2026-09-19,2025-06-01,lea,2025,31,Brandywine School District,All Schools,All Schools,2024-11-01,800,30
2026-09-19,2025-06-01,lea,2025,31,Brandywine School District,All Schools,All Schools,2024-12-01,800,91
2026-09-19,2025-06-01,lea,2025,31,Brandywine School District,All Schools,All Schools,2025-01-01,800,95
2026-09-19,2025-06-01,lea,2025,31,Brandywine School District,All Schools,All Schools,2025-02-01,800,53
2026-09-19,2025-06-01,lea,2025,31,Brandywine School District,All Schools,All Schools,2025-03-01,800,44
2026-09-19,2025-06-01,lea,2025,31,Brandywine School District,All Schools,All Schools,2025-04-01,800,32
2026-09-19,2025-06-01,lea,2025,31,Brandywine School District,All Schools,All Schools,2025-05-01,800,33
2026-09-19,2025-06-01,lea,2025,31,Brandywine School District,All Schools,All Schools,2025-06-01,800,15
2026-09-19,2025-06-01,lea,2025,10,Caesar Rodney School District,All Schools,All Schools,2024-11-01,613,25
2026-09-19,2025-06-01,lea,2025,10,Caesar Rodney School District,All Schools,All Schools,2024-12-01,613,95
2026-09-19,2025-06-01,lea,2025,10,Caesar Rodney School District,All Schools,All Schools,2025-01-01,613,54
2026-09-19,2025-06-01,lea,2025,10,Caesar Rodney School District,All Schools,All Schools,2025-02-01,613,40
2026-09-19,2025-06-01,lea,2025,10,Caesar Rodney School District,All Schools,All Schools,2025-03-01,613,43
2026-09-19,2025-06-01,lea,2025,10,Caesar Rodney School District,All Schools,All Schools,2025-04-01,613,30
2026-09-19,2025-06-01,lea,2025,10,Caesar Rodney School District,All Schools,All Schools,2025-05-01,613,9
2026-09-19,2025-06-01,lea,2025,10,Caesar Rodney School District,All Schools,All Schools,2025-06-01,613,20
2026-09-19,2025-06-01,lea,2025,10,Caesar Rodney School District,All Schools,All Schools,2025-07-01,613,1
2026-09-19,2025-06-01,lea,2025,17,Cape Henlopen School District,All Schools,All Schools,2024-11-01,491,17
2026-09-19,2025-06-01,lea,2025,17,Cape Henlopen School District,All Schools,All Schools,2024-12-01,491,67
2026-09-19,2025-06-01,lea,2025,17,Cape Henlopen School District,All Schools,All Schools,2025-01-01,491,63
2026-09-19,2025-06-01,lea,2025,17,Cape Henlopen School District,All Schools,All Schools,2025-02-01,491,29
2026-09-19,2025-06-01,lea,2025,17,Cape Henlopen School District,All Schools,All Schools,2025-03-01,491,28
2026-09-19,2025-06-01,lea,2025,17,Cape Henlopen School District,All Schools,All Schools,2025-04-01,491,20
2026-09-19,2025-06-01,lea,2025,17,Cape Henlopen School District,All Schools,All Schools,2025-05-01,491,13
2026-09-19,2025-06-01,lea,2025,17,Cape Henlopen School District,All Schools,All Schools,2025-06-01,491,14
2026-09-19,2025-06-01,lea,2025,17,Cape Henlopen School District,All Schools,All Schools,2025-07-01,491,1
2026-09-19,2025-06-01,lea,2025,13,Capital School District,All Schools,All Schools,2024-10-01,529,1
2026-09-19,2025-06-01,lea,2025,13,Capital School District,All Schools,All Schools,2024-11-01,529,17
2026-09-19,2025-06-01,lea,2025,13,Capital School District,All Schools,All Schools,2024-12-01,529,27
2026-09-19,2025-06-01,lea,2025,13,Capital School District,All Schools,All Schools,2025-01-01,529,35
2026-09-19,2025-06-01,lea,2025,13,Capital School District,All Schools,All Schools,2025-02-01,529,28
2026-09-19,2025-06-01,lea,2025,13,Capital School District,All Schools,All Schools,2025-03-01,529,31
2026-09-19,2025-06-01,lea,2025,13,Capital School District,All Schools,All Schools,2025-04-01,529,20
2026-09-19,2025-06-01,lea,2025,13,Capital School District,All Schools,All Schools,2025-05-01,529,17
2026-09-19,2025-06-01,lea,2025,13,Capital School District,All Schools,All Schools,2025-06-01,529,17
2026-09-19,2025-06-01,lea,2025,13,Capital School District,All Schools,All Schools,2025-07-01,529,1
2026-09-19,2025-06-01,lea,2025,70,Charter School of Wilmington,All Schools,All Schools,2024-11-01,237,44
2026-09-19,2025-06-01,lea,2025,70,Charter School of Wilmington,All Schools,All Schools,2024-12-01,237,65
2026-09-19,2025-06-01,lea,2025,70,Charter School of Wilmington,All Schools,All Schools,2025-01-01,237,43
2026-09-19,2025-06-01,lea,2025,70,Charter School of Wilmington,All Schools,All Schools,2025-02-01,237,25
2026-09-19,2025-06-01,lea,2025,70,Charter School of Wilmington,All Schools,All Schools,2025-03-01,237,5
2026-09-19,2025-06-01,lea,2025,70,Charter School of Wilmington,All Schools,All Schools,2025-04-01,237,9
2026-09-19,2025-06-01,lea,2025,70,Charter School of Wilmington,All Schools,All Schools,2025-05-01,237,1
2026-09-19,2025-06-01,lea,2025,70,Charter School of Wilmington,All Schools,All Schools,2025-06-01,237,4
2026-09-19,2025-06-01,lea,2025,33,Christina School District,All Schools,All Schools,2024-11-01,941,24
2026-09-19,2025-06-01,lea,2025,33,Christina School District,All Schools,All Schools,2024-12-01,941,54
2026-09-19,2025-06-01,lea,2025,33,Christina School District,All Schools,All Schools,2025-01-01,941,49
2026-09-19,2025-06-01,lea,2025,33,Christina School District,All Schools,All Schools,2025-02-01,941,34
2026-09-19,2025-06-01,lea,2025,33,Christina School District,All Schools,All Schools,2025-03-01,941,63
2026-09-19,2025-06-01,lea,2025,33,Christina School District,All Schools,All Schools,2025-04-01,941,48
2026-09-19,2025-06-01,lea,2025,33,Christina School District,All Schools,All Schools,2025-05-01,941,23
2026-09-19,2025-06-01,lea,2025,33,Christina School District,All Schools,All Schools,2025-06-01,941,24
2026-09-19,2025-06-01,lea,2025,34,Colonial School District,All Schools,All Schools,2024-11-01,543,11
2026-09-19,2025-06-01,lea,2025,34,Colonial School District,All Schools,All Schools,2024-12-01,543,33
2026-09-19,2025-06-01,lea,2025,34,Colonial School District,All Schools,All Schools,2025-01-01,543,23
2026-09-19,2025-06-01,lea,2025,34,Colonial School District,All Schools,All Schools,2025-02-01,543,14
2026-09-19,2025-06-01,lea,2025,34,Colonial School District,All Schools,All Schools,2025-03-01,543,26
2026-09-19,2025-06-01,lea,2025,34,Colonial School District,All Schools,All Schools,2025-04-01,543,22
2026-09-19,2025-06-01,lea,2025,34,Colonial School District,All Schools,All Schools,2025-05-01,543,18
2026-09-19,2025-06-01,lea,2025,34,Colonial School District,All Schools,All Schools,2025-06-01,543,16
2026-09-19,2025-06-01,lea,2025,34,Colonial School District,All Schools,All Schools,2025-07-01,543,1
2026-09-19,2025-06-01,lea,2025,79,Delaware Military Academy,All Schools,All Schools,2024-11-01,130,8
2026-09-19,2025-06-01,lea,2025,79,Delaware Military Academy,All Schools,All Schools,2024-12-01,130,28
2026-09-19,2025-06-01,lea,2025,79,Delaware Military Academy,All Schools,All Schools,2025-01-01,130,19
2026-09-19,2025-06-01,lea,2025,79,Delaware Military Academy,All Schools,All Schools,2025-02-01,130,10
2026-09-19,2025-06-01,lea,2025,79,Delaware Military Academy,All Schools,All Schools,2025-03-01,130,15
2026-09-19,2025-06-01,lea,2025,79,Delaware Military Academy,All Schools,All Schools,2025-04-01,130,6
2026-09-19,2025-06-01,lea,2025,79,Delaware Military Academy,All Schools,All Schools,2025-05-01,130,1
2026-09-19,2025-06-01,lea,2025,79,Delaware Military Academy,All Schools,All Schools,2025-06-01,130,1
2026-09-19,2025-06-01,lea,2025,37,Delmar School District,All Schools,All Schools,2024-11-01,180,1
2026-09-19,2025-06-01,lea,2025,37,Delmar School District,All Schools,All Schools,2024-12-01,180,10
2026-09-19,2025-06-01,lea,2025,37,Delmar School District,All Schools,All Schools,2025-01-01,180,13
2026-09-19,2025-06-01,lea,2025,37,Delmar School District,All Schools,All Schools,2025-02-01,180,8
2026-09-19,2025-06-01,lea,2025,37,Delmar School District,All Schools,All Schools,2025-03-01,180,7
2026-09-19,2025-06-01,lea,2025,37,Delmar School District,All Schools,All Schools,2025-04-01,180,5
2026-09-19,2025-06-01,lea,2025,37,Delmar School District,All Schools,All Schools,2025-05-01,180,2
2026-09-19,2025-06-01,lea,2025,37,Delmar School District,All Schools,All Schools,2025-06-01,180,5
2026-09-19,2025-06-01,lea,2025,97,Dept. of Svs. for Children Youth & Their Families,All Schools,All Schools,2025-03-01,6,1
2026-09-19,2025-06-01,lea,2025,9604,Early College High School at Del State,All Schools,All Schools,2024-11-01,71,4
2026-09-19,2025-06-01,lea,2025,9604,Early College High School at Del State,All Schools,All Schools,2024-12-01,71,13
2026-09-19,2025-06-01,lea,2025,9604,Early College High School at Del State,All Schools,All Schools,2025-01-01,71,5
2026-09-19,2025-06-01,lea,2025,9604,Early College High School at Del State,All Schools,All Schools,2025-02-01,71,8
2026-09-19,2025-06-01,lea,2025,9604,Early College High School at Del State,All Schools,All Schools,2025-03-01,71,9
2026-09-19,2025-06-01,lea,2025,9604,Early College High School at Del State,All Schools,All Schools,2025-04-01,71,7
2026-09-19,2025-06-01,lea,2025,9604,Early College High School at Del State,All Schools,All Schools,2025-06-01,71,3
2026-09-19,2025-06-01,lea,2025,9607,First State Military Academy,All Schools,All Schools,2024-11-01,96,1
2026-09-19,2025-06-01,lea,2025,9607,First State Military Academy,All Schools,All Schools,2024-12-01,96,12
2026-09-19,2025-06-01,lea,2025,9607,First State Military Academy,All Schools,All Schools,2025-01-01,96,8
2026-09-19,2025-06-01,lea,2025,9607,First State Military Academy,All Schools,All Schools,2025-02-01,96,6
2026-09-19,2025-06-01,lea,2025,9607,First State Military Academy,All Schools,All Schools,2025-03-01,96,7
2026-09-19,2025-06-01,lea,2025,9607,First State Military Academy,All Schools,All Schools,2025-04-01,96,5
2026-09-19,2025-06-01,lea,2025,9607,First State Military Academy,All Schools,All Schools,2025-05-01,96,5
2026-09-19,2025-06-01,lea,2025,9607,First State Military Academy,All Schools,All Schools,2025-06-01,96,2
2026-09-19,2025-06-01,lea,2025,9612,Freire Charter School Wilmington,All Schools,All Schools,2024-11-01,62,1
2026-09-19,2025-06-01,lea,2025,9612,Freire Charter School Wilmington,All Schools,All Schools,2024-12-01,62,3
2026-09-19,2025-06-01,lea,2025,9612,Freire Charter School Wilmington,All Schools,All Schools,2025-01-01,62,5
2026-09-19,2025-06-01,lea,2025,9612,Freire Charter School Wilmington,All Schools,All Schools,2025-02-01,62,3
2026-09-19,2025-06-01,lea,2025,9612,Freire Charter School Wilmington,All Schools,All Schools,2025-03-01,62,6
2026-09-19,2025-06-01,lea,2025,9612,Freire Charter School Wilmington,All Schools,All Schools,2025-04-01,62,6
2026-09-19,2025-06-01,lea,2025,9612,Freire Charter School Wilmington,All Schools,All Schools,2025-05-01,62,3
2026-09-19,2025-06-01,lea,2025,9612,Freire Charter School Wilmington,All Schools,All Schools,2025-06-01,62,5
2026-09-19,2025-06-01,lea,2025,9611,Great Oaks Charter School,All Schools,All Schools,2024-12-01,41,2
2026-09-19,2025-06-01,lea,2025,9611,Great Oaks Charter School,All Schools,All Schools,2025-03-01,41,2
2026-09-19,2025-06-01,lea,2025,9611,Great Oaks Charter School,All Schools,All Schools,2025-04-01,41,2
2026-09-19,2025-06-01,lea,2025,9611,Great Oaks Charter School,All Schools,All Schools,2025-05-01,41,2
2026-09-19,2025-06-01,lea,2025,36,Indian River School District,All Schools,All Schools,2024-11-01,774,18
2026-09-19,2025-06-01,lea,2025,36,Indian River School District,All Schools,All Schools,2024-12-01,774,64
2026-09-19,2025-06-01,lea,2025,36,Indian River School District,All Schools,All Schools,2025-01-01,774,67
2026-09-19,2025-06-01,lea,2025,36,Indian River School District,All Schools,All Schools,2025-02-01,774,38
2026-09-19,2025-06-01,lea,2025,36,Indian River School District,All Schools,All Schools,2025-03-01,774,43
2026-09-19,2025-06-01,lea,2025,36,Indian River School District,All Schools,All Schools,2025-04-01,774,33
2026-09-19,2025-06-01,lea,2025,36,Indian River School District,All Schools,All Schools,2025-05-01,774,18
2026-09-19,2025-06-01,lea,2025,36,Indian River School District,All Schools,All Schools,2025-06-01,774,14
2026-09-19,2025-06-01,lea,2025,15,Lake Forest School District,All Schools,All Schools,2024-11-01,206,2
2026-09-19,2025-06-01,lea,2025,15,Lake Forest School District,All Schools,All Schools,2024-12-01,206,15
2026-09-19,2025-06-01,lea,2025,15,Lake Forest School District,All Schools,All Schools,2025-01-01,206,13
2026-09-19,2025-06-01,lea,2025,15,Lake Forest School District,All Schools,All Schools,2025-02-01,206,11
2026-09-19,2025-06-01,lea,2025,15,Lake Forest School District,All Schools,All Schools,2025-03-01,206,19
2026-09-19,2025-06-01,lea,2025,15,Lake Forest School District,All Schools,All Schools,2025-04-01,206,12
2026-09-19,2025-06-01,lea,2025,15,Lake Forest School District,All Schools,All Schools,2025-05-01,206,8
2026-09-19,2025-06-01,lea,2025,15,Lake Forest School District,All Schools,All Schools,2025-06-01,206,8
2026-09-19,2025-06-01,lea,2025,16,Laurel School District,All Schools,All Schools,2024-11-01,174,4
2026-09-19,2025-06-01,lea,2025,16,Laurel School District,All Schools,All Schools,2024-12-01,174,8
2026-09-19,2025-06-01,lea,2025,16,Laurel School District,All Schools,All Schools,2025-01-01,174,13
2026-09-19,2025-06-01,lea,2025,16,Laurel School District,All Schools,All Schools,2025-02-01,174,12
2026-09-19,2025-06-01,lea,2025,16,Laurel School District,All Schools,All Schools,2025-03-01,174,7
2026-09-19,2025-06-01,lea,2025,16,Laurel School District,All Schools,All Schools,2025-04-01,174,9
2026-09-19,2025-06-01,lea,2025,16,Laurel School District,All Schools,All Schools,2025-05-01,174,3
2026-09-19,2025-06-01,lea,2025,16,Laurel School District,All Schools,All Schools,2025-06-01,174,5
2026-09-19,2025-06-01,lea,2025,18,Milford School District,All Schools,All Schools,2024-10-01,265,1
2026-09-19,2025-06-01,lea,2025,18,Milford School District,All Schools,All Schools,2024-11-01,265,6
2026-09-19,2025-06-01,lea,2025,18,Milford School District,All Schools,All Schools,2024-12-01,265,22
2026-09-19,2025-06-01,lea,2025,18,Milford School District,All Schools,All Schools,2025-01-01,265,23
2026-09-19,2025-06-01,lea,2025,18,Milford School District,All Schools,All Schools,2025-02-01,265,14
2026-09-19,2025-06-01,lea,2025,18,Milford School District,All Schools,All Schools,2025-03-01,265,18
2026-09-19,2025-06-01,lea,2025,18,Milford School District,All Schools,All Schools,2025-04-01,265,14
2026-09-19,2025-06-01,lea,2025,18,Milford School District,All Schools,All Schools,2025-05-01,265,2
2026-09-19,2025-06-01,lea,2025,18,Milford School District,All Schools,All Schools,2025-06-01,265,8
2026-09-19,2025-06-01,lea,2025,18,Milford School District,All Schools,All Schools,2025-07-01,265,1
2026-09-19,2025-06-01,lea,2025,88,MOT Charter School,All Schools,All Schools,2024-11-01,167,4
2026-09-19,2025-06-01,lea,2025,88,MOT Charter School,All Schools,All Schools,2024-12-01,167,36
2026-09-19,2025-06-01,lea,2025,88,MOT Charter School,All Schools,All Schools,2025-01-01,167,39
2026-09-19,2025-06-01,lea,2025,88,MOT Charter School,All Schools,All Schools,2025-02-01,167,14
2026-09-19,2025-06-01,lea,2025,88,MOT Charter School,All Schools,All Schools,2025-03-01,167,11
2026-09-19,2025-06-01,lea,2025,88,MOT Charter School,All Schools,All Schools,2025-04-01,167,12
2026-09-19,2025-06-01,lea,2025,88,MOT Charter School,All Schools,All Schools,2025-05-01,167,5
2026-09-19,2025-06-01,lea,2025,88,MOT Charter School,All Schools,All Schools,2025-06-01,167,5
2026-09-19,2025-06-01,lea,2025,88,MOT Charter School,All Schools,All Schools,2025-07-01,167,1
2026-09-19,2025-06-01,lea,2025,38,New Castle County Vocational-Technical School District,All Schools,All Schools,2024-10-01,1124,6
2026-09-19,2025-06-01,lea,2025,38,New Castle County Vocational-Technical School District,All Schools,All Schools,2024-11-01,1124,37
2026-09-19,2025-06-01,lea,2025,38,New Castle County Vocational-Technical School District,All Schools,All Schools,2024-12-01,1124,126
2026-09-19,2025-06-01,lea,2025,38,New Castle County Vocational-Technical School District,All Schools,All Schools,2025-01-01,1124,96
2026-09-19,2025-06-01,lea,2025,38,New Castle County Vocational-Technical School District,All Schools,All Schools,2025-02-01,1124,76
2026-09-19,2025-06-01,lea,2025,38,New Castle County Vocational-Technical School District,All Schools,All Schools,2025-03-01,1124,91
2026-09-19,2025-06-01,lea,2025,38,New Castle County Vocational-Technical School District,All Schools,All Schools,2025-04-01,1124,52
2026-09-19,2025-06-01,lea,2025,38,New Castle County Vocational-Technical School District,All Schools,All Schools,2025-05-01,1124,37
2026-09-19,2025-06-01,lea,2025,38,New Castle County Vocational-Technical School District,All Schools,All Schools,2025-06-01,1124,20
2026-09-19,2025-06-01,lea,2025,89,Newark Charter School,All Schools,All Schools,2024-11-01,190,24
2026-09-19,2025-06-01,lea,2025,89,Newark Charter School,All Schools,All Schools,2024-12-01,190,72
2026-09-19,2025-06-01,lea,2025,89,Newark Charter School,All Schools,All Schools,2025-01-01,190,27
2026-09-19,2025-06-01,lea,2025,89,Newark Charter School,All Schools,All Schools,2025-02-01,190,10
2026-09-19,2025-06-01,lea,2025,89,Newark Charter School,All Schools,All Schools,2025-03-01,190,5
2026-09-19,2025-06-01,lea,2025,89,Newark Charter School,All Schools,All Schools,2025-04-01,190,7
2026-09-19,2025-06-01,lea,2025,89,Newark Charter School,All Schools,All Schools,2025-05-01,190,4
2026-09-19,2025-06-01,lea,2025,89,Newark Charter School,All Schools,All Schools,2025-06-01,190,4
2026-09-19,2025-06-01,lea,2025,89,Newark Charter School,All Schools,All Schools,2025-07-01,190,1
2026-09-19,2025-06-01,lea,2025,86,Odyssey Charter School,All Schools,All Schools,2024-11-01,76,3
2026-09-19,2025-06-01,lea,2025,86,Odyssey Charter School,All Schools,All Schools,2024-12-01,76,16
2026-09-19,2025-06-01,lea,2025,86,Odyssey Charter School,All Schools,All Schools,2025-01-01,76,9
2026-09-19,2025-06-01,lea,2025,86,Odyssey Charter School,All Schools,All Schools,2025-02-01,76,7
2026-09-19,2025-06-01,lea,2025,86,Odyssey Charter School,All Schools,All Schools,2025-03-01,76,9
2026-09-19,2025-06-01,lea,2025,86,Odyssey Charter School,All Schools,All Schools,2025-04-01,76,2
2026-09-19,2025-06-01,lea,2025,86,Odyssey Charter School,All Schools,All Schools,2025-05-01,76,2
2026-09-19,2025-06-01,lea,2025,86,Odyssey Charter School,All Schools,All Schools,2025-06-01,76,2
2026-09-19,2025-06-01,lea,2025,39,POLYTECH School District,All Schools,All Schools,2024-10-01,285,1
2026-09-19,2025-06-01,lea,2025,39,POLYTECH School District,All Schools,All Schools,2024-11-01,285,17
2026-09-19,2025-06-01,lea,2025,39,POLYTECH School District,All Schools,All Schools,2024-12-01,285,46
2026-09-19,2025-06-01,lea,2025,39,POLYTECH School District,All Schools,All Schools,2025-01-01,285,31
2026-09-19,2025-06-01,lea,2025,39,POLYTECH School District,All Schools,All Schools,2025-02-01,285,14
2026-09-19,2025-06-01,lea,2025,39,POLYTECH School District,All Schools,All Schools,2025-03-01,285,20
2026-09-19,2025-06-01,lea,2025,39,POLYTECH School District,All Schools,All Schools,2025-04-01,285,19
2026-09-19,2025-06-01,lea,2025,39,POLYTECH School District,All Schools,All Schools,2025-05-01,285,13
2026-09-19,2025-06-01,lea,2025,39,POLYTECH School District,All Schools,All Schools,2025-06-01,285,4
2026-09-19,2025-06-01,lea,2025,71,Positive Outcomes Charter School,All Schools,All Schools,2024-12-01,24,1
2026-09-19,2025-06-01,lea,2025,71,Positive Outcomes Charter School,All Schools,All Schools,2025-01-01,24,1
2026-09-19,2025-06-01,lea,2025,71,Positive Outcomes Charter School,All Schools,All Schools,2025-02-01,24,1
2026-09-19,2025-06-01,lea,2025,71,Positive Outcomes Charter School,All Schools,All Schools,2025-03-01,24,3
2026-09-19,2025-06-01,lea,2025,71,Positive Outcomes Charter School,All Schools,All Schools,2025-04-01,24,2
2026-09-19,2025-06-01,lea,2025,32,Red Clay Consolidated School District,All Schools,All Schools,2024-10-01,962,2
2026-09-19,2025-06-01,lea,2025,32,Red Clay Consolidated School District,All Schools,All Schools,2024-11-01,962,40
2026-09-19,2025-06-01,lea,2025,32,Red Clay Consolidated School District,All Schools,All Schools,2024-12-01,962,78
2026-09-19,2025-06-01,lea,2025,32,Red Clay Consolidated School District,All Schools,All Schools,2025-01-01,962,75
2026-09-19,2025-06-01,lea,2025,32,Red Clay Consolidated School District,All Schools,All Schools,2025-02-01,962,54
2026-09-19,2025-06-01,lea,2025,32,Red Clay Consolidated School District,All Schools,All Schools,2025-03-01,962,50
2026-09-19,2025-06-01,lea,2025,32,Red Clay Consolidated School District,All Schools,All Schools,2025-04-01,962,28
2026-09-19,2025-06-01,lea,2025,32,Red Clay Consolidated School District,All Schools,All Schools,2025-05-01,962,20
2026-09-19,2025-06-01,lea,2025,32,Red Clay Consolidated School District,All Schools,All Schools,2025-06-01,962,24
2026-09-19,2025-06-01,lea,2025,32,Red Clay Consolidated School District,All Schools,All Schools,2025-07-01,962,3
2026-09-19,2025-06-01,lea,2025,23,Seaford School District,All Schools,All Schools,2024-11-01,233,2
2026-09-19,2025-06-01,lea,2025,23,Seaford School District,All Schools,All Schools,2024-12-01,233,12
2026-09-19,2025-06-01,lea,2025,23,Seaford School District,All Schools,All Schools,2025-01-01,233,8
2026-09-19,2025-06-01,lea,2025,23,Seaford School District,All Schools,All Schools,2025-02-01,233,5
2026-09-19,2025-06-01,lea,2025,23,Seaford School District,All Schools,All Schools,2025-03-01,233,12
2026-09-19,2025-06-01,lea,2025,23,Seaford School District,All Schools,All Schools,2025-04-01,233,10
2026-09-19,2025-06-01,lea,2025,23,Seaford School District,All Schools,All Schools,2025-05-01,233,4
2026-09-19,2025-06-01,lea,2025,23,Seaford School District,All Schools,All Schools,2025-06-01,233,2
2026-09-19,2025-06-01,lea,2025,24,Smyrna School District,All Schools,All Schools,2024-11-01,454,12
2026-09-19,2025-06-01,lea,2025,24,Smyrna School District,All Schools,All Schools,2024-12-01,454,54
2026-09-19,2025-06-01,lea,2025,24,Smyrna School District,All Schools,All Schools,2025-01-01,454,34
2026-09-19,2025-06-01,lea,2025,24,Smyrna School District,All Schools,All Schools,2025-02-01,454,24
2026-09-19,2025-06-01,lea,2025,24,Smyrna School District,All Schools,All Schools,2025-03-01,454,40
2026-09-19,2025-06-01,lea,2025,24,Smyrna School District,All Schools,All Schools,2025-04-01,454,35
2026-09-19,2025-06-01,lea,2025,24,Smyrna School District,All Schools,All Schools,2025-05-01,454,16
2026-09-19,2025-06-01,lea,2025,24,Smyrna School District,All Schools,All Schools,2025-06-01,454,13
2026-09-19,2025-06-01,lea,2025,24,Smyrna School District,All Schools,All Schools,2025-07-01,454,1
2026-09-19,2025-06-01,lea,2025,77,Sussex Academy,All Schools,All Schools,2024-10-01,112,2
2026-09-19,2025-06-01,lea,2025,77,Sussex Academy,All Schools,All Schools,2024-11-01,112,15
2026-09-19,2025-06-01,lea,2025,77,Sussex Academy,All Schools,All Schools,2024-12-01,112,31
2026-09-19,2025-06-01,lea,2025,77,Sussex Academy,All Schools,All Schools,2025-01-01,112,18
2026-09-19,2025-06-01,lea,2025,77,Sussex Academy,All Schools,All Schools,2025-02-01,112,9
2026-09-19,2025-06-01,lea,2025,77,Sussex Academy,All Schools,All Schools,2025-03-01,112,6
2026-09-19,2025-06-01,lea,2025,77,Sussex Academy,All Schools,All Schools,2025-04-01,112,4
2026-09-19,2025-06-01,lea,2025,77,Sussex Academy,All Schools,All Schools,2025-05-01,112,2
2026-09-19,2025-06-01,lea,2025,77,Sussex Academy,All Schools,All Schools,2025-06-01,112,1
2026-09-19,2025-06-01,lea,2025,40,Sussex Technical School District,All Schools,All Schools,2024-12-01,323,44
2026-09-19,2025-06-01,lea,2025,40,Sussex Technical School District,All Schools,All Schools,2025-01-01,323,37
2026-09-19,2025-06-01,lea,2025,40,Sussex Technical School District,All Schools,All Schools,2025-02-01,323,17
2026-09-19,2025-06-01,lea,2025,40,Sussex Technical School District,All Schools,All Schools,2025-03-01,323,30
2026-09-19,2025-06-01,lea,2025,40,Sussex Technical School District,All Schools,All Schools,2025-04-01,323,19
2026-09-19,2025-06-01,lea,2025,40,Sussex Technical School District,All Schools,All Schools,2025-05-01,323,8
2026-09-19,2025-06-01,lea,2025,40,Sussex Technical School District,All Schools,All Schools,2025-06-01,323,13
2026-09-19,2025-06-01,lea,2025,35,Woodbridge School District,All Schools,All Schools,2024-11-01,165,3
2026-09-19,2025-06-01,lea,2025,35,Woodbridge School District,All Schools,All Schools,2024-12-01,165,13
2026-09-19,2025-06-01,lea,2025,35,Woodbridge School District,All Schools,All Schools,2025-01-01,165,11
2026-09-19,2025-06-01,lea,2025,35,Woodbridge School District,All Schools,All Schools,2025-02-01,165,6
2026-09-19,2025-06-01,lea,2025,35,Woodbridge School District,All Schools,All Schools,2025-03-01,165,9
2026-09-19,2025-06-01,lea,2025,35,Woodbridge School District,All Schools,All Schools,2025-04-01,165,7
2026-09-19,2025-06-01,lea,2025,35,Woodbridge School District,All Schools,All Schools,2025-05-01,165,7
2026-09-19,2025-06-01,lea,2025,35,Woodbridge School District,All Schools,All Schools,2025-06-01,165,5
2026-09-19,2025-06-01,state,2025,All LEAs,All LEAs,All Schools,All Schools,2024-10-01,11381,19
2026-09-19,2025-06-01,state,2025,All LEAs,All LEAs,All Schools,All Schools,2024-11-01,11381,442
2026-09-19,2025-06-01,state,2025,All LEAs,All LEAs,All Schools,All Schools,2024-12-01,11381,1344
2026-09-19,2025-06-01,state,2025,All LEAs,All LEAs,All Schools,All Schools,2025-01-01,11381,1048
2026-09-19,2025-06-01,state,2025,All LEAs,All LEAs,All Schools,All Schools,2025-02-01,11381,659
2026-09-19,2025-06-01,state,2025,All LEAs,All LEAs,All Schools,All Schools,2025-03-01,11381,754
2026-09-19,2025-06-01,state,2025,All LEAs,All LEAs,All Schools,All Schools,2025-04-01,11381,524
2026-09-19,2025-06-01,state,2025,All LEAs,All LEAs,All Schools,All Schools,2025-05-01,11381,317
2026-09-19,2025-06-01,state,2025,All LEAs,All LEAs,All Schools,All Schools,2025-06-01,11381,275
2026-09-19,2025-06-01,state,2025,All LEAs,All LEAs,All Schools,All Schools,2025-07-01,11381,11
2026-09-19,2024-06-01,school,2024,29,Appoquinimink School District,24,Appoquinimink High School,2024-01-01,366,103
2026-09-19,2024-06-01,school,2024,29,Appoquinimink School District,24,Appoquinimink High School,2024-02-01,366,32
2026-09-19,2024-06-01,school,2024,29,Appoquinimink School District,24,Appoquinimink High School,2024-03-01,366,27
2026-09-19,2024-06-01,school,2024,29,Appoquinimink School District,24,Appoquinimink High School,2024-04-01,366,33
2026-09-19,2024-06-01,school,2024,29,Appoquinimink School District,24,Appoquinimink High School,2024-05-01,366,17
2026-09-19,2024-06-01,school,2024,29,Appoquinimink School District,24,Appoquinimink High School,2024-06-01,366,12
2026-09-19,2024-06-01,school,2024,29,Appoquinimink School District,24,Appoquinimink High School,2024-07-01,366,11
2026-09-19,2024-06-01,school,2024,29,Appoquinimink School District,24,Appoquinimink High School,2024-08-01,366,10
2026-09-19,2024-06-01,school,2024,29,Appoquinimink School District,18,Middletown High School,2024-01-01,327,88
2026-09-19,2024-06-01,school,2024,29,Appoquinimink School District,18,Middletown High School,2024-02-01,327,37
2026-09-19,2024-06-01,school,2024,29,Appoquinimink School District,18,Middletown High School,2024-03-01,327,33
2026-09-19,2024-06-01,school,2024,29,Appoquinimink School District,18,Middletown High School,2024-04-01,327,24
2026-09-19,2024-06-01,school,2024,29,Appoquinimink School District,18,Middletown High School,2024-05-01,327,12
2026-09-19,2024-06-01,school,2024,29,Appoquinimink School District,18,Middletown High School,2024-06-01,327,10
2026-09-19,2024-06-01,school,2024,29,Appoquinimink School District,18,Middletown High School,2024-07-01,327,7
2026-09-19,2024-06-01,school,2024,29,Appoquinimink School District,18,Middletown High School,2024-08-01,327,3
2026-09-19,2024-06-01,school,2024,29,Appoquinimink School District,34,Odessa High School,2024-01-01,278,69
2026-09-19,2024-06-01,school,2024,29,Appoquinimink School District,34,Odessa High School,2024-02-01,278,33
2026-09-19,2024-06-01,school,2024,29,Appoquinimink School District,34,Odessa High School,2024-03-01,278,23
2026-09-19,2024-06-01,school,2024,29,Appoquinimink School District,34,Odessa High School,2024-04-01,278,22
2026-09-19,2024-06-01,school,2024,29,Appoquinimink School District,34,Odessa High School,2024-05-01,278,23
2026-09-19,2024-06-01,school,2024,29,Appoquinimink School District,34,Odessa High School,2024-06-01,278,6
2026-09-19,2024-06-01,school,2024,29,Appoquinimink School District,34,Odessa High School,2024-07-01,278,4
2026-09-19,2024-06-01,school,2024,29,Appoquinimink School District,34,Odessa High School,2024-08-01,278,4
2026-09-19,2024-06-01,school,2024,31,Brandywine School District,190,Brandywine High School,2024-01-01,241,48
2026-09-19,2024-06-01,school,2024,31,Brandywine School District,190,Brandywine High School,2024-02-01,241,28
2026-09-19,2024-06-01,school,2024,31,Brandywine School District,190,Brandywine High School,2024-03-01,241,17
2026-09-19,2024-06-01,school,2024,31,Brandywine School District,190,Brandywine High School,2024-04-01,241,12
2026-09-19,2024-06-01,school,2024,31,Brandywine School District,190,Brandywine High School,2024-05-01,241,17
2026-09-19,2024-06-01,school,2024,31,Brandywine School District,190,Brandywine High School,2024-06-01,241,4
2026-09-19,2024-06-01,school,2024,31,Brandywine School District,190,Brandywine High School,2024-07-01,241,3
2026-09-19,2024-06-01,school,2024,31,Brandywine School District,190,Brandywine High School,2024-08-01,241,3
2026-09-19,2024-06-01,school,2024,31,Brandywine School District,108,Brandywine SITE,NULL,32,0
2026-09-19,2024-06-01,school,2024,31,Brandywine School District,194,Concord High School,2024-01-01,273,76
2026-09-19,2024-06-01,school,2024,31,Brandywine School District,194,Concord High School,2024-02-01,273,33
2026-09-19,2024-06-01,school,2024,31,Brandywine School District,194,Concord High School,2024-03-01,273,18
2026-09-19,2024-06-01,school,2024,31,Brandywine School District,194,Concord High School,2024-04-01,273,14
2026-09-19,2024-06-01,school,2024,31,Brandywine School District,194,Concord High School,2024-05-01,273,11
2026-09-19,2024-06-01,school,2024,31,Brandywine School District,194,Concord High School,2024-06-01,273,4
2026-09-19,2024-06-01,school,2024,31,Brandywine School District,194,Concord High School,2024-07-01,273,5
2026-09-19,2024-06-01,school,2024,31,Brandywine School District,194,Concord High School,2024-08-01,273,4
2026-09-19,2024-06-01,school,2024,31,Brandywine School District,196,Mount Pleasant High School,2024-01-01,250,65
2026-09-19,2024-06-01,school,2024,31,Brandywine School District,196,Mount Pleasant High School,2024-02-01,250,26
2026-09-19,2024-06-01,school,2024,31,Brandywine School District,196,Mount Pleasant High School,2024-03-01,250,16
2026-09-19,2024-06-01,school,2024,31,Brandywine School District,196,Mount Pleasant High School,2024-04-01,250,14
2026-09-19,2024-06-01,school,2024,31,Brandywine School District,196,Mount Pleasant High School,2024-05-01,250,7
2026-09-19,2024-06-01,school,2024,31,Brandywine School District,196,Mount Pleasant High School,2024-06-01,250,9
2026-09-19,2024-06-01,school,2024,31,Brandywine School District,196,Mount Pleasant High School,2024-07-01,250,3
2026-09-19,2024-06-01,school,2024,31,Brandywine School District,196,Mount Pleasant High School,2024-08-01,250,4
2026-09-19,2024-06-01,school,2024,10,Caesar Rodney School District,626,Caesar Rodney High School,2024-01-01,542,105
2026-09-19,2024-06-01,school,2024,10,Caesar Rodney School District,626,Caesar Rodney High School,2024-02-01,542,56
2026-09-19,2024-06-01,school,2024,10,Caesar Rodney School District,626,Caesar Rodney High School,2024-03-01,542,64
2026-09-19,2024-06-01,school,2024,10,Caesar Rodney School District,626,Caesar Rodney High School,2024-04-01,542,23
2026-09-19,2024-06-01,school,2024,10,Caesar Rodney School District,626,Caesar Rodney High School,2024-05-01,542,25
2026-09-19,2024-06-01,school,2024,10,Caesar Rodney School District,626,Caesar Rodney High School,2024-06-01,542,22
2026-09-19,2024-06-01,school,2024,10,Caesar Rodney School District,626,Caesar Rodney High School,2024-07-01,542,17
2026-09-19,2024-06-01,school,2024,10,Caesar Rodney School District,626,Caesar Rodney High School,2024-08-01,542,12
2026-09-19,2024-06-01,school,2024,10,Caesar Rodney School District,630,John S. Charlton School,NULL,80,0
2026-09-19,2024-06-01,school,2024,17,Cape Henlopen School District,726,Cape Henlopen High School,2024-01-01,521,129
2026-09-19,2024-06-01,school,2024,17,Cape Henlopen School District,726,Cape Henlopen High School,2024-02-01,521,48
2026-09-19,2024-06-01,school,2024,17,Cape Henlopen School District,726,Cape Henlopen High School,2024-03-01,521,39
2026-09-19,2024-06-01,school,2024,17,Cape Henlopen School District,726,Cape Henlopen High School,2024-04-01,521,34
2026-09-19,2024-06-01,school,2024,17,Cape Henlopen School District,726,Cape Henlopen High School,2024-05-01,521,25
2026-09-19,2024-06-01,school,2024,17,Cape Henlopen School District,726,Cape Henlopen High School,2024-06-01,521,13
2026-09-19,2024-06-01,school,2024,17,Cape Henlopen School District,726,Cape Henlopen High School,2024-07-01,521,9
2026-09-19,2024-06-01,school,2024,17,Cape Henlopen School District,726,Cape Henlopen High School,2024-08-01,521,10
2026-09-19,2024-06-01,school,2024,17,Cape Henlopen School District,728,Sussex Consortium,NULL,15,0
2026-09-19,2024-06-01,school,2024,13,Capital School District,648,Dover High School,2024-01-01,483,68
2026-09-19,2024-06-01,school,2024,13,Capital School District,648,Dover High School,2024-02-01,483,29
2026-09-19,2024-06-01,school,2024,13,Capital School District,648,Dover High School,2024-03-01,483,43
2026-09-19,2024-06-01,school,2024,13,Capital School District,648,Dover High School,2024-04-01,483,21
2026-09-19,2024-06-01,school,2024,13,Capital School District,648,Dover High School,2024-05-01,483,23
2026-09-19,2024-06-01,school,2024,13,Capital School District,648,Dover High School,2024-06-01,483,12
2026-09-19,2024-06-01,school,2024,13,Capital School District,648,Dover High School,2024-07-01,483,9
2026-09-19,2024-06-01,school,2024,13,Capital School District,648,Dover High School,2024-08-01,483,7
2026-09-19,2024-06-01,school,2024,13,Capital School District,650,Kent County Community School,NULL,47,0
2026-09-19,2024-06-01,school,2024,70,Charter School of Wilmington,295,Charter School of Wilmington,2024-01-01,242,111
2026-09-19,2024-06-01,school,2024,70,Charter School of Wilmington,295,Charter School of Wilmington,2024-02-01,242,39
2026-09-19,2024-06-01,school,2024,70,Charter School of Wilmington,295,Charter School of Wilmington,2024-03-01,242,23
2026-09-19,2024-06-01,school,2024,70,Charter School of Wilmington,295,Charter School of Wilmington,2024-04-01,242,10
2026-09-19,2024-06-01,school,2024,70,Charter School of Wilmington,295,Charter School of Wilmington,2024-05-01,242,7
2026-09-19,2024-06-01,school,2024,70,Charter School of Wilmington,295,Charter School of Wilmington,2024-06-01,242,1
2026-09-19,2024-06-01,school,2024,70,Charter School of Wilmington,295,Charter School of Wilmington,2024-07-01,242,2
2026-09-19,2024-06-01,school,2024,33,Christina School District,538,Brennen School (The),NULL,24,0
2026-09-19,2024-06-01,school,2024,33,Christina School District,390,Christiana High School,2024-01-01,224,37
2026-09-19,2024-06-01,school,2024,33,Christina School District,390,Christiana High School,2024-02-01,224,15
2026-09-19,2024-06-01,school,2024,33,Christina School District,390,Christiana High School,2024-03-01,224,15
2026-09-19,2024-06-01,school,2024,33,Christina School District,390,Christiana High School,2024-04-01,224,9
2026-09-19,2024-06-01,school,2024,33,Christina School District,390,Christiana High School,2024-05-01,224,16
2026-09-19,2024-06-01,school,2024,33,Christina School District,390,Christiana High School,2024-06-01,224,4
2026-09-19,2024-06-01,school,2024,33,Christina School District,390,Christiana High School,2024-07-01,224,6
2026-09-19,2024-06-01,school,2024,33,Christina School District,390,Christiana High School,2024-08-01,224,3
2026-09-19,2024-06-01,school,2024,33,Christina School District,545,Christina Early Education Center,NULL,5,0
2026-09-19,2024-06-01,school,2024,33,Christina School District,540,Delaware School for the Deaf School (DSD),NULL,9,0
2026-09-19,2024-06-01,school,2024,33,Christina School District,537,Douglass School,NULL,4,0
2026-09-19,2024-06-01,school,2024,33,Christina School District,392,Glasgow High School,2024-01-01,228,14
2026-09-19,2024-06-01,school,2024,33,Christina School District,392,Glasgow High School,2024-02-01,228,13
2026-09-19,2024-06-01,school,2024,33,Christina School District,392,Glasgow High School,2024-03-01,228,6
2026-09-19,2024-06-01,school,2024,33,Christina School District,392,Glasgow High School,2024-04-01,228,5
2026-09-19,2024-06-01,school,2024,33,Christina School District,392,Glasgow High School,2024-05-01,228,11
2026-09-19,2024-06-01,school,2024,33,Christina School District,392,Glasgow High School,2024-06-01,228,7
2026-09-19,2024-06-01,school,2024,33,Christina School District,392,Glasgow High School,2024-07-01,228,7
2026-09-19,2024-06-01,school,2024,33,Christina School District,392,Glasgow High School,2024-08-01,228,5
2026-09-19,2024-06-01,school,2024,33,Christina School District,394,Newark High School,2024-01-01,262,39
2026-09-19,2024-06-01,school,2024,33,Christina School District,394,Newark High School,2024-02-01,262,15
2026-09-19,2024-06-01,school,2024,33,Christina School District,394,Newark High School,2024-03-01,262,12
2026-09-19,2024-06-01,school,2024,33,Christina School District,394,Newark High School,2024-04-01,262,12
2026-09-19,2024-06-01,school,2024,33,Christina School District,394,Newark High School,2024-05-01,262,15
2026-09-19,2024-06-01,school,2024,33,Christina School District,394,Newark High School,2024-06-01,262,6
2026-09-19,2024-06-01,school,2024,33,Christina School District,394,Newark High School,2024-07-01,262,7
2026-09-19,2024-06-01,school,2024,33,Christina School District,394,Newark High School,2024-08-01,262,3
2026-09-19,2024-06-01,school,2024,33,Christina School District,354,Pyle (Sarah) Academy,2024-01-01,90,2
2026-09-19,2024-06-01,school,2024,33,Christina School District,354,Pyle (Sarah) Academy,2024-02-01,90,4
2026-09-19,2024-06-01,school,2024,33,Christina School District,354,Pyle (Sarah) Academy,2024-03-01,90,4
2026-09-19,2024-06-01,school,2024,33,Christina School District,354,Pyle (Sarah) Academy,2024-05-01,90,4
2026-09-19,2024-06-01,school,2024,33,Christina School District,354,Pyle (Sarah) Academy,2024-06-01,90,4
2026-09-19,2024-06-01,school,2024,33,Christina School District,354,Pyle (Sarah) Academy,2024-07-01,90,2
2026-09-19,2024-06-01,school,2024,33,Christina School District,354,Pyle (Sarah) Academy,2024-08-01,90,1
2026-09-19,2024-06-01,school,2024,34,Colonial School District,514,Leach (John G.) School,NULL,46,0
2026-09-19,2024-06-01,school,2024,34,Colonial School District,490,Penn (William) High School,2024-01-01,530,51
2026-09-19,2024-06-01,school,2024,34,Colonial School District,490,Penn (William) High School,2024-02-01,530,23
2026-09-19,2024-06-01,school,2024,34,Colonial School District,490,Penn (William) High School,2024-03-01,530,28
2026-09-19,2024-06-01,school,2024,34,Colonial School District,490,Penn (William) High School,2024-04-01,530,26
2026-09-19,2024-06-01,school,2024,34,Colonial School District,490,Penn (William) High School,2024-05-01,530,17
2026-09-19,2024-06-01,school,2024,34,Colonial School District,490,Penn (William) High School,2024-06-01,530,20
2026-09-19,2024-06-01,school,2024,34,Colonial School District,490,Penn (William) High School,2024-07-01,530,15
2026-09-19,2024-06-01,school,2024,34,Colonial School District,490,Penn (William) High School,2024-08-01,530,10
2026-09-19,2024-06-01,school,2024,79,Delaware Military Academy,578,Delaware Military Academy,2024-01-01,130,49
2026-09-19,2024-06-01,school,2024,79,Delaware Military Academy,578,Delaware Military Academy,2024-02-01,130,11
2026-09-19,2024-06-01,school,2024,79,Delaware Military Academy,578,Delaware Military Academy,2024-03-01,130,7
2026-09-19,2024-06-01,school,2024,79,Delaware Military Academy,578,Delaware Military Academy,2024-04-01,130,10
2026-09-19,2024-06-01,school,2024,79,Delaware Military Academy,578,Delaware Military Academy,2024-05-01,130,8
2026-09-19,2024-06-01,school,2024,79,Delaware Military Academy,578,Delaware Military Academy,2024-06-01,130,4
2026-09-19,2024-06-01,school,2024,79,Delaware Military Academy,578,Delaware Military Academy,2024-07-01,130,2
2026-09-19,2024-06-01,school,2024,79,Delaware Military Academy,578,Delaware Military Academy,2024-08-01,130,1
2026-09-19,2024-06-01,school,2024,37,Delmar School District,730,Delmar High School,2024-01-01,153,17
2026-09-19,2024-06-01,school,2024,37,Delmar School District,730,Delmar High School,2024-02-01,153,5
2026-09-19,2024-06-01,school,2024,37,Delmar School District,730,Delmar High School,2024-03-01,153,2
2026-09-19,2024-06-01,school,2024,37,Delmar School District,730,Delmar High School,2024-04-01,153,2
2026-09-19,2024-06-01,school,2024,37,Delmar School District,730,Delmar High School,2024-05-01,153,6
2026-09-19,2024-06-01,school,2024,37,Delmar School District,730,Delmar High School,2024-06-01,153,1
2026-09-19,2024-06-01,school,2024,37,Delmar School District,730,Delmar High School,2024-07-01,153,2
2026-09-19,2024-06-01,school,2024,97,Dept. of Svs. for Children Youth & Their Families,977,Ferris School for Boys,2024-08-01,4,1
2026-09-19,2024-06-01,school,2024,97,Dept. of Svs. for Children Youth & Their Families,975,NCC Detention Center,NULL,1,0
2026-09-19,2024-06-01,school,2024,9604,Early College High School at Del State,4040,Early College School at Del State,2024-01-01,75,16
2026-09-19,2024-06-01,school,2024,9604,Early College High School at Del State,4040,Early College School at Del State,2024-02-01,75,9
2026-09-19,2024-06-01,school,2024,9604,Early College High School at Del State,4040,Early College School at Del State,2024-03-01,75,8
2026-09-19,2024-06-01,school,2024,9604,Early College High School at Del State,4040,Early College School at Del State,2024-04-01,75,10
2026-09-19,2024-06-01,school,2024,9604,Early College High School at Del State,4040,Early College School at Del State,2024-05-01,75,8
2026-09-19,2024-06-01,school,2024,9604,Early College High School at Del State,4040,Early College School at Del State,2024-06-01,75,1
2026-09-19,2024-06-01,school,2024,9604,Early College High School at Del State,4040,Early College School at Del State,2024-07-01,75,2
2026-09-19,2024-06-01,school,2024,9604,Early College High School at Del State,4040,Early College School at Del State,2024-08-01,75,3
2026-09-19,2024-06-01,school,2024,9607,First State Military Academy,4055,First State Military Academy,2024-01-01,86,13
2026-09-19,2024-06-01,school,2024,9607,First State Military Academy,4055,First State Military Academy,2024-02-01,86,9
2026-09-19,2024-06-01,school,2024,9607,First State Military Academy,4055,First State Military Academy,2024-03-01,86,6
2026-09-19,2024-06-01,school,2024,9607,First State Military Academy,4055,First State Military Academy,2024-04-01,86,4
2026-09-19,2024-06-01,school,2024,9607,First State Military Academy,4055,First State Military Academy,2024-05-01,86,3
2026-09-19,2024-06-01,school,2024,9607,First State Military Academy,4055,First State Military Academy,2024-06-01,86,1
2026-09-19,2024-06-01,school,2024,9607,First State Military Academy,4055,First State Military Academy,2024-07-01,86,4
2026-09-19,2024-06-01,school,2024,9607,First State Military Academy,4055,First State Military Academy,2024-08-01,86,1
2026-09-19,2024-06-01,school,2024,9612,Freire Charter School Wilmington,4080,Freire Charter School,2024-01-01,66,8
2026-09-19,2024-06-01,school,2024,9612,Freire Charter School Wilmington,4080,Freire Charter School,2024-02-01,66,12
2026-09-19,2024-06-01,school,2024,9612,Freire Charter School Wilmington,4080,Freire Charter School,2024-03-01,66,3
2026-09-19,2024-06-01,school,2024,9612,Freire Charter School Wilmington,4080,Freire Charter School,2024-04-01,66,2
2026-09-19,2024-06-01,school,2024,9612,Freire Charter School Wilmington,4080,Freire Charter School,2024-05-01,66,5
2026-09-19,2024-06-01,school,2024,9612,Freire Charter School Wilmington,4080,Freire Charter School,2024-06-01,66,2
2026-09-19,2024-06-01,school,2024,9612,Freire Charter School Wilmington,4080,Freire Charter School,2024-07-01,66,4
2026-09-19,2024-06-01,school,2024,9611,Great Oaks Charter School,4075,Great Oaks Charter School,2024-01-01,27,1
2026-09-19,2024-06-01,school,2024,9611,Great Oaks Charter School,4075,Great Oaks Charter School,2024-02-01,27,1
2026-09-19,2024-06-01,school,2024,9611,Great Oaks Charter School,4075,Great Oaks Charter School,2024-03-01,27,1
2026-09-19,2024-06-01,school,2024,9611,Great Oaks Charter School,4075,Great Oaks Charter School,2024-05-01,27,4
2026-09-19,2024-06-01,school,2024,9611,Great Oaks Charter School,4075,Great Oaks Charter School,2024-07-01,27,1
2026-09-19,2024-06-01,school,2024,36,Indian River School District,750,Ennis (Howard T.) School,NULL,38,0
2026-09-19,2024-06-01,school,2024,36,Indian River School District,746,Indian River High School,2024-01-01,260,53
2026-09-19,2024-06-01,school,2024,36,Indian River School District,746,Indian River High School,2024-02-01,260,28
2026-09-19,2024-06-01,school,2024,36,Indian River School District,746,Indian River High School,2024-03-01,260,22
2026-09-19,2024-06-01,school,2024,36,Indian River School District,746,Indian River High School,2024-04-01,260,18
2026-09-19,2024-06-01,school,2024,36,Indian River School District,746,Indian River High School,2024-05-01,260,16
2026-09-19,2024-06-01,school,2024,36,Indian River School District,746,Indian River High School,2024-06-01,260,3
2026-09-19,2024-06-01,school,2024,36,Indian River School District,746,Indian River High School,2024-08-01,260,3
2026-09-19,2024-06-01,school,2024,36,Indian River School District,745,Indian River Intensive Learning Center,NULL,8,0
2026-09-19,2024-06-01,school,2024,36,Indian River School District,748,Sussex Central High School,2024-01-01,459,48
2026-09-19,2024-06-01,school,2024,36,Indian River School District,748,Sussex Central High School,2024-02-01,459,21
2026-09-19,2024-06-01,school,2024,36,Indian River School District,748,Sussex Central High School,2024-03-01,459,24
2026-09-19,2024-06-01,school,2024,36,Indian River School District,748,Sussex Central High School,2024-04-01,459,22
2026-09-19,2024-06-01,school,2024,36,Indian River School District,748,Sussex Central High School,2024-05-01,459,13
2026-09-19,2024-06-01,school,2024,36,Indian River School District,748,Sussex Central High School,2024-06-01,459,10
2026-09-19,2024-06-01,school,2024,36,Indian River School District,748,Sussex Central High School,2024-07-01,459,8
2026-09-19,2024-06-01,school,2024,36,Indian River School District,748,Sussex Central High School,2024-08-01,459,5
2026-09-19,2024-06-01,school,2024,15,Lake Forest School District,665,Lake Forest High School,2024-01-01,231,47
2026-09-19,2024-06-01,school,2024,15,Lake Forest School District,665,Lake Forest High School,2024-02-01,231,19
2026-09-19,2024-06-01,school,2024,15,Lake Forest School District,665,Lake Forest High School,2024-03-01,231,16
2026-09-19,2024-06-01,school,2024,15,Lake Forest School District,665,Lake Forest High School,2024-04-01,231,12
2026-09-19,2024-06-01,school,2024,15,Lake Forest School District,665,Lake Forest High School,2024-05-01,231,12
2026-09-19,2024-06-01,school,2024,15,Lake Forest School District,665,Lake Forest High School,2024-06-01,231,8
2026-09-19,2024-06-01,school,2024,15,Lake Forest School District,665,Lake Forest High School,2024-07-01,231,6
2026-09-19,2024-06-01,school,2024,15,Lake Forest School District,665,Lake Forest High School,2024-08-01,231,7
2026-09-19,2024-06-01,school,2024,69,Las Americas Aspira Academy,568,Las Americas ASPIRA Academy,2024-01-01,72,2
2026-09-19,2024-06-01,school,2024,69,Las Americas Aspira Academy,568,Las Americas ASPIRA Academy,2024-02-01,72,8
2026-09-19,2024-06-01,school,2024,69,Las Americas Aspira Academy,568,Las Americas ASPIRA Academy,2024-03-01,72,4
2026-09-19,2024-06-01,school,2024,69,Las Americas Aspira Academy,568,Las Americas ASPIRA Academy,2024-04-01,72,2
2026-09-19,2024-06-01,school,2024,69,Las Americas Aspira Academy,568,Las Americas ASPIRA Academy,2024-05-01,72,2
2026-09-19,2024-06-01,school,2024,69,Las Americas Aspira Academy,568,Las Americas ASPIRA Academy,2024-06-01,72,3
2026-09-19,2024-06-01,school,2024,69,Las Americas Aspira Academy,568,Las Americas ASPIRA Academy,2024-07-01,72,2
2026-09-19,2024-06-01,school,2024,16,Laurel School District,756,Laurel Senior High School,2024-01-01,156,26
2026-09-19,2024-06-01,school,2024,16,Laurel School District,756,Laurel Senior High School,2024-02-01,156,9
2026-09-19,2024-06-01,school,2024,16,Laurel School District,756,Laurel Senior High School,2024-03-01,156,8
2026-09-19,2024-06-01,school,2024,16,Laurel School District,756,Laurel Senior High School,2024-04-01,156,5
2026-09-19,2024-06-01,school,2024,16,Laurel School District,756,Laurel Senior High School,2024-05-01,156,4
2026-09-19,2024-06-01,school,2024,16,Laurel School District,756,Laurel Senior High School,2024-06-01,156,5
2026-09-19,2024-06-01,school,2024,16,Laurel School District,756,Laurel Senior High School,2024-07-01,156,6
2026-09-19,2024-06-01,school,2024,16,Laurel School District,756,Laurel Senior High School,2024-08-01,156,3
2026-09-19,2024-06-01,school,2024,18,Milford School District,678,Milford Senior High School,2024-01-01,319,39
2026-09-19,2024-06-01,school,2024,18,Milford School District,678,Milford Senior High School,2024-02-01,319,23
2026-09-19,2024-06-01,school,2024,18,Milford School District,678,Milford Senior High School,2024-03-01,319,27
2026-09-19,2024-06-01,school,2024,18,Milford School District,678,Milford Senior High School,2024-04-01,319,12
2026-09-19,2024-06-01,school,2024,18,Milford School District,678,Milford Senior High School,2024-05-01,319,13
2026-09-19,2024-06-01,school,2024,18,Milford School District,678,Milford Senior High School,2024-06-01,319,2
2026-09-19,2024-06-01,school,2024,18,Milford School District,678,Milford Senior High School,2024-07-01,319,14
2026-09-19,2024-06-01,school,2024,18,Milford School District,678,Milford Senior High School,2024-08-01,319,7
2026-09-19,2024-06-01,school,2024,88,MOT Charter School,587,MOT Charter School,2024-01-01,158,62
2026-09-19,2024-06-01,school,2024,88,MOT Charter School,587,MOT Charter School,2024-02-01,158,22
2026-09-19,2024-06-01,school,2024,88,MOT Charter School,587,MOT Charter School,2024-03-01,158,18
2026-09-19,2024-06-01,school,2024,88,MOT Charter School,587,MOT Charter School,2024-04-01,158,13
2026-09-19,2024-06-01,school,2024,88,MOT Charter School,587,MOT Charter School,2024-05-01,158,10
2026-09-19,2024-06-01,school,2024,88,MOT Charter School,587,MOT Charter School,2024-06-01,158,1
2026-09-19,2024-06-01,school,2024,88,MOT Charter School,587,MOT Charter School,2024-07-01,158,1
2026-09-19,2024-06-01,school,2024,38,New Castle County Vocational-Technical School District,80,Delcastle Technical High School,2024-01-01,392,42
2026-09-19,2024-06-01,school,2024,38,New Castle County Vocational-Technical School District,80,Delcastle Technical High School,2024-02-01,392,24
2026-09-19,2024-06-01,school,2024,38,New Castle County Vocational-Technical School District,80,Delcastle Technical High School,2024-03-01,392,28
2026-09-19,2024-06-01,school,2024,38,New Castle County Vocational-Technical School District,80,Delcastle Technical High School,2024-04-01,392,27
2026-09-19,2024-06-01,school,2024,38,New Castle County Vocational-Technical School District,80,Delcastle Technical High School,2024-05-01,392,20
2026-09-19,2024-06-01,school,2024,38,New Castle County Vocational-Technical School District,80,Delcastle Technical High School,2024-06-01,392,8
2026-09-19,2024-06-01,school,2024,38,New Castle County Vocational-Technical School District,80,Delcastle Technical High School,2024-07-01,392,8
2026-09-19,2024-06-01,school,2024,38,New Castle County Vocational-Technical School District,80,Delcastle Technical High School,2024-08-01,392,5
2026-09-19,2024-06-01,school,2024,38,New Castle County Vocational-Technical School District,66,Hodgson (Paul M.) Vocational Technical High School,2024-01-01,244,33
2026-09-19,2024-06-01,school,2024,38,New Castle County Vocational-Technical School District,66,Hodgson (Paul M.) Vocational Technical High School,2024-02-01,244,20
2026-09-19,2024-06-01,school,2024,38,New Castle County Vocational-Technical School District,66,Hodgson (Paul M.) Vocational Technical High School,2024-03-01,244,13
2026-09-19,2024-06-01,school,2024,38,New Castle County Vocational-Technical School District,66,Hodgson (Paul M.) Vocational Technical High School,2024-04-01,244,20
2026-09-19,2024-06-01,school,2024,38,New Castle County Vocational-Technical School District,66,Hodgson (Paul M.) Vocational Technical High School,2024-05-01,244,12
2026-09-19,2024-06-01,school,2024,38,New Castle County Vocational-Technical School District,66,Hodgson (Paul M.) Vocational Technical High School,2024-06-01,244,6
2026-09-19,2024-06-01,school,2024,38,New Castle County Vocational-Technical School District,66,Hodgson (Paul M.) Vocational Technical High School,2024-07-01,244,10
2026-09-19,2024-06-01,school,2024,38,New Castle County Vocational-Technical School District,66,Hodgson (Paul M.) Vocational Technical High School,2024-08-01,244,3
2026-09-19,2024-06-01,school,2024,38,New Castle County Vocational-Technical School District,26,Howard High School of Technology,2024-01-01,190,25
2026-09-19,2024-06-01,school,2024,38,New Castle County Vocational-Technical School District,26,Howard High School of Technology,2024-02-01,190,12
2026-09-19,2024-06-01,school,2024,38,New Castle County Vocational-Technical School District,26,Howard High School of Technology,2024-03-01,190,11
2026-09-19,2024-06-01,school,2024,38,New Castle County Vocational-Technical School District,26,Howard High School of Technology,2024-04-01,190,7
2026-09-19,2024-06-01,school,2024,38,New Castle County Vocational-Technical School District,26,Howard High School of Technology,2024-05-01,190,8
2026-09-19,2024-06-01,school,2024,38,New Castle County Vocational-Technical School District,26,Howard High School of Technology,2024-06-01,190,7
2026-09-19,2024-06-01,school,2024,38,New Castle County Vocational-Technical School District,26,Howard High School of Technology,2024-07-01,190,8
2026-09-19,2024-06-01,school,2024,38,New Castle County Vocational-Technical School District,26,Howard High School of Technology,2024-08-01,190,2
2026-09-19,2024-06-01,school,2024,38,New Castle County Vocational-Technical School District,44,St. Georges Technical High School,2024-01-01,262,62
2026-09-19,2024-06-01,school,2024,38,New Castle County Vocational-Technical School District,44,St. Georges Technical High School,2024-02-01,262,27
2026-09-19,2024-06-01,school,2024,38,New Castle County Vocational-Technical School District,44,St. Georges Technical High School,2024-03-01,262,26
2026-09-19,2024-06-01,school,2024,38,New Castle County Vocational-Technical School District,44,St. Georges Technical High School,2024-04-01,262,17
2026-09-19,2024-06-01,school,2024,38,New Castle County Vocational-Technical School District,44,St. Georges Technical High School,2024-05-01,262,15
2026-09-19,2024-06-01,school,2024,38,New Castle County Vocational-Technical School District,44,St. Georges Technical High School,2024-06-01,262,6
2026-09-19,2024-06-01,school,2024,38,New Castle County Vocational-Technical School District,44,St. Georges Technical High School,2024-07-01,262,7
2026-09-19,2024-06-01,school,2024,38,New Castle County Vocational-Technical School District,44,St. Georges Technical High School,2024-08-01,262,6
2026-09-19,2024-06-01,school,2024,89,Newark Charter School,588,Newark Charter School,2024-01-01,173,81
2026-09-19,2024-06-01,school,2024,89,Newark Charter School,588,Newark Charter School,2024-02-01,173,32
2026-09-19,2024-06-01,school,2024,89,Newark Charter School,588,Newark Charter School,2024-03-01,173,7
2026-09-19,2024-06-01,school,2024,89,Newark Charter School,588,Newark Charter School,2024-04-01,173,14
2026-09-19,2024-06-01,school,2024,89,Newark Charter School,588,Newark Charter School,2024-05-01,173,6
2026-09-19,2024-06-01,school,2024,89,Newark Charter School,588,Newark Charter School,2024-06-01,173,1
2026-09-19,2024-06-01,school,2024,89,Newark Charter School,588,Newark Charter School,2024-07-01,173,1
2026-09-19,2024-06-01,school,2024,86,Odyssey Charter School,585,Odyssey Charter School,2024-01-01,70,15
2026-09-19,2024-06-01,school,2024,86,Odyssey Charter School,585,Odyssey Charter School,2024-02-01,70,8
2026-09-19,2024-06-01,school,2024,86,Odyssey Charter School,585,Odyssey Charter School,2024-03-01,70,5
2026-09-19,2024-06-01,school,2024,86,Odyssey Charter School,585,Odyssey Charter School,2024-04-01,70,6
2026-09-19,2024-06-01,school,2024,86,Odyssey Charter School,585,Odyssey Charter School,2024-05-01,70,7
2026-09-19,2024-06-01,school,2024,86,Odyssey Charter School,585,Odyssey Charter School,2024-06-01,70,2
2026-09-19,2024-06-01,school,2024,86,Odyssey Charter School,585,Odyssey Charter School,2024-07-01,70,1
2026-09-19,2024-06-01,school,2024,86,Odyssey Charter School,585,Odyssey Charter School,2024-08-01,70,1
2026-09-19,2024-06-01,school,2024,39,POLYTECH School District,652,POLYTECH High School,2024-01-01,283,60
2026-09-19,2024-06-01,school,2024,39,POLYTECH School District,652,POLYTECH High School,2024-02-01,283,33
2026-09-19,2024-06-01,school,2024,39,POLYTECH School District,652,POLYTECH High School,2024-03-01,283,17
2026-09-19,2024-06-01,school,2024,39,POLYTECH School District,652,POLYTECH High School,2024-04-01,283,19
2026-09-19,2024-06-01,school,2024,39,POLYTECH School District,652,POLYTECH High School,2024-05-01,283,19
2026-09-19,2024-06-01,school,2024,39,POLYTECH School District,652,POLYTECH High School,2024-06-01,283,7
2026-09-19,2024-06-01,school,2024,39,POLYTECH School District,652,POLYTECH High School,2024-07-01,283,4
2026-09-19,2024-06-01,school,2024,39,POLYTECH School District,652,POLYTECH High School,2024-08-01,283,6
2026-09-19,2024-06-01,school,2024,71,Positive Outcomes Charter School,570,Positive Outcomes Charter School,2024-02-01,16,2
2026-09-19,2024-06-01,school,2024,71,Positive Outcomes Charter School,570,Positive Outcomes Charter School,2024-03-01,16,1
2026-09-19,2024-06-01,school,2024,32,Red Clay Consolidated School District,286,Calloway (Cab) School of the Arts,2024-01-01,116,41
2026-09-19,2024-06-01,school,2024,32,Red Clay Consolidated School District,286,Calloway (Cab) School of the Arts,2024-02-01,116,18
2026-09-19,2024-06-01,school,2024,32,Red Clay Consolidated School District,286,Calloway (Cab) School of the Arts,2024-03-01,116,11
2026-09-19,2024-06-01,school,2024,32,Red Clay Consolidated School District,286,Calloway (Cab) School of the Arts,2024-04-01,116,1
2026-09-19,2024-06-01,school,2024,32,Red Clay Consolidated School District,286,Calloway (Cab) School of the Arts,2024-05-01,116,4
2026-09-19,2024-06-01,school,2024,32,Red Clay Consolidated School District,286,Calloway (Cab) School of the Arts,2024-06-01,116,4
2026-09-19,2024-06-01,school,2024,32,Red Clay Consolidated School District,286,Calloway (Cab) School of the Arts,2024-07-01,116,2
2026-09-19,2024-06-01,school,2024,32,Red Clay Consolidated School District,286,Calloway (Cab) School of the Arts,2024-08-01,116,4
2026-09-19,2024-06-01,school,2024,32,Red Clay Consolidated School District,284,Conrad Schools of Science,2024-01-01,162,63
2026-09-19,2024-06-01,school,2024,32,Red Clay Consolidated School District,284,Conrad Schools of Science,2024-02-01,162,15
2026-09-19,2024-06-01,school,2024,32,Red Clay Consolidated School District,284,Conrad Schools of Science,2024-03-01,162,8
2026-09-19,2024-06-01,school,2024,32,Red Clay Consolidated School District,284,Conrad Schools of Science,2024-04-01,162,17
2026-09-19,2024-06-01,school,2024,32,Red Clay Consolidated School District,284,Conrad Schools of Science,2024-05-01,162,11
2026-09-19,2024-06-01,school,2024,32,Red Clay Consolidated School District,284,Conrad Schools of Science,2024-06-01,162,6
2026-09-19,2024-06-01,school,2024,32,Red Clay Consolidated School District,284,Conrad Schools of Science,2024-07-01,162,4
2026-09-19,2024-06-01,school,2024,32,Red Clay Consolidated School District,284,Conrad Schools of Science,2024-08-01,162,3
2026-09-19,2024-06-01,school,2024,32,Red Clay Consolidated School District,290,Dickinson (John) School,2024-01-01,196,26
2026-09-19,2024-06-01,school,2024,32,Red Clay Consolidated School District,290,Dickinson (John) School,2024-02-01,196,8
2026-09-19,2024-06-01,school,2024,32,Red Clay Consolidated School District,290,Dickinson (John) School,2024-03-01,196,8
2026-09-19,2024-06-01,school,2024,32,Red Clay Consolidated School District,290,Dickinson (John) School,2024-04-01,196,6
2026-09-19,2024-06-01,school,2024,32,Red Clay Consolidated School District,290,Dickinson (John) School,2024-05-01,196,10
2026-09-19,2024-06-01,school,2024,32,Red Clay Consolidated School District,290,Dickinson (John) School,2024-06-01,196,4
2026-09-19,2024-06-01,school,2024,32,Red Clay Consolidated School District,290,Dickinson (John) School,2024-07-01,196,2
2026-09-19,2024-06-01,school,2024,32,Red Clay Consolidated School District,290,Dickinson (John) School,2024-08-01,196,2
2026-09-19,2024-06-01,school,2024,32,Red Clay Consolidated School District,292,duPont (Alexis I.) High School,2024-01-01,158,21
2026-09-19,2024-06-01,school,2024,32,Red Clay Consolidated School District,292,duPont (Alexis I.) High School,2024-02-01,158,8
2026-09-19,2024-06-01,school,2024,32,Red Clay Consolidated School District,292,duPont (Alexis I.) High School,2024-03-01,158,4
2026-09-19,2024-06-01,school,2024,32,Red Clay Consolidated School District,292,duPont (Alexis I.) High School,2024-04-01,158,8
2026-09-19,2024-06-01,school,2024,32,Red Clay Consolidated School District,292,duPont (Alexis I.) High School,2024-05-01,158,11
2026-09-19,2024-06-01,school,2024,32,Red Clay Consolidated School District,292,duPont (Alexis I.) High School,2024-06-01,158,1
2026-09-19,2024-06-01,school,2024,32,Red Clay Consolidated School District,292,duPont (Alexis I.) High School,2024-07-01,158,7
2026-09-19,2024-06-01,school,2024,32,Red Clay Consolidated School District,292,duPont (Alexis I.) High School,2024-08-01,158,3
2026-09-19,2024-06-01,school,2024,32,Red Clay Consolidated School District,294,McKean (Thomas) High School,2024-01-01,216,14
2026-09-19,2024-06-01,school,2024,32,Red Clay Consolidated School District,294,McKean (Thomas) High School,2024-02-01,216,5
2026-09-19,2024-06-01,school,2024,32,Red Clay Consolidated School District,294,McKean (Thomas) High School,2024-03-01,216,11
2026-09-19,2024-06-01,school,2024,32,Red Clay Consolidated School District,294,McKean (Thomas) High School,2024-04-01,216,4
2026-09-19,2024-06-01,school,2024,32,Red Clay Consolidated School District,294,McKean (Thomas) High School,2024-05-01,216,8
2026-09-19,2024-06-01,school,2024,32,Red Clay Consolidated School District,294,McKean (Thomas) High School,2024-06-01,216,5
2026-09-19,2024-06-01,school,2024,32,Red Clay Consolidated School District,294,McKean (Thomas) High School,2024-07-01,216,3
2026-09-19,2024-06-01,school,2024,32,Red Clay Consolidated School District,294,McKean (Thomas) High School,2024-08-01,216,2
2026-09-19,2024-06-01,school,2024,32,Red Clay Consolidated School District,516,Meadowood Program,NULL,51,0
2026-09-19,2024-06-01,school,2024,23,Seaford School District,766,Seaford Senior High School,2024-01-01,183,12
2026-09-19,2024-06-01,school,2024,23,Seaford School District,766,Seaford Senior High School,2024-02-01,183,8
2026-09-19,2024-06-01,school,2024,23,Seaford School District,766,Seaford Senior High School,2024-03-01,183,9
2026-09-19,2024-06-01,school,2024,23,Seaford School District,766,Seaford Senior High School,2024-04-01,183,3
2026-09-19,2024-06-01,school,2024,23,Seaford School District,766,Seaford Senior High School,2024-05-01,183,10
2026-09-19,2024-06-01,school,2024,23,Seaford School District,766,Seaford Senior High School,2024-06-01,183,1
2026-09-19,2024-06-01,school,2024,23,Seaford School District,766,Seaford Senior High School,2024-07-01,183,4
2026-09-19,2024-06-01,school,2024,23,Seaford School District,766,Seaford Senior High School,2024-08-01,183,1
2026-09-19,2024-06-01,school,2024,24,Smyrna School District,688,Smyrna High School,2024-01-01,440,89
2026-09-19,2024-06-01,school,2024,24,Smyrna School District,688,Smyrna High School,2024-02-01,440,39
2026-09-19,2024-06-01,school,2024,24,Smyrna School District,688,Smyrna High School,2024-03-01,440,37
2026-09-19,2024-06-01,school,2024,24,Smyrna School District,688,Smyrna High School,2024-04-01,440,36
2026-09-19,2024-06-01,school,2024,24,Smyrna School District,688,Smyrna High School,2024-05-01,440,29
2026-09-19,2024-06-01,school,2024,24,Smyrna School District,688,Smyrna High School,2024-06-01,440,13
2026-09-19,2024-06-01,school,2024,24,Smyrna School District,688,Smyrna High School,2024-07-01,440,6
2026-09-19,2024-06-01,school,2024,24,Smyrna School District,688,Smyrna High School,2024-08-01,440,11
2026-09-19,2024-06-01,school,2024,77,Sussex Academy,576,Sussex Academy,2024-01-01,118,47
2026-09-19,2024-06-01,school,2024,77,Sussex Academy,576,Sussex Academy,2024-02-01,118,12
2026-09-19,2024-06-01,school,2024,77,Sussex Academy,576,Sussex Academy,2024-03-01,118,8
2026-09-19,2024-06-01,school,2024,77,Sussex Academy,576,Sussex Academy,2024-04-01,118,8
2026-09-19,2024-06-01,school,2024,77,Sussex Academy,576,Sussex Academy,2024-05-01,118,2
2026-09-19,2024-06-01,school,2024,77,Sussex Academy,576,Sussex Academy,2024-06-01,118,1
2026-09-19,2024-06-01,school,2024,77,Sussex Academy,576,Sussex Academy,2024-07-01,118,6
2026-09-19,2024-06-01,school,2024,40,Sussex Technical School District,770,Sussex Technical High School,2024-01-01,284,33
2026-09-19,2024-06-01,school,2024,40,Sussex Technical School District,770,Sussex Technical High School,2024-02-01,284,32
2026-09-19,2024-06-01,school,2024,40,Sussex Technical School District,770,Sussex Technical High School,2024-03-01,284,26
2026-09-19,2024-06-01,school,2024,40,Sussex Technical School District,770,Sussex Technical High School,2024-04-01,284,18
2026-09-19,2024-06-01,school,2024,40,Sussex Technical School District,770,Sussex Technical High School,2024-05-01,284,29
2026-09-19,2024-06-01,school,2024,40,Sussex Technical School District,770,Sussex Technical High School,2024-06-01,284,9
2026-09-19,2024-06-01,school,2024,40,Sussex Technical School District,770,Sussex Technical High School,2024-07-01,284,8
2026-09-19,2024-06-01,school,2024,40,Sussex Technical School District,770,Sussex Technical High School,2024-08-01,284,4
2026-09-19,2024-06-01,school,2024,35,Woodbridge School District,780,Woodbridge High School,2024-01-01,138,18
2026-09-19,2024-06-01,school,2024,35,Woodbridge School District,780,Woodbridge High School,2024-02-01,138,7
2026-09-19,2024-06-01,school,2024,35,Woodbridge School District,780,Woodbridge High School,2024-03-01,138,7
2026-09-19,2024-06-01,school,2024,35,Woodbridge School District,780,Woodbridge High School,2024-04-01,138,5
2026-09-19,2024-06-01,school,2024,35,Woodbridge School District,780,Woodbridge High School,2024-05-01,138,3
2026-09-19,2024-06-01,school,2024,35,Woodbridge School District,780,Woodbridge High School,2024-06-01,138,7
2026-09-19,2024-06-01,school,2024,35,Woodbridge School District,780,Woodbridge High School,2024-07-01,138,1
2026-09-19,2024-06-01,school,2024,35,Woodbridge School District,780,Woodbridge High School,2024-08-01,138,1
2026-09-19,2024-06-01,lea,2024,29,Appoquinimink School District,All Schools,All Schools,2024-01-01,971,260
2026-09-19,2024-06-01,lea,2024,29,Appoquinimink School District,All Schools,All Schools,2024-02-01,971,102
2026-09-19,2024-06-01,lea,2024,29,Appoquinimink School District,All Schools,All Schools,2024-03-01,971,83
2026-09-19,2024-06-01,lea,2024,29,Appoquinimink School District,All Schools,All Schools,2024-04-01,971,79
2026-09-19,2024-06-01,lea,2024,29,Appoquinimink School District,All Schools,All Schools,2024-05-01,971,52
2026-09-19,2024-06-01,lea,2024,29,Appoquinimink School District,All Schools,All Schools,2024-06-01,971,28
2026-09-19,2024-06-01,lea,2024,29,Appoquinimink School District,All Schools,All Schools,2024-07-01,971,22
2026-09-19,2024-06-01,lea,2024,29,Appoquinimink School District,All Schools,All Schools,2024-08-01,971,17
2026-09-19,2024-06-01,lea,2024,31,Brandywine School District,All Schools,All Schools,2024-01-01,796,189
2026-09-19,2024-06-01,lea,2024,31,Brandywine School District,All Schools,All Schools,2024-02-01,796,87
2026-09-19,2024-06-01,lea,2024,31,Brandywine School District,All Schools,All Schools,2024-03-01,796,51
2026-09-19,2024-06-01,lea,2024,31,Brandywine School District,All Schools,All Schools,2024-04-01,796,40
2026-09-19,2024-06-01,lea,2024,31,Brandywine School District,All Schools,All Schools,2024-05-01,796,35
2026-09-19,2024-06-01,lea,2024,31,Brandywine School District,All Schools,All Schools,2024-06-01,796,17
2026-09-19,2024-06-01,lea,2024,31,Brandywine School District,All Schools,All Schools,2024-07-01,796,11
2026-09-19,2024-06-01,lea,2024,31,Brandywine School District,All Schools,All Schools,2024-08-01,796,11
2026-09-19,2024-06-01,lea,2024,10,Caesar Rodney School District,All Schools,All Schools,2024-01-01,622,105
2026-09-19,2024-06-01,lea,2024,10,Caesar Rodney School District,All Schools,All Schools,2024-02-01,622,56
2026-09-19,2024-06-01,lea,2024,10,Caesar Rodney School District,All Schools,All Schools,2024-03-01,622,64
2026-09-19,2024-06-01,lea,2024,10,Caesar Rodney School District,All Schools,All Schools,2024-04-01,622,23
2026-09-19,2024-06-01,lea,2024,10,Caesar Rodney School District,All Schools,All Schools,2024-05-01,622,25
2026-09-19,2024-06-01,lea,2024,10,Caesar Rodney School District,All Schools,All Schools,2024-06-01,622,22
2026-09-19,2024-06-01,lea,2024,10,Caesar Rodney School District,All Schools,All Schools,2024-07-01,622,17
2026-09-19,2024-06-01,lea,2024,10,Caesar Rodney School District,All Schools,All Schools,2024-08-01,622,12
2026-09-19,2024-06-01,lea,2024,17,Cape Henlopen School District,All Schools,All Schools,2024-01-01,536,129
2026-09-19,2024-06-01,lea,2024,17,Cape Henlopen School District,All Schools,All Schools,2024-02-01,536,48
2026-09-19,2024-06-01,lea,2024,17,Cape Henlopen School District,All Schools,All Schools,2024-03-01,536,39
2026-09-19,2024-06-01,lea,2024,17,Cape Henlopen School District,All Schools,All Schools,2024-04-01,536,34
2026-09-19,2024-06-01,lea,2024,17,Cape Henlopen School District,All Schools,All Schools,2024-05-01,536,25
2026-09-19,2024-06-01,lea,2024,17,Cape Henlopen School District,All Schools,All Schools,2024-06-01,536,13
2026-09-19,2024-06-01,lea,2024,17,Cape Henlopen School District,All Schools,All Schools,2024-07-01,536,9
2026-09-19,2024-06-01,lea,2024,17,Cape Henlopen School District,All Schools,All Schools,2024-08-01,536,10
2026-09-19,2024-06-01,lea,2024,13,Capital School District,All Schools,All Schools,2024-01-01,530,68
2026-09-19,2024-06-01,lea,2024,13,Capital School District,All Schools,All Schools,2024-02-01,530,29
2026-09-19,2024-06-01,lea,2024,13,Capital School District,All Schools,All Schools,2024-03-01,530,43
2026-09-19,2024-06-01,lea,2024,13,Capital School District,All Schools,All Schools,2024-04-01,530,21
2026-09-19,2024-06-01,lea,2024,13,Capital School District,All Schools,All Schools,2024-05-01,530,23
2026-09-19,2024-06-01,lea,2024,13,Capital School District,All Schools,All Schools,2024-06-01,530,12
2026-09-19,2024-06-01,lea,2024,13,Capital School District,All Schools,All Schools,2024-07-01,530,9
2026-09-19,2024-06-01,lea,2024,13,Capital School District,All Schools,All Schools,2024-08-01,530,7
2026-09-19,2024-06-01,lea,2024,70,Charter School of Wilmington,All Schools,All Schools,2024-01-01,242,111
2026-09-19,2024-06-01,lea,2024,70,Charter School of Wilmington,All Schools,All Schools,2024-02-01,242,39
2026-09-19,2024-06-01,lea,2024,70,Charter School of Wilmington,All Schools,All Schools,2024-03-01,242,23
2026-09-19,2024-06-01,lea,2024,70,Charter School of Wilmington,All Schools,All Schools,2024-04-01,242,10
2026-09-19,2024-06-01,lea,2024,70,Charter School of Wilmington,All Schools,All Schools,2024-05-01,242,7
2026-09-19,2024-06-01,lea,2024,70,Charter School of Wilmington,All Schools,All Schools,2024-06-01,242,1
2026-09-19,2024-06-01,lea,2024,70,Charter School of Wilmington,All Schools,All Schools,2024-07-01,242,2
2026-09-19,2024-06-01,lea,2024,33,Christina School District,All Schools,All Schools,2024-01-01,846,92
2026-09-19,2024-06-01,lea,2024,33,Christina School District,All Schools,All Schools,2024-02-01,846,47
2026-09-19,2024-06-01,lea,2024,33,Christina School District,All Schools,All Schools,2024-03-01,846,37
2026-09-19,2024-06-01,lea,2024,33,Christina School District,All Schools,All Schools,2024-04-01,846,26
2026-09-19,2024-06-01,lea,2024,33,Christina School District,All Schools,All Schools,2024-05-01,846,46
2026-09-19,2024-06-01,lea,2024,33,Christina School District,All Schools,All Schools,2024-06-01,846,21
2026-09-19,2024-06-01,lea,2024,33,Christina School District,All Schools,All Schools,2024-07-01,846,22
2026-09-19,2024-06-01,lea,2024,33,Christina School District,All Schools,All Schools,2024-08-01,846,12
2026-09-19,2024-06-01,lea,2024,34,Colonial School District,All Schools,All Schools,2024-01-01,576,51
2026-09-19,2024-06-01,lea,2024,34,Colonial School District,All Schools,All Schools,2024-02-01,576,23
2026-09-19,2024-06-01,lea,2024,34,Colonial School District,All Schools,All Schools,2024-03-01,576,28
2026-09-19,2024-06-01,lea,2024,34,Colonial School District,All Schools,All Schools,2024-04-01,576,26
2026-09-19,2024-06-01,lea,2024,34,Colonial School District,All Schools,All Schools,2024-05-01,576,17
2026-09-19,2024-06-01,lea,2024,34,Colonial School District,All Schools,All Schools,2024-06-01,576,20
2026-09-19,2024-06-01,lea,2024,34,Colonial School District,All Schools,All Schools,2024-07-01,576,15
2026-09-19,2024-06-01,lea,2024,34,Colonial School District,All Schools,All Schools,2024-08-01,576,10
2026-09-19,2024-06-01,lea,2024,79,Delaware Military Academy,All Schools,All Schools,2024-01-01,130,49
2026-09-19,2024-06-01,lea,2024,79,Delaware Military Academy,All Schools,All Schools,2024-02-01,130,11
2026-09-19,2024-06-01,lea,2024,79,Delaware Military Academy,All Schools,All Schools,2024-03-01,130,7
2026-09-19,2024-06-01,lea,2024,79,Delaware Military Academy,All Schools,All Schools,2024-04-01,130,10
2026-09-19,2024-06-01,lea,2024,79,Delaware Military Academy,All Schools,All Schools,2024-05-01,130,8
2026-09-19,2024-06-01,lea,2024,79,Delaware Military Academy,All Schools,All Schools,2024-06-01,130,4
2026-09-19,2024-06-01,lea,2024,79,Delaware Military Academy,All Schools,All Schools,2024-07-01,130,2
2026-09-19,2024-06-01,lea,2024,79,Delaware Military Academy,All Schools,All Schools,2024-08-01,130,1
2026-09-19,2024-06-01,lea,2024,37,Delmar School District,All Schools,All Schools,2024-01-01,153,17
2026-09-19,2024-06-01,lea,2024,37,Delmar School District,All Schools,All Schools,2024-02-01,153,5
2026-09-19,2024-06-01,lea,2024,37,Delmar School District,All Schools,All Schools,2024-03-01,153,2
2026-09-19,2024-06-01,lea,2024,37,Delmar School District,All Schools,All Schools,2024-04-01,153,2
2026-09-19,2024-06-01,lea,2024,37,Delmar School District,All Schools,All Schools,2024-05-01,153,6
2026-09-19,2024-06-01,lea,2024,37,Delmar School District,All Schools,All Schools,2024-06-01,153,1
2026-09-19,2024-06-01,lea,2024,37,Delmar School District,All Schools,All Schools,2024-07-01,153,2
2026-09-19,2024-06-01,lea,2024,97,Dept. of Svs. for Children Youth & Their Families,All Schools,All Schools,2024-08-01,5,1
2026-09-19,2024-06-01,lea,2024,9604,Early College High School at Del State,All Schools,All Schools,2024-01-01,75,16
2026-09-19,2024-06-01,lea,2024,9604,Early College High School at Del State,All Schools,All Schools,2024-02-01,75,9
2026-09-19,2024-06-01,lea,2024,9604,Early College High School at Del State,All Schools,All Schools,2024-03-01,75,8
2026-09-19,2024-06-01,lea,2024,9604,Early College High School at Del State,All Schools,All Schools,2024-04-01,75,10
2026-09-19,2024-06-01,lea,2024,9604,Early College High School at Del State,All Schools,All Schools,2024-05-01,75,8
2026-09-19,2024-06-01,lea,2024,9604,Early College High School at Del State,All Schools,All Schools,2024-06-01,75,1
2026-09-19,2024-06-01,lea,2024,9604,Early College High School at Del State,All Schools,All Schools,2024-07-01,75,2
2026-09-19,2024-06-01,lea,2024,9604,Early College High School at Del State,All Schools,All Schools,2024-08-01,75,3
2026-09-19,2024-06-01,lea,2024,9607,First State Military Academy,All Schools,All Schools,2024-01-01,86,13
2026-09-19,2024-06-01,lea,2024,9607,First State Military Academy,All Schools,All Schools,2024-02-01,86,9
2026-09-19,2024-06-01,lea,2024,9607,First State Military Academy,All Schools,All Schools,2024-03-01,86,6
2026-09-19,2024-06-01,lea,2024,9607,First State Military Academy,All Schools,All Schools,2024-04-01,86,4
2026-09-19,2024-06-01,lea,2024,9607,First State Military Academy,All Schools,All Schools,2024-05-01,86,3
2026-09-19,2024-06-01,lea,2024,9607,First State Military Academy,All Schools,All Schools,2024-06-01,86,1
2026-09-19,2024-06-01,lea,2024,9607,First State Military Academy,All Schools,All Schools,2024-07-01,86,4
2026-09-19,2024-06-01,lea,2024,9607,First State Military Academy,All Schools,All Schools,2024-08-01,86,1
2026-09-19,2024-06-01,lea,2024,9612,Freire Charter School Wilmington,All Schools,All Schools,2024-01-01,66,8
2026-09-19,2024-06-01,lea,2024,9612,Freire Charter School Wilmington,All Schools,All Schools,2024-02-01,66,12
2026-09-19,2024-06-01,lea,2024,9612,Freire Charter School Wilmington,All Schools,All Schools,2024-03-01,66,3
2026-09-19,2024-06-01,lea,2024,9612,Freire Charter School Wilmington,All Schools,All Schools,2024-04-01,66,2
2026-09-19,2024-06-01,lea,2024,9612,Freire Charter School Wilmington,All Schools,All Schools,2024-05-01,66,5
2026-09-19,2024-06-01,lea,2024,9612,Freire Charter School Wilmington,All Schools,All Schools,2024-06-01,66,2
2026-09-19,2024-06-01,lea,2024,9612,Freire Charter School Wilmington,All Schools,All Schools,2024-07-01,66,4
2026-09-19,2024-06-01,lea,2024,9611,Great Oaks Charter School,All Schools,All Schools,2024-01-01,27,1
2026-09-19,2024-06-01,lea,2024,9611,Great Oaks Charter School,All Schools,All Schools,2024-02-01,27,1
2026-09-19,2024-06-01,lea,2024,9611,Great Oaks Charter School,All Schools,All Schools,2024-03-01,27,1
2026-09-19,2024-06-01,lea,2024,9611,Great Oaks Charter School,All Schools,All Schools,2024-05-01,27,4
2026-09-19,2024-06-01,lea,2024,9611,Great Oaks Charter School,All Schools,All Schools,2024-07-01,27,1
2026-09-19,2024-06-01,lea,2024,36,Indian River School District,All Schools,All Schools,2024-01-01,765,101
2026-09-19,2024-06-01,lea,2024,36,Indian River School District,All Schools,All Schools,2024-02-01,765,49
2026-09-19,2024-06-01,lea,2024,36,Indian River School District,All Schools,All Schools,2024-03-01,765,46
2026-09-19,2024-06-01,lea,2024,36,Indian River School District,All Schools,All Schools,2024-04-01,765,40
2026-09-19,2024-06-01,lea,2024,36,Indian River School District,All Schools,All Schools,2024-05-01,765,29
2026-09-19,2024-06-01,lea,2024,36,Indian River School District,All Schools,All Schools,2024-06-01,765,13
2026-09-19,2024-06-01,lea,2024,36,Indian River School District,All Schools,All Schools,2024-07-01,765,8
2026-09-19,2024-06-01,lea,2024,36,Indian River School District,All Schools,All Schools,2024-08-01,765,8
2026-09-19,2024-06-01,lea,2024,15,Lake Forest School District,All Schools,All Schools,2024-01-01,231,47
2026-09-19,2024-06-01,lea,2024,15,Lake Forest School District,All Schools,All Schools,2024-02-01,231,19
2026-09-19,2024-06-01,lea,2024,15,Lake Forest School District,All Schools,All Schools,2024-03-01,231,16
2026-09-19,2024-06-01,lea,2024,15,Lake Forest School District,All Schools,All Schools,2024-04-01,231,12
2026-09-19,2024-06-01,lea,2024,15,Lake Forest School District,All Schools,All Schools,2024-05-01,231,12
2026-09-19,2024-06-01,lea,2024,15,Lake Forest School District,All Schools,All Schools,2024-06-01,231,8
2026-09-19,2024-06-01,lea,2024,15,Lake Forest School District,All Schools,All Schools,2024-07-01,231,6
2026-09-19,2024-06-01,lea,2024,15,Lake Forest School District,All Schools,All Schools,2024-08-01,231,7
2026-09-19,2024-06-01,lea,2024,69,Las Americas Aspira Academy,All Schools,All Schools,2024-01-01,72,2
2026-09-19,2024-06-01,lea,2024,69,Las Americas Aspira Academy,All Schools,All Schools,2024-02-01,72,8
2026-09-19,2024-06-01,lea,2024,69,Las Americas Aspira Academy,All Schools,All Schools,2024-03-01,72,4
2026-09-19,2024-06-01,lea,2024,69,Las Americas Aspira Academy,All Schools,All Schools,2024-04-01,72,2
2026-09-19,2024-06-01,lea,2024,69,Las Americas Aspira Academy,All Schools,All Schools,2024-05-01,72,2
2026-09-19,2024-06-01,lea,2024,69,Las Americas Aspira Academy,All Schools,All Schools,2024-06-01,72,3
2026-09-19,2024-06-01,lea,2024,69,Las Americas Aspira Academy,All Schools,All Schools,2024-07-01,72,2
2026-09-19,2024-06-01,lea,2024,16,Laurel School District,All Schools,All Schools,2024-01-01,156,26
2026-09-19,2024-06-01,lea,2024,16,Laurel School District,All Schools,All Schools,2024-02-01,156,9
2026-09-19,2024-06-01,lea,2024,16,Laurel School District,All Schools,All Schools,2024-03-01,156,8
2026-09-19,2024-06-01,lea,2024,16,Laurel School District,All Schools,All Schools,2024-04-01,156,5
2026-09-19,2024-06-01,lea,2024,16,Laurel School District,All Schools,All Schools,2024-05-01,156,4
2026-09-19,2024-06-01,lea,2024,16,Laurel School District,All Schools,All Schools,2024-06-01,156,5
2026-09-19,2024-06-01,lea,2024,16,Laurel School District,All Schools,All Schools,2024-07-01,156,6
2026-09-19,2024-06-01,lea,2024,16,Laurel School District,All Schools,All Schools,2024-08-01,156,3
2026-09-19,2024-06-01,lea,2024,18,Milford School District,All Schools,All Schools,2024-01-01,319,39
2026-09-19,2024-06-01,lea,2024,18,Milford School District,All Schools,All Schools,2024-02-01,319,23
2026-09-19,2024-06-01,lea,2024,18,Milford School District,All Schools,All Schools,2024-03-01,319,27
2026-09-19,2024-06-01,lea,2024,18,Milford School District,All Schools,All Schools,2024-04-01,319,12
2026-09-19,2024-06-01,lea,2024,18,Milford School District,All Schools,All Schools,2024-05-01,319,13
2026-09-19,2024-06-01,lea,2024,18,Milford School District,All Schools,All Schools,2024-06-01,319,2
2026-09-19,2024-06-01,lea,2024,18,Milford School District,All Schools,All Schools,2024-07-01,319,14
2026-09-19,2024-06-01,lea,2024,18,Milford School District,All Schools,All Schools,2024-08-01,319,7
2026-09-19,2024-06-01,lea,2024,88,MOT Charter School,All Schools,All Schools,2024-01-01,158,62
2026-09-19,2024-06-01,lea,2024,88,MOT Charter School,All Schools,All Schools,2024-02-01,158,22
2026-09-19,2024-06-01,lea,2024,88,MOT Charter School,All Schools,All Schools,2024-03-01,158,18
2026-09-19,2024-06-01,lea,2024,88,MOT Charter School,All Schools,All Schools,2024-04-01,158,13
2026-09-19,2024-06-01,lea,2024,88,MOT Charter School,All Schools,All Schools,2024-05-01,158,10
2026-09-19,2024-06-01,lea,2024,88,MOT Charter School,All Schools,All Schools,2024-06-01,158,1
2026-09-19,2024-06-01,lea,2024,88,MOT Charter School,All Schools,All Schools,2024-07-01,158,1
2026-09-19,2024-06-01,lea,2024,38,New Castle County Vocational-Technical School District,All Schools,All Schools,2024-01-01,1088,162
2026-09-19,2024-06-01,lea,2024,38,New Castle County Vocational-Technical School District,All Schools,All Schools,2024-02-01,1088,83
2026-09-19,2024-06-01,lea,2024,38,New Castle County Vocational-Technical School District,All Schools,All Schools,2024-03-01,1088,78
2026-09-19,2024-06-01,lea,2024,38,New Castle County Vocational-Technical School District,All Schools,All Schools,2024-04-01,1088,71
2026-09-19,2024-06-01,lea,2024,38,New Castle County Vocational-Technical School District,All Schools,All Schools,2024-05-01,1088,55
2026-09-19,2024-06-01,lea,2024,38,New Castle County Vocational-Technical School District,All Schools,All Schools,2024-06-01,1088,27
2026-09-19,2024-06-01,lea,2024,38,New Castle County Vocational-Technical School District,All Schools,All Schools,2024-07-01,1088,33
2026-09-19,2024-06-01,lea,2024,38,New Castle County Vocational-Technical School District,All Schools,All Schools,2024-08-01,1088,16
2026-09-19,2024-06-01,lea,2024,89,Newark Charter School,All Schools,All Schools,2024-01-01,173,81
2026-09-19,2024-06-01,lea,2024,89,Newark Charter School,All Schools,All Schools,2024-02-01,173,32
2026-09-19,2024-06-01,lea,2024,89,Newark Charter School,All Schools,All Schools,2024-03-01,173,7
2026-09-19,2024-06-01,lea,2024,89,Newark Charter School,All Schools,All Schools,2024-04-01,173,14
2026-09-19,2024-06-01,lea,2024,89,Newark Charter School,All Schools,All Schools,2024-05-01,173,6
2026-09-19,2024-06-01,lea,2024,89,Newark Charter School,All Schools,All Schools,2024-06-01,173,1
2026-09-19,2024-06-01,lea,2024,89,Newark Charter School,All Schools,All Schools,2024-07-01,173,1
2026-09-19,2024-06-01,lea,2024,86,Odyssey Charter School,All Schools,All Schools,2024-01-01,70,15
2026-09-19,2024-06-01,lea,2024,86,Odyssey Charter School,All Schools,All Schools,2024-02-01,70,8
2026-09-19,2024-06-01,lea,2024,86,Odyssey Charter School,All Schools,All Schools,2024-03-01,70,5
2026-09-19,2024-06-01,lea,2024,86,Odyssey Charter School,All Schools,All Schools,2024-04-01,70,6
2026-09-19,2024-06-01,lea,2024,86,Odyssey Charter School,All Schools,All Schools,2024-05-01,70,7
2026-09-19,2024-06-01,lea,2024,86,Odyssey Charter School,All Schools,All Schools,2024-06-01,70,2
2026-09-19,2024-06-01,lea,2024,86,Odyssey Charter School,All Schools,All Schools,2024-07-01,70,1
2026-09-19,2024-06-01,lea,2024,86,Odyssey Charter School,All Schools,All Schools,2024-08-01,70,1
2026-09-19,2024-06-01,lea,2024,39,POLYTECH School District,All Schools,All Schools,2024-01-01,283,60
2026-09-19,2024-06-01,lea,2024,39,POLYTECH School District,All Schools,All Schools,2024-02-01,283,33
2026-09-19,2024-06-01,lea,2024,39,POLYTECH School District,All Schools,All Schools,2024-03-01,283,17
2026-09-19,2024-06-01,lea,2024,39,POLYTECH School District,All Schools,All Schools,2024-04-01,283,19
2026-09-19,2024-06-01,lea,2024,39,POLYTECH School District,All Schools,All Schools,2024-05-01,283,19
2026-09-19,2024-06-01,lea,2024,39,POLYTECH School District,All Schools,All Schools,2024-06-01,283,7
2026-09-19,2024-06-01,lea,2024,39,POLYTECH School District,All Schools,All Schools,2024-07-01,283,4
2026-09-19,2024-06-01,lea,2024,39,POLYTECH School District,All Schools,All Schools,2024-08-01,283,6
2026-09-19,2024-06-01,lea,2024,71,Positive Outcomes Charter School,All Schools,All Schools,2024-02-01,16,2
2026-09-19,2024-06-01,lea,2024,71,Positive Outcomes Charter School,All Schools,All Schools,2024-03-01,16,1
2026-09-19,2024-06-01,lea,2024,32,Red Clay Consolidated School District,All Schools,All Schools,2024-01-01,899,165
2026-09-19,2024-06-01,lea,2024,32,Red Clay Consolidated School District,All Schools,All Schools,2024-02-01,899,54
2026-09-19,2024-06-01,lea,2024,32,Red Clay Consolidated School District,All Schools,All Schools,2024-03-01,899,42
2026-09-19,2024-06-01,lea,2024,32,Red Clay Consolidated School District,All Schools,All Schools,2024-04-01,899,36
2026-09-19,2024-06-01,lea,2024,32,Red Clay Consolidated School District,All Schools,All Schools,2024-05-01,899,44
2026-09-19,2024-06-01,lea,2024,32,Red Clay Consolidated School District,All Schools,All Schools,2024-06-01,899,20
2026-09-19,2024-06-01,lea,2024,32,Red Clay Consolidated School District,All Schools,All Schools,2024-07-01,899,18
2026-09-19,2024-06-01,lea,2024,32,Red Clay Consolidated School District,All Schools,All Schools,2024-08-01,899,14
2026-09-19,2024-06-01,lea,2024,23,Seaford School District,All Schools,All Schools,2024-01-01,183,12
2026-09-19,2024-06-01,lea,2024,23,Seaford School District,All Schools,All Schools,2024-02-01,183,8
2026-09-19,2024-06-01,lea,2024,23,Seaford School District,All Schools,All Schools,2024-03-01,183,9
2026-09-19,2024-06-01,lea,2024,23,Seaford School District,All Schools,All Schools,2024-04-01,183,3
2026-09-19,2024-06-01,lea,2024,23,Seaford School District,All Schools,All Schools,2024-05-01,183,10
2026-09-19,2024-06-01,lea,2024,23,Seaford School District,All Schools,All Schools,2024-06-01,183,1
2026-09-19,2024-06-01,lea,2024,23,Seaford School District,All Schools,All Schools,2024-07-01,183,4
2026-09-19,2024-06-01,lea,2024,23,Seaford School District,All Schools,All Schools,2024-08-01,183,1
2026-09-19,2024-06-01,lea,2024,24,Smyrna School District,All Schools,All Schools,2024-01-01,440,89
2026-09-19,2024-06-01,lea,2024,24,Smyrna School District,All Schools,All Schools,2024-02-01,440,39
2026-09-19,2024-06-01,lea,2024,24,Smyrna School District,All Schools,All Schools,2024-03-01,440,37
2026-09-19,2024-06-01,lea,2024,24,Smyrna School District,All Schools,All Schools,2024-04-01,440,36
2026-09-19,2024-06-01,lea,2024,24,Smyrna School District,All Schools,All Schools,2024-05-01,440,29
2026-09-19,2024-06-01,lea,2024,24,Smyrna School District,All Schools,All Schools,2024-06-01,440,13
2026-09-19,2024-06-01,lea,2024,24,Smyrna School District,All Schools,All Schools,2024-07-01,440,6
2026-09-19,2024-06-01,lea,2024,24,Smyrna School District,All Schools,All Schools,2024-08-01,440,11
2026-09-19,2024-06-01,lea,2024,77,Sussex Academy,All Schools,All Schools,2024-01-01,118,47
2026-09-19,2024-06-01,lea,2024,77,Sussex Academy,All Schools,All Schools,2024-02-01,118,12
2026-09-19,2024-06-01,lea,2024,77,Sussex Academy,All Schools,All Schools,2024-03-01,118,8
2026-09-19,2024-06-01,lea,2024,77,Sussex Academy,All Schools,All Schools,2024-04-01,118,8
2026-09-19,2024-06-01,lea,2024,77,Sussex Academy,All Schools,All Schools,2024-05-01,118,2
2026-09-19,2024-06-01,lea,2024,77,Sussex Academy,All Schools,All Schools,2024-06-01,118,1
2026-09-19,2024-06-01,lea,2024,77,Sussex Academy,All Schools,All Schools,2024-07-01,118,6
2026-09-19,2024-06-01,lea,2024,40,Sussex Technical School District,All Schools,All Schools,2024-01-01,284,33
2026-09-19,2024-06-01,lea,2024,40,Sussex Technical School District,All Schools,All Schools,2024-02-01,284,32
2026-09-19,2024-06-01,lea,2024,40,Sussex Technical School District,All Schools,All Schools,2024-03-01,284,26
2026-09-19,2024-06-01,lea,2024,40,Sussex Technical School District,All Schools,All Schools,2024-04-01,284,18
2026-09-19,2024-06-01,lea,2024,40,Sussex Technical School District,All Schools,All Schools,2024-05-01,284,29
2026-09-19,2024-06-01,lea,2024,40,Sussex Technical School District,All Schools,All Schools,2024-06-01,284,9
2026-09-19,2024-06-01,lea,2024,40,Sussex Technical School District,All Schools,All Schools,2024-07-01,284,8
2026-09-19,2024-06-01,lea,2024,40,Sussex Technical School District,All Schools,All Schools,2024-08-01,284,4
2026-09-19,2024-06-01,lea,2024,35,Woodbridge School District,All Schools,All Schools,2024-01-01,138,18
2026-09-19,2024-06-01,lea,2024,35,Woodbridge School District,All Schools,All Schools,2024-02-01,138,7
2026-09-19,2024-06-01,lea,2024,35,Woodbridge School District,All Schools,All Schools,2024-03-01,138,7
2026-09-19,2024-06-01,lea,2024,35,Woodbridge School District,All Schools,All Schools,2024-04-01,138,5
2026-09-19,2024-06-01,lea,2024,35,Woodbridge School District,All Schools,All Schools,2024-05-01,138,3
2026-09-19,2024-06-01,lea,2024,35,Woodbridge School District,All Schools,All Schools,2024-06-01,138,7
2026-09-19,2024-06-01,lea,2024,35,Woodbridge School District,All Schools,All Schools,2024-07-01,138,1
2026-09-19,2024-06-01,lea,2024,35,Woodbridge School District,All Schools,All Schools,2024-08-01,138,1
2026-09-19,2024-06-01,state,2024,All LEAs,All LEAs,All Schools,All Schools,2024-01-01,11054,2068
2026-09-19,2024-06-01,state,2024,All LEAs,All LEAs,All Schools,All Schools,2024-02-01,11054,918
2026-09-19,2024-06-01,state,2024,All LEAs,All LEAs,All Schools,All Schools,2024-03-01,11054,751
2026-09-19,2024-06-01,state,2024,All LEAs,All LEAs,All Schools,All Schools,2024-04-01,11054,587
2026-09-19,2024-06-01,state,2024,All LEAs,All LEAs,All Schools,All Schools,2024-05-01,11054,538
2026-09-19,2024-06-01,state,2024,All LEAs,All LEAs,All Schools,All Schools,2024-06-01,11054,263
2026-09-19,2024-06-01,state,2024,All LEAs,All LEAs,All Schools,All Schools,2024-07-01,11054,241
2026-09-19,2024-06-01,state,2024,All LEAs,All LEAs,All Schools,All Schools,2024-08-01,11054,164
2026-09-19,2023-06-15,school,2023,29,Appoquinimink School District,24,Appoquinimink High School,2022-10-01,459,121
2026-09-19,2023-06-15,school,2023,29,Appoquinimink School District,24,Appoquinimink High School,2022-11-01,459,42
2026-09-19,2023-06-15,school,2023,29,Appoquinimink School District,24,Appoquinimink High School,2022-12-01,459,21
2026-09-19,2023-06-15,school,2023,29,Appoquinimink School District,24,Appoquinimink High School,2023-01-01,459,33
2026-09-19,2023-06-15,school,2023,29,Appoquinimink School District,24,Appoquinimink High School,2023-02-01,459,14
2026-09-19,2023-06-15,school,2023,29,Appoquinimink School District,24,Appoquinimink High School,2023-03-01,459,26
2026-09-19,2023-06-15,school,2023,29,Appoquinimink School District,24,Appoquinimink High School,2023-04-01,459,13
2026-09-19,2023-06-15,school,2023,29,Appoquinimink School District,24,Appoquinimink High School,2023-05-01,459,6
2026-09-19,2023-06-15,school,2023,29,Appoquinimink School District,18,Middletown High School,2022-10-01,446,112
2026-09-19,2023-06-15,school,2023,29,Appoquinimink School District,18,Middletown High School,2022-11-01,446,41
2026-09-19,2023-06-15,school,2023,29,Appoquinimink School District,18,Middletown High School,2022-12-01,446,28
2026-09-19,2023-06-15,school,2023,29,Appoquinimink School District,18,Middletown High School,2023-01-01,446,38
2026-09-19,2023-06-15,school,2023,29,Appoquinimink School District,18,Middletown High School,2023-02-01,446,20
2026-09-19,2023-06-15,school,2023,29,Appoquinimink School District,18,Middletown High School,2023-03-01,446,31
2026-09-19,2023-06-15,school,2023,29,Appoquinimink School District,18,Middletown High School,2023-04-01,446,13
2026-09-19,2023-06-15,school,2023,29,Appoquinimink School District,18,Middletown High School,2023-05-01,446,13
2026-09-19,2023-06-15,school,2023,31,Brandywine School District,190,Brandywine High School,2022-10-01,213,43
2026-09-19,2023-06-15,school,2023,31,Brandywine School District,190,Brandywine High School,2022-11-01,213,27
2026-09-19,2023-06-15,school,2023,31,Brandywine School District,190,Brandywine High School,2022-12-01,213,10
2026-09-19,2023-06-15,school,2023,31,Brandywine School District,190,Brandywine High School,2023-01-01,213,7
2026-09-19,2023-06-15,school,2023,31,Brandywine School District,190,Brandywine High School,2023-02-01,213,12
2026-09-19,2023-06-15,school,2023,31,Brandywine School District,190,Brandywine High School,2023-03-01,213,8
2026-09-19,2023-06-15,school,2023,31,Brandywine School District,190,Brandywine High School,2023-04-01,213,2
2026-09-19,2023-06-15,school,2023,31,Brandywine School District,190,Brandywine High School,2023-05-01,213,1
2026-09-19,2023-06-15,school,2023,31,Brandywine School District,108,Brandywine SITE,2023-05-01,26,1
2026-09-19,2023-06-15,school,2023,31,Brandywine School District,194,Concord High School,2022-10-01,236,46
2026-09-19,2023-06-15,school,2023,31,Brandywine School District,194,Concord High School,2022-11-01,236,20
2026-09-19,2023-06-15,school,2023,31,Brandywine School District,194,Concord High School,2022-12-01,236,10
2026-09-19,2023-06-15,school,2023,31,Brandywine School District,194,Concord High School,2023-01-01,236,18
2026-09-19,2023-06-15,school,2023,31,Brandywine School District,194,Concord High School,2023-02-01,236,14
2026-09-19,2023-06-15,school,2023,31,Brandywine School District,194,Concord High School,2023-03-01,236,14
2026-09-19,2023-06-15,school,2023,31,Brandywine School District,194,Concord High School,2023-04-01,236,9
2026-09-19,2023-06-15,school,2023,31,Brandywine School District,194,Concord High School,2023-05-01,236,4
2026-09-19,2023-06-15,school,2023,31,Brandywine School District,196,Mount Pleasant High School,2022-10-01,271,67
2026-09-19,2023-06-15,school,2023,31,Brandywine School District,196,Mount Pleasant High School,2022-11-01,271,19
2026-09-19,2023-06-15,school,2023,31,Brandywine School District,196,Mount Pleasant High School,2022-12-01,271,11
2026-09-19,2023-06-15,school,2023,31,Brandywine School District,196,Mount Pleasant High School,2023-01-01,271,16
2026-09-19,2023-06-15,school,2023,31,Brandywine School District,196,Mount Pleasant High School,2023-02-01,271,9
2026-09-19,2023-06-15,school,2023,31,Brandywine School District,196,Mount Pleasant High School,2023-03-01,271,11
2026-09-19,2023-06-15,school,2023,31,Brandywine School District,196,Mount Pleasant High School,2023-04-01,271,9
2026-09-19,2023-06-15,school,2023,31,Brandywine School District,196,Mount Pleasant High School,2023-05-01,271,2
2026-09-19,2023-06-15,school,2023,10,Caesar Rodney School District,626,Caesar Rodney High School,2022-10-01,524,89
2026-09-19,2023-06-15,school,2023,10,Caesar Rodney School District,626,Caesar Rodney High School,2022-11-01,524,29
2026-09-19,2023-06-15,school,2023,10,Caesar Rodney School District,626,Caesar Rodney High School,2022-12-01,524,31
2026-09-19,2023-06-15,school,2023,10,Caesar Rodney School District,626,Caesar Rodney High School,2023-01-01,524,38
2026-09-19,2023-06-15,school,2023,10,Caesar Rodney School District,626,Caesar Rodney High School,2023-02-01,524,27
2026-09-19,2023-06-15,school,2023,10,Caesar Rodney School District,626,Caesar Rodney High School,2023-03-01,524,17
2026-09-19,2023-06-15,school,2023,10,Caesar Rodney School District,626,Caesar Rodney High School,2023-04-01,524,27
2026-09-19,2023-06-15,school,2023,10,Caesar Rodney School District,626,Caesar Rodney High School,2023-05-01,524,8
2026-09-19,2023-06-15,school,2023,10,Caesar Rodney School District,630,John S. Charlton School,NULL,62,0
2026-09-19,2023-06-15,school,2023,17,Cape Henlopen School District,726,Cape Henlopen High School,2022-10-01,414,64
2026-09-19,2023-06-15,school,2023,17,Cape Henlopen School District,726,Cape Henlopen High School,2022-11-01,414,49
2026-09-19,2023-06-15,school,2023,17,Cape Henlopen School District,726,Cape Henlopen High School,2022-12-01,414,20
2026-09-19,2023-06-15,school,2023,17,Cape Henlopen School District,726,Cape Henlopen High School,2023-01-01,414,29
2026-09-19,2023-06-15,school,2023,17,Cape Henlopen School District,726,Cape Henlopen High School,2023-02-01,414,18
2026-09-19,2023-06-15,school,2023,17,Cape Henlopen School District,726,Cape Henlopen High School,2023-03-01,414,11
2026-09-19,2023-06-15,school,2023,17,Cape Henlopen School District,726,Cape Henlopen High School,2023-04-01,414,12
2026-09-19,2023-06-15,school,2023,17,Cape Henlopen School District,726,Cape Henlopen High School,2023-05-01,414,8
2026-09-19,2023-06-15,school,2023,17,Cape Henlopen School District,728,Sussex Consortium,NULL,12,0
2026-09-19,2023-06-15,school,2023,13,Capital School District,648,Dover High School,2022-10-01,436,34
2026-09-19,2023-06-15,school,2023,13,Capital School District,648,Dover High School,2022-11-01,436,28
2026-09-19,2023-06-15,school,2023,13,Capital School District,648,Dover High School,2022-12-01,436,26
2026-09-19,2023-06-15,school,2023,13,Capital School District,648,Dover High School,2023-01-01,436,24
2026-09-19,2023-06-15,school,2023,13,Capital School District,648,Dover High School,2023-02-01,436,17
2026-09-19,2023-06-15,school,2023,13,Capital School District,648,Dover High School,2023-03-01,436,24
2026-09-19,2023-06-15,school,2023,13,Capital School District,648,Dover High School,2023-04-01,436,21
2026-09-19,2023-06-15,school,2023,13,Capital School District,648,Dover High School,2023-05-01,436,5
2026-09-19,2023-06-15,school,2023,13,Capital School District,650,Kent County Community School,NULL,41,0
2026-09-19,2023-06-15,school,2023,70,Charter School of Wilmington,295,Charter School of Wilmington,2022-10-01,238,108
2026-09-19,2023-06-15,school,2023,70,Charter School of Wilmington,295,Charter School of Wilmington,2022-11-01,238,47
2026-09-19,2023-06-15,school,2023,70,Charter School of Wilmington,295,Charter School of Wilmington,2022-12-01,238,10
2026-09-19,2023-06-15,school,2023,70,Charter School of Wilmington,295,Charter School of Wilmington,2023-01-01,238,18
2026-09-19,2023-06-15,school,2023,70,Charter School of Wilmington,295,Charter School of Wilmington,2023-02-01,238,7
2026-09-19,2023-06-15,school,2023,70,Charter School of Wilmington,295,Charter School of Wilmington,2023-03-01,238,1
2026-09-19,2023-06-15,school,2023,70,Charter School of Wilmington,295,Charter School of Wilmington,2023-04-01,238,3
2026-09-19,2023-06-15,school,2023,70,Charter School of Wilmington,295,Charter School of Wilmington,2023-05-01,238,1
2026-09-19,2023-06-15,school,2023,33,Christina School District,538,Brennen School (The),NULL,29,0
2026-09-19,2023-06-15,school,2023,33,Christina School District,390,Christiana High School,2022-10-01,218,21
2026-09-19,2023-06-15,school,2023,33,Christina School District,390,Christiana High School,2022-11-01,218,9
2026-09-19,2023-06-15,school,2023,33,Christina School District,390,Christiana High School,2022-12-01,218,7
2026-09-19,2023-06-15,school,2023,33,Christina School District,390,Christiana High School,2023-01-01,218,13
2026-09-19,2023-06-15,school,2023,33,Christina School District,390,Christiana High School,2023-02-01,218,8
2026-09-19,2023-06-15,school,2023,33,Christina School District,390,Christiana High School,2023-03-01,218,2
2026-09-19,2023-06-15,school,2023,33,Christina School District,390,Christiana High School,2023-04-01,218,5
2026-09-19,2023-06-15,school,2023,33,Christina School District,390,Christiana High School,2023-05-01,218,2
2026-09-19,2023-06-15,school,2023,33,Christina School District,545,Christina Early Education Center,NULL,7,0
2026-09-19,2023-06-15,school,2023,33,Christina School District,540,Delaware School for the Deaf School (DSD),NULL,8,0
2026-09-19,2023-06-15,school,2023,33,Christina School District,537,Douglass School,NULL,1,0
2026-09-19,2023-06-15,school,2023,33,Christina School District,392,Glasgow High School,2022-10-01,223,6
2026-09-19,2023-06-15,school,2023,33,Christina School District,392,Glasgow High School,2022-11-01,223,14
2026-09-19,2023-06-15,school,2023,33,Christina School District,392,Glasgow High School,2022-12-01,223,8
2026-09-19,2023-06-15,school,2023,33,Christina School District,392,Glasgow High School,2023-01-01,223,5
2026-09-19,2023-06-15,school,2023,33,Christina School District,392,Glasgow High School,2023-02-01,223,2
2026-09-19,2023-06-15,school,2023,33,Christina School District,392,Glasgow High School,2023-03-01,223,1
2026-09-19,2023-06-15,school,2023,33,Christina School District,392,Glasgow High School,2023-04-01,223,1
2026-09-19,2023-06-15,school,2023,33,Christina School District,392,Glasgow High School,2023-05-01,223,1
2026-09-19,2023-06-15,school,2023,33,Christina School District,394,Newark High School,2022-10-01,271,28
2026-09-19,2023-06-15,school,2023,33,Christina School District,394,Newark High School,2022-11-01,271,35
2026-09-19,2023-06-15,school,2023,33,Christina School District,394,Newark High School,2022-12-01,271,9
2026-09-19,2023-06-15,school,2023,33,Christina School District,394,Newark High School,2023-01-01,271,12
2026-09-19,2023-06-15,school,2023,33,Christina School District,394,Newark High School,2023-02-01,271,7
2026-09-19,2023-06-15,school,2023,33,Christina School District,394,Newark High School,2023-03-01,271,6
2026-09-19,2023-06-15,school,2023,33,Christina School District,394,Newark High School,2023-04-01,271,5
2026-09-19,2023-06-15,school,2023,33,Christina School District,394,Newark High School,2023-05-01,271,4
2026-09-19,2023-06-15,school,2023,33,Christina School District,354,Pyle (Sarah) Academy,2022-10-01,69,1
2026-09-19,2023-06-15,school,2023,33,Christina School District,354,Pyle (Sarah) Academy,2022-12-01,69,3
2026-09-19,2023-06-15,school,2023,33,Christina School District,354,Pyle (Sarah) Academy,2023-01-01,69,1
2026-09-19,2023-06-15,school,2023,33,Christina School District,354,Pyle (Sarah) Academy,2023-02-01,69,5
2026-09-19,2023-06-15,school,2023,33,Christina School District,354,Pyle (Sarah) Academy,2023-03-01,69,2
2026-09-19,2023-06-15,school,2023,33,Christina School District,354,Pyle (Sarah) Academy,2023-04-01,69,2
2026-09-19,2023-06-15,school,2023,34,Colonial School District,514,Leach (John G.) School,NULL,47,0
2026-09-19,2023-06-15,school,2023,34,Colonial School District,490,Penn (William) High School,2022-10-01,526,56
2026-09-19,2023-06-15,school,2023,34,Colonial School District,490,Penn (William) High School,2022-11-01,526,29
2026-09-19,2023-06-15,school,2023,34,Colonial School District,490,Penn (William) High School,2022-12-01,526,18
2026-09-19,2023-06-15,school,2023,34,Colonial School District,490,Penn (William) High School,2023-01-01,526,24
2026-09-19,2023-06-15,school,2023,34,Colonial School District,490,Penn (William) High School,2023-02-01,526,16
2026-09-19,2023-06-15,school,2023,34,Colonial School District,490,Penn (William) High School,2023-03-01,526,20
2026-09-19,2023-06-15,school,2023,34,Colonial School District,490,Penn (William) High School,2023-04-01,526,13
2026-09-19,2023-06-15,school,2023,34,Colonial School District,490,Penn (William) High School,2023-05-01,526,13
2026-09-19,2023-06-15,school,2023,79,Delaware Military Academy,578,Delaware Military Academy,2022-10-01,129,24
2026-09-19,2023-06-15,school,2023,79,Delaware Military Academy,578,Delaware Military Academy,2022-11-01,129,34
2026-09-19,2023-06-15,school,2023,79,Delaware Military Academy,578,Delaware Military Academy,2022-12-01,129,14
2026-09-19,2023-06-15,school,2023,79,Delaware Military Academy,578,Delaware Military Academy,2023-01-01,129,15
2026-09-19,2023-06-15,school,2023,79,Delaware Military Academy,578,Delaware Military Academy,2023-02-01,129,10
2026-09-19,2023-06-15,school,2023,79,Delaware Military Academy,578,Delaware Military Academy,2023-03-01,129,1
2026-09-19,2023-06-15,school,2023,79,Delaware Military Academy,578,Delaware Military Academy,2023-04-01,129,4
2026-09-19,2023-06-15,school,2023,79,Delaware Military Academy,578,Delaware Military Academy,2023-05-01,129,2
2026-09-19,2023-06-15,school,2023,37,Delmar School District,730,Delmar High School,2022-10-01,140,6
2026-09-19,2023-06-15,school,2023,37,Delmar School District,730,Delmar High School,2022-11-01,140,13
2026-09-19,2023-06-15,school,2023,37,Delmar School District,730,Delmar High School,2022-12-01,140,1
2026-09-19,2023-06-15,school,2023,37,Delmar School District,730,Delmar High School,2023-01-01,140,4
2026-09-19,2023-06-15,school,2023,37,Delmar School District,730,Delmar High School,2023-02-01,140,6
2026-09-19,2023-06-15,school,2023,37,Delmar School District,730,Delmar High School,2023-03-01,140,7
2026-09-19,2023-06-15,school,2023,37,Delmar School District,730,Delmar High School,2023-04-01,140,1
2026-09-19,2023-06-15,school,2023,37,Delmar School District,730,Delmar High School,2023-05-01,140,4
2026-09-19,2023-06-15,school,2023,97,Dept. of Svs. for Children Youth & Their Families,976,Stevenson House Detention Center,NULL,1,0
2026-09-19,2023-06-15,school,2023,9604,Early College High School at Del State,4040,Early College School at Del State,2022-10-01,83,16
2026-09-19,2023-06-15,school,2023,9604,Early College High School at Del State,4040,Early College School at Del State,2022-11-01,83,4
2026-09-19,2023-06-15,school,2023,9604,Early College High School at Del State,4040,Early College School at Del State,2023-01-01,83,13
2026-09-19,2023-06-15,school,2023,9604,Early College High School at Del State,4040,Early College School at Del State,2023-02-01,83,5
2026-09-19,2023-06-15,school,2023,9604,Early College High School at Del State,4040,Early College School at Del State,2023-03-01,83,8
2026-09-19,2023-06-15,school,2023,9604,Early College High School at Del State,4040,Early College School at Del State,2023-04-01,83,7
2026-09-19,2023-06-15,school,2023,9604,Early College High School at Del State,4040,Early College School at Del State,2023-05-01,83,3
2026-09-19,2023-06-15,school,2023,9607,First State Military Academy,4055,First State Military Academy,2022-10-01,88,12
2026-09-19,2023-06-15,school,2023,9607,First State Military Academy,4055,First State Military Academy,2022-11-01,88,10
2026-09-19,2023-06-15,school,2023,9607,First State Military Academy,4055,First State Military Academy,2022-12-01,88,8
2026-09-19,2023-06-15,school,2023,9607,First State Military Academy,4055,First State Military Academy,2023-01-01,88,10
2026-09-19,2023-06-15,school,2023,9607,First State Military Academy,4055,First State Military Academy,2023-02-01,88,3
2026-09-19,2023-06-15,school,2023,9607,First State Military Academy,4055,First State Military Academy,2023-03-01,88,2
2026-09-19,2023-06-15,school,2023,9607,First State Military Academy,4055,First State Military Academy,2023-04-01,88,1
2026-09-19,2023-06-15,school,2023,9607,First State Military Academy,4055,First State Military Academy,2023-05-01,88,1
2026-09-19,2023-06-15,school,2023,9612,Freire Charter School Wilmington,4080,Freire Charter School,2022-10-01,93,13
2026-09-19,2023-06-15,school,2023,9612,Freire Charter School Wilmington,4080,Freire Charter School,2022-11-01,93,9
2026-09-19,2023-06-15,school,2023,9612,Freire Charter School Wilmington,4080,Freire Charter School,2022-12-01,93,4
2026-09-19,2023-06-15,school,2023,9612,Freire Charter School Wilmington,4080,Freire Charter School,2023-01-01,93,10
2026-09-19,2023-06-15,school,2023,9612,Freire Charter School Wilmington,4080,Freire Charter School,2023-02-01,93,6
2026-09-19,2023-06-15,school,2023,9612,Freire Charter School Wilmington,4080,Freire Charter School,2023-03-01,93,5
2026-09-19,2023-06-15,school,2023,9612,Freire Charter School Wilmington,4080,Freire Charter School,2023-04-01,93,2
2026-09-19,2023-06-15,school,2023,9612,Freire Charter School Wilmington,4080,Freire Charter School,2023-05-01,93,1
2026-09-19,2023-06-15,school,2023,9611,Great Oaks Charter School,4075,Great Oaks Charter School,2022-10-01,80,2
2026-09-19,2023-06-15,school,2023,9611,Great Oaks Charter School,4075,Great Oaks Charter School,2022-11-01,80,4
2026-09-19,2023-06-15,school,2023,9611,Great Oaks Charter School,4075,Great Oaks Charter School,2022-12-01,80,1
2026-09-19,2023-06-15,school,2023,9611,Great Oaks Charter School,4075,Great Oaks Charter School,2023-01-01,80,6
2026-09-19,2023-06-15,school,2023,9611,Great Oaks Charter School,4075,Great Oaks Charter School,2023-02-01,80,2
2026-09-19,2023-06-15,school,2023,9611,Great Oaks Charter School,4075,Great Oaks Charter School,2023-04-01,80,3
2026-09-19,2023-06-15,school,2023,9611,Great Oaks Charter School,4075,Great Oaks Charter School,2023-05-01,80,3
2026-09-19,2023-06-15,school,2023,36,Indian River School District,750,Ennis (Howard T.) School,NULL,39,0
2026-09-19,2023-06-15,school,2023,36,Indian River School District,746,Indian River High School,2022-10-01,246,60
2026-09-19,2023-06-15,school,2023,36,Indian River School District,746,Indian River High School,2022-11-01,246,20
2026-09-19,2023-06-15,school,2023,36,Indian River School District,746,Indian River High School,2022-12-01,246,8
2026-09-19,2023-06-15,school,2023,36,Indian River School District,746,Indian River High School,2023-01-01,246,24
2026-09-19,2023-06-15,school,2023,36,Indian River School District,746,Indian River High School,2023-02-01,246,9
2026-09-19,2023-06-15,school,2023,36,Indian River School District,746,Indian River High School,2023-03-01,246,9
2026-09-19,2023-06-15,school,2023,36,Indian River School District,746,Indian River High School,2023-04-01,246,6
2026-09-19,2023-06-15,school,2023,36,Indian River School District,746,Indian River High School,2023-05-01,246,3
2026-09-19,2023-06-15,school,2023,36,Indian River School District,745,Indian River Intensive Learning Center,NULL,8,0
2026-09-19,2023-06-15,school,2023,36,Indian River School District,748,Sussex Central High School,2022-10-01,485,49
2026-09-19,2023-06-15,school,2023,36,Indian River School District,748,Sussex Central High School,2022-11-01,485,15
2026-09-19,2023-06-15,school,2023,36,Indian River School District,748,Sussex Central High School,2022-12-01,485,11
2026-09-19,2023-06-15,school,2023,36,Indian River School District,748,Sussex Central High School,2023-01-01,485,36
2026-09-19,2023-06-15,school,2023,36,Indian River School District,748,Sussex Central High School,2023-02-01,485,12
2026-09-19,2023-06-15,school,2023,36,Indian River School District,748,Sussex Central High School,2023-03-01,485,26
2026-09-19,2023-06-15,school,2023,36,Indian River School District,748,Sussex Central High School,2023-04-01,485,19
2026-09-19,2023-06-15,school,2023,36,Indian River School District,748,Sussex Central High School,2023-05-01,485,10
2026-09-19,2023-06-15,school,2023,15,Lake Forest School District,665,Lake Forest High School,2022-10-01,185,23
2026-09-19,2023-06-15,school,2023,15,Lake Forest School District,665,Lake Forest High School,2022-11-01,185,14
2026-09-19,2023-06-15,school,2023,15,Lake Forest School District,665,Lake Forest High School,2022-12-01,185,9
2026-09-19,2023-06-15,school,2023,15,Lake Forest School District,665,Lake Forest High School,2023-01-01,185,16
2026-09-19,2023-06-15,school,2023,15,Lake Forest School District,665,Lake Forest High School,2023-02-01,185,14
2026-09-19,2023-06-15,school,2023,15,Lake Forest School District,665,Lake Forest High School,2023-03-01,185,14
2026-09-19,2023-06-15,school,2023,15,Lake Forest School District,665,Lake Forest High School,2023-04-01,185,8
2026-09-19,2023-06-15,school,2023,15,Lake Forest School District,665,Lake Forest High School,2023-05-01,185,4
2026-09-19,2023-06-15,school,2023,16,Laurel School District,756,Laurel Senior High School,2022-10-01,152,17
2026-09-19,2023-06-15,school,2023,16,Laurel School District,756,Laurel Senior High School,2022-11-01,152,19
2026-09-19,2023-06-15,school,2023,16,Laurel School District,756,Laurel Senior High School,2022-12-01,152,3
2026-09-19,2023-06-15,school,2023,16,Laurel School District,756,Laurel Senior High School,2023-01-01,152,2
2026-09-19,2023-06-15,school,2023,16,Laurel School District,756,Laurel Senior High School,2023-02-01,152,6
2026-09-19,2023-06-15,school,2023,16,Laurel School District,756,Laurel Senior High School,2023-03-01,152,7
2026-09-19,2023-06-15,school,2023,16,Laurel School District,756,Laurel Senior High School,2023-04-01,152,4
2026-09-19,2023-06-15,school,2023,16,Laurel School District,756,Laurel Senior High School,2023-05-01,152,3
2026-09-19,2023-06-15,school,2023,18,Milford School District,678,Milford Senior High School,2022-10-01,253,26
2026-09-19,2023-06-15,school,2023,18,Milford School District,678,Milford Senior High School,2022-11-01,253,14
2026-09-19,2023-06-15,school,2023,18,Milford School District,678,Milford Senior High School,2022-12-01,253,5
2026-09-19,2023-06-15,school,2023,18,Milford School District,678,Milford Senior High School,2023-01-01,253,14
2026-09-19,2023-06-15,school,2023,18,Milford School District,678,Milford Senior High School,2023-02-01,253,10
2026-09-19,2023-06-15,school,2023,18,Milford School District,678,Milford Senior High School,2023-03-01,253,15
2026-09-19,2023-06-15,school,2023,18,Milford School District,678,Milford Senior High School,2023-04-01,253,9
2026-09-19,2023-06-15,school,2023,18,Milford School District,678,Milford Senior High School,2023-05-01,253,3
2026-09-19,2023-06-15,school,2023,88,MOT Charter School,587,MOT Charter School,2022-10-01,159,47
2026-09-19,2023-06-15,school,2023,88,MOT Charter School,587,MOT Charter School,2022-11-01,159,25
2026-09-19,2023-06-15,school,2023,88,MOT Charter School,587,MOT Charter School,2022-12-01,159,11
2026-09-19,2023-06-15,school,2023,88,MOT Charter School,587,MOT Charter School,2023-01-01,159,16
2026-09-19,2023-06-15,school,2023,88,MOT Charter School,587,MOT Charter School,2023-02-01,159,10
2026-09-19,2023-06-15,school,2023,88,MOT Charter School,587,MOT Charter School,2023-03-01,159,8
2026-09-19,2023-06-15,school,2023,88,MOT Charter School,587,MOT Charter School,2023-04-01,159,5
2026-09-19,2023-06-15,school,2023,88,MOT Charter School,587,MOT Charter School,2023-05-01,159,2
2026-09-19,2023-06-15,school,2023,38,New Castle County Vocational-Technical School District,80,Delcastle Technical High School,2022-10-01,378,31
2026-09-19,2023-06-15,school,2023,38,New Castle County Vocational-Technical School District,80,Delcastle Technical High School,2022-11-01,378,23
2026-09-19,2023-06-15,school,2023,38,New Castle County Vocational-Technical School District,80,Delcastle Technical High School,2022-12-01,378,18
2026-09-19,2023-06-15,school,2023,38,New Castle County Vocational-Technical School District,80,Delcastle Technical High School,2023-01-01,378,14
2026-09-19,2023-06-15,school,2023,38,New Castle County Vocational-Technical School District,80,Delcastle Technical High School,2023-02-01,378,15
2026-09-19,2023-06-15,school,2023,38,New Castle County Vocational-Technical School District,80,Delcastle Technical High School,2023-03-01,378,24
2026-09-19,2023-06-15,school,2023,38,New Castle County Vocational-Technical School District,80,Delcastle Technical High School,2023-04-01,378,11
2026-09-19,2023-06-15,school,2023,38,New Castle County Vocational-Technical School District,80,Delcastle Technical High School,2023-05-01,378,7
2026-09-19,2023-06-15,school,2023,38,New Castle County Vocational-Technical School District,66,Hodgson (Paul M.) Vocational Technical High School,2022-10-01,231,13
2026-09-19,2023-06-15,school,2023,38,New Castle County Vocational-Technical School District,66,Hodgson (Paul M.) Vocational Technical High School,2022-11-01,231,24
2026-09-19,2023-06-15,school,2023,38,New Castle County Vocational-Technical School District,66,Hodgson (Paul M.) Vocational Technical High School,2022-12-01,231,7
2026-09-19,2023-06-15,school,2023,38,New Castle County Vocational-Technical School District,66,Hodgson (Paul M.) Vocational Technical High School,2023-01-01,231,16
2026-09-19,2023-06-15,school,2023,38,New Castle County Vocational-Technical School District,66,Hodgson (Paul M.) Vocational Technical High School,2023-02-01,231,9
2026-09-19,2023-06-15,school,2023,38,New Castle County Vocational-Technical School District,66,Hodgson (Paul M.) Vocational Technical High School,2023-03-01,231,11
2026-09-19,2023-06-15,school,2023,38,New Castle County Vocational-Technical School District,66,Hodgson (Paul M.) Vocational Technical High School,2023-04-01,231,7
2026-09-19,2023-06-15,school,2023,38,New Castle County Vocational-Technical School District,66,Hodgson (Paul M.) Vocational Technical High School,2023-05-01,231,4
2026-09-19,2023-06-15,school,2023,38,New Castle County Vocational-Technical School District,26,Howard High School of Technology,2022-10-01,172,19
2026-09-19,2023-06-15,school,2023,38,New Castle County Vocational-Technical School District,26,Howard High School of Technology,2022-11-01,172,9
2026-09-19,2023-06-15,school,2023,38,New Castle County Vocational-Technical School District,26,Howard High School of Technology,2022-12-01,172,19
2026-09-19,2023-06-15,school,2023,38,New Castle County Vocational-Technical School District,26,Howard High School of Technology,2023-01-01,172,13
2026-09-19,2023-06-15,school,2023,38,New Castle County Vocational-Technical School District,26,Howard High School of Technology,2023-02-01,172,7
2026-09-19,2023-06-15,school,2023,38,New Castle County Vocational-Technical School District,26,Howard High School of Technology,2023-03-01,172,11
2026-09-19,2023-06-15,school,2023,38,New Castle County Vocational-Technical School District,26,Howard High School of Technology,2023-04-01,172,5
2026-09-19,2023-06-15,school,2023,38,New Castle County Vocational-Technical School District,26,Howard High School of Technology,2023-05-01,172,2
2026-09-19,2023-06-15,school,2023,38,New Castle County Vocational-Technical School District,44,St. Georges Technical High School,2022-10-01,257,44
2026-09-19,2023-06-15,school,2023,38,New Castle County Vocational-Technical School District,44,St. Georges Technical High School,2022-11-01,257,30
2026-09-19,2023-06-15,school,2023,38,New Castle County Vocational-Technical School District,44,St. Georges Technical High School,2022-12-01,257,21
2026-09-19,2023-06-15,school,2023,38,New Castle County Vocational-Technical School District,44,St. Georges Technical High School,2023-01-01,257,21
2026-09-19,2023-06-15,school,2023,38,New Castle County Vocational-Technical School District,44,St. Georges Technical High School,2023-02-01,257,13
2026-09-19,2023-06-15,school,2023,38,New Castle County Vocational-Technical School District,44,St. Georges Technical High School,2023-03-01,257,10
2026-09-19,2023-06-15,school,2023,38,New Castle County Vocational-Technical School District,44,St. Georges Technical High School,2023-04-01,257,12
2026-09-19,2023-06-15,school,2023,38,New Castle County Vocational-Technical School District,44,St. Georges Technical High School,2023-05-01,257,4
2026-09-19,2023-06-15,school,2023,89,Newark Charter School,588,Newark Charter School,2022-10-01,185,98
2026-09-19,2023-06-15,school,2023,89,Newark Charter School,588,Newark Charter School,2022-11-01,185,18
2026-09-19,2023-06-15,school,2023,89,Newark Charter School,588,Newark Charter School,2022-12-01,185,7
2026-09-19,2023-06-15,school,2023,89,Newark Charter School,588,Newark Charter School,2023-01-01,185,11
2026-09-19,2023-06-15,school,2023,89,Newark Charter School,588,Newark Charter School,2023-02-01,185,3
2026-09-19,2023-06-15,school,2023,89,Newark Charter School,588,Newark Charter School,2023-03-01,185,4
2026-09-19,2023-06-15,school,2023,89,Newark Charter School,588,Newark Charter School,2023-04-01,185,4
2026-09-19,2023-06-15,school,2023,89,Newark Charter School,588,Newark Charter School,2023-05-01,185,3
2026-09-19,2023-06-15,school,2023,86,Odyssey Charter School,585,Odyssey Charter School,2022-10-01,71,27
2026-09-19,2023-06-15,school,2023,86,Odyssey Charter School,585,Odyssey Charter School,2022-11-01,71,8
2026-09-19,2023-06-15,school,2023,86,Odyssey Charter School,585,Odyssey Charter School,2022-12-01,71,1
2026-09-19,2023-06-15,school,2023,86,Odyssey Charter School,585,Odyssey Charter School,2023-01-01,71,4
2026-09-19,2023-06-15,school,2023,86,Odyssey Charter School,585,Odyssey Charter School,2023-02-01,71,3
2026-09-19,2023-06-15,school,2023,86,Odyssey Charter School,585,Odyssey Charter School,2023-03-01,71,3
2026-09-19,2023-06-15,school,2023,86,Odyssey Charter School,585,Odyssey Charter School,2023-04-01,71,1
2026-09-19,2023-06-15,school,2023,86,Odyssey Charter School,585,Odyssey Charter School,2023-05-01,71,1
2026-09-19,2023-06-15,school,2023,39,POLYTECH School District,652,POLYTECH High School,2022-10-01,259,59
2026-09-19,2023-06-15,school,2023,39,POLYTECH School District,652,POLYTECH High School,2022-11-01,259,25
2026-09-19,2023-06-15,school,2023,39,POLYTECH School District,652,POLYTECH High School,2022-12-01,259,11
2026-09-19,2023-06-15,school,2023,39,POLYTECH School District,652,POLYTECH High School,2023-01-01,259,17
2026-09-19,2023-06-15,school,2023,39,POLYTECH School District,652,POLYTECH High School,2023-02-01,259,12
2026-09-19,2023-06-15,school,2023,39,POLYTECH School District,652,POLYTECH High School,2023-03-01,259,15
2026-09-19,2023-06-15,school,2023,39,POLYTECH School District,652,POLYTECH High School,2023-04-01,259,19
2026-09-19,2023-06-15,school,2023,39,POLYTECH School District,652,POLYTECH High School,2023-05-01,259,5
2026-09-19,2023-06-15,school,2023,71,Positive Outcomes Charter School,570,Positive Outcomes Charter School,2022-10-01,17,2
2026-09-19,2023-06-15,school,2023,71,Positive Outcomes Charter School,570,Positive Outcomes Charter School,2023-02-01,17,1
2026-09-19,2023-06-15,school,2023,71,Positive Outcomes Charter School,570,Positive Outcomes Charter School,2023-04-01,17,1
2026-09-19,2023-06-15,school,2023,32,Red Clay Consolidated School District,286,Calloway (Cab) School of the Arts,2022-10-01,119,40
2026-09-19,2023-06-15,school,2023,32,Red Clay Consolidated School District,286,Calloway (Cab) School of the Arts,2022-11-01,119,21
2026-09-19,2023-06-15,school,2023,32,Red Clay Consolidated School District,286,Calloway (Cab) School of the Arts,2022-12-01,119,8
2026-09-19,2023-06-15,school,2023,32,Red Clay Consolidated School District,286,Calloway (Cab) School of the Arts,2023-01-01,119,9
2026-09-19,2023-06-15,school,2023,32,Red Clay Consolidated School District,286,Calloway (Cab) School of the Arts,2023-02-01,119,8
2026-09-19,2023-06-15,school,2023,32,Red Clay Consolidated School District,286,Calloway (Cab) School of the Arts,2023-03-01,119,3
2026-09-19,2023-06-15,school,2023,32,Red Clay Consolidated School District,286,Calloway (Cab) School of the Arts,2023-04-01,119,4
2026-09-19,2023-06-15,school,2023,32,Red Clay Consolidated School District,286,Calloway (Cab) School of the Arts,2023-05-01,119,1
2026-09-19,2023-06-15,school,2023,32,Red Clay Consolidated School District,284,Conrad Schools of Science,2022-10-01,168,53
2026-09-19,2023-06-15,school,2023,32,Red Clay Consolidated School District,284,Conrad Schools of Science,2022-11-01,168,17
2026-09-19,2023-06-15,school,2023,32,Red Clay Consolidated School District,284,Conrad Schools of Science,2022-12-01,168,18
2026-09-19,2023-06-15,school,2023,32,Red Clay Consolidated School District,284,Conrad Schools of Science,2023-01-01,168,14
2026-09-19,2023-06-15,school,2023,32,Red Clay Consolidated School District,284,Conrad Schools of Science,2023-02-01,168,10
2026-09-19,2023-06-15,school,2023,32,Red Clay Consolidated School District,284,Conrad Schools of Science,2023-03-01,168,9
2026-09-19,2023-06-15,school,2023,32,Red Clay Consolidated School District,284,Conrad Schools of Science,2023-04-01,168,4
2026-09-19,2023-06-15,school,2023,32,Red Clay Consolidated School District,284,Conrad Schools of Science,2023-05-01,168,3
2026-09-19,2023-06-15,school,2023,32,Red Clay Consolidated School District,290,Dickinson (John) School,2022-10-01,169,23
2026-09-19,2023-06-15,school,2023,32,Red Clay Consolidated School District,290,Dickinson (John) School,2022-11-01,169,13
2026-09-19,2023-06-15,school,2023,32,Red Clay Consolidated School District,290,Dickinson (John) School,2022-12-01,169,6
2026-09-19,2023-06-15,school,2023,32,Red Clay Consolidated School District,290,Dickinson (John) School,2023-01-01,169,4
2026-09-19,2023-06-15,school,2023,32,Red Clay Consolidated School District,290,Dickinson (John) School,2023-02-01,169,3
2026-09-19,2023-06-15,school,2023,32,Red Clay Consolidated School District,290,Dickinson (John) School,2023-03-01,169,5
2026-09-19,2023-06-15,school,2023,32,Red Clay Consolidated School District,290,Dickinson (John) School,2023-04-01,169,3
2026-09-19,2023-06-15,school,2023,32,Red Clay Consolidated School District,290,Dickinson (John) School,2023-05-01,169,3
2026-09-19,2023-06-15,school,2023,32,Red Clay Consolidated School District,292,duPont (Alexis I.) High School,2022-10-01,191,9
2026-09-19,2023-06-15,school,2023,32,Red Clay Consolidated School District,292,duPont (Alexis I.) High School,2022-11-01,191,9
2026-09-19,2023-06-15,school,2023,32,Red Clay Consolidated School District,292,duPont (Alexis I.) High School,2022-12-01,191,6
2026-09-19,2023-06-15,school,2023,32,Red Clay Consolidated School District,292,duPont (Alexis I.) High School,2023-01-01,191,15
2026-09-19,2023-06-15,school,2023,32,Red Clay Consolidated School District,292,duPont (Alexis I.) High School,2023-02-01,191,6
2026-09-19,2023-06-15,school,2023,32,Red Clay Consolidated School District,292,duPont (Alexis I.) High School,2023-03-01,191,6
2026-09-19,2023-06-15,school,2023,32,Red Clay Consolidated School District,292,duPont (Alexis I.) High School,2023-04-01,191,5
2026-09-19,2023-06-15,school,2023,32,Red Clay Consolidated School District,292,duPont (Alexis I.) High School,2023-05-01,191,2
2026-09-19,2023-06-15,school,2023,32,Red Clay Consolidated School District,294,McKean (Thomas) High School,2022-10-01,295,8
2026-09-19,2023-06-15,school,2023,32,Red Clay Consolidated School District,294,McKean (Thomas) High School,2022-11-01,295,25
2026-09-19,2023-06-15,school,2023,32,Red Clay Consolidated School District,294,McKean (Thomas) High School,2022-12-01,295,8
2026-09-19,2023-06-15,school,2023,32,Red Clay Consolidated School District,294,McKean (Thomas) High School,2023-01-01,295,13
2026-09-19,2023-06-15,school,2023,32,Red Clay Consolidated School District,294,McKean (Thomas) High School,2023-02-01,295,8
2026-09-19,2023-06-15,school,2023,32,Red Clay Consolidated School District,294,McKean (Thomas) High School,2023-03-01,295,9
2026-09-19,2023-06-15,school,2023,32,Red Clay Consolidated School District,294,McKean (Thomas) High School,2023-04-01,295,4
2026-09-19,2023-06-15,school,2023,32,Red Clay Consolidated School District,294,McKean (Thomas) High School,2023-05-01,295,2
2026-09-19,2023-06-15,school,2023,32,Red Clay Consolidated School District,516,Meadowood Program,NULL,50,0
2026-09-19,2023-06-15,school,2023,23,Seaford School District,766,Seaford Senior High School,2022-10-01,220,13
2026-09-19,2023-06-15,school,2023,23,Seaford School District,766,Seaford Senior High School,2022-11-01,220,6
2026-09-19,2023-06-15,school,2023,23,Seaford School District,766,Seaford Senior High School,2022-12-01,220,12
2026-09-19,2023-06-15,school,2023,23,Seaford School District,766,Seaford Senior High School,2023-01-01,220,13
2026-09-19,2023-06-15,school,2023,23,Seaford School District,766,Seaford Senior High School,2023-02-01,220,8
2026-09-19,2023-06-15,school,2023,23,Seaford School District,766,Seaford Senior High School,2023-03-01,220,3
2026-09-19,2023-06-15,school,2023,23,Seaford School District,766,Seaford Senior High School,2023-04-01,220,7
2026-09-19,2023-06-15,school,2023,23,Seaford School District,766,Seaford Senior High School,2023-05-01,220,6
2026-09-19,2023-06-15,school,2023,24,Smyrna School District,688,Smyrna High School,2022-10-01,413,47
2026-09-19,2023-06-15,school,2023,24,Smyrna School District,688,Smyrna High School,2022-11-01,413,35
2026-09-19,2023-06-15,school,2023,24,Smyrna School District,688,Smyrna High School,2022-12-01,413,30
2026-09-19,2023-06-15,school,2023,24,Smyrna School District,688,Smyrna High School,2023-01-01,413,33
2026-09-19,2023-06-15,school,2023,24,Smyrna School District,688,Smyrna High School,2023-02-01,413,25
2026-09-19,2023-06-15,school,2023,24,Smyrna School District,688,Smyrna High School,2023-03-01,413,18
2026-09-19,2023-06-15,school,2023,24,Smyrna School District,688,Smyrna High School,2023-04-01,413,13
2026-09-19,2023-06-15,school,2023,24,Smyrna School District,688,Smyrna High School,2023-05-01,413,7
2026-09-19,2023-06-15,school,2023,77,Sussex Academy,576,Sussex Academy,2022-10-01,120,42
2026-09-19,2023-06-15,school,2023,77,Sussex Academy,576,Sussex Academy,2022-11-01,120,16
2026-09-19,2023-06-15,school,2023,77,Sussex Academy,576,Sussex Academy,2022-12-01,120,8
2026-09-19,2023-06-15,school,2023,77,Sussex Academy,576,Sussex Academy,2023-01-01,120,10
2026-09-19,2023-06-15,school,2023,77,Sussex Academy,576,Sussex Academy,2023-02-01,120,4
2026-09-19,2023-06-15,school,2023,77,Sussex Academy,576,Sussex Academy,2023-03-01,120,6
2026-09-19,2023-06-15,school,2023,77,Sussex Academy,576,Sussex Academy,2023-04-01,120,4
2026-09-19,2023-06-15,school,2023,40,Sussex Technical School District,770,Sussex Technical High School,2022-10-01,271,27
2026-09-19,2023-06-15,school,2023,40,Sussex Technical School District,770,Sussex Technical High School,2022-11-01,271,29
2026-09-19,2023-06-15,school,2023,40,Sussex Technical School District,770,Sussex Technical High School,2022-12-01,271,28
2026-09-19,2023-06-15,school,2023,40,Sussex Technical School District,770,Sussex Technical High School,2023-01-01,271,22
2026-09-19,2023-06-15,school,2023,40,Sussex Technical School District,770,Sussex Technical High School,2023-02-01,271,14
2026-09-19,2023-06-15,school,2023,40,Sussex Technical School District,770,Sussex Technical High School,2023-03-01,271,10
2026-09-19,2023-06-15,school,2023,40,Sussex Technical School District,770,Sussex Technical High School,2023-04-01,271,8
2026-09-19,2023-06-15,school,2023,40,Sussex Technical School District,770,Sussex Technical High School,2023-05-01,271,6
2026-09-19,2023-06-15,school,2023,35,Woodbridge School District,780,Woodbridge High School,2022-10-01,159,14
2026-09-19,2023-06-15,school,2023,35,Woodbridge School District,780,Woodbridge High School,2022-11-01,159,5
2026-09-19,2023-06-15,school,2023,35,Woodbridge School District,780,Woodbridge High School,2022-12-01,159,1
2026-09-19,2023-06-15,school,2023,35,Woodbridge School District,780,Woodbridge High School,2023-01-01,159,3
2026-09-19,2023-06-15,school,2023,35,Woodbridge School District,780,Woodbridge High School,2023-02-01,159,4
2026-09-19,2023-06-15,school,2023,35,Woodbridge School District,780,Woodbridge High School,2023-03-01,159,6
2026-09-19,2023-06-15,school,2023,35,Woodbridge School District,780,Woodbridge High School,2023-04-01,159,6
2026-09-19,2023-06-15,school,2023,35,Woodbridge School District,780,Woodbridge High School,2023-05-01,159,3
2026-09-19,2023-06-15,lea,2023,29,Appoquinimink School District,All Schools,All Schools,2022-10-01,905,233
2026-09-19,2023-06-15,lea,2023,29,Appoquinimink School District,All Schools,All Schools,2022-11-01,905,83
2026-09-19,2023-06-15,lea,2023,29,Appoquinimink School District,All Schools,All Schools,2022-12-01,905,49
2026-09-19,2023-06-15,lea,2023,29,Appoquinimink School District,All Schools,All Schools,2023-01-01,905,71
2026-09-19,2023-06-15,lea,2023,29,Appoquinimink School District,All Schools,All Schools,2023-02-01,905,34
2026-09-19,2023-06-15,lea,2023,29,Appoquinimink School District,All Schools,All Schools,2023-03-01,905,57
2026-09-19,2023-06-15,lea,2023,29,Appoquinimink School District,All Schools,All Schools,2023-04-01,905,26
2026-09-19,2023-06-15,lea,2023,29,Appoquinimink School District,All Schools,All Schools,2023-05-01,905,19
2026-09-19,2023-06-15,lea,2023,31,Brandywine School District,All Schools,All Schools,2022-10-01,746,156
2026-09-19,2023-06-15,lea,2023,31,Brandywine School District,All Schools,All Schools,2022-11-01,746,66
2026-09-19,2023-06-15,lea,2023,31,Brandywine School District,All Schools,All Schools,2022-12-01,746,31
2026-09-19,2023-06-15,lea,2023,31,Brandywine School District,All Schools,All Schools,2023-01-01,746,41
2026-09-19,2023-06-15,lea,2023,31,Brandywine School District,All Schools,All Schools,2023-02-01,746,35
2026-09-19,2023-06-15,lea,2023,31,Brandywine School District,All Schools,All Schools,2023-03-01,746,33
2026-09-19,2023-06-15,lea,2023,31,Brandywine School District,All Schools,All Schools,2023-04-01,746,20
2026-09-19,2023-06-15,lea,2023,31,Brandywine School District,All Schools,All Schools,2023-05-01,746,8
2026-09-19,2023-06-15,lea,2023,10,Caesar Rodney School District,All Schools,All Schools,2022-10-01,586,89
2026-09-19,2023-06-15,lea,2023,10,Caesar Rodney School District,All Schools,All Schools,2022-11-01,586,29
2026-09-19,2023-06-15,lea,2023,10,Caesar Rodney School District,All Schools,All Schools,2022-12-01,586,31
2026-09-19,2023-06-15,lea,2023,10,Caesar Rodney School District,All Schools,All Schools,2023-01-01,586,38
2026-09-19,2023-06-15,lea,2023,10,Caesar Rodney School District,All Schools,All Schools,2023-02-01,586,27
2026-09-19,2023-06-15,lea,2023,10,Caesar Rodney School District,All Schools,All Schools,2023-03-01,586,17
2026-09-19,2023-06-15,lea,2023,10,Caesar Rodney School District,All Schools,All Schools,2023-04-01,586,27
2026-09-19,2023-06-15,lea,2023,10,Caesar Rodney School District,All Schools,All Schools,2023-05-01,586,8
2026-09-19,2023-06-15,lea,2023,17,Cape Henlopen School District,All Schools,All Schools,2022-10-01,426,64
2026-09-19,2023-06-15,lea,2023,17,Cape Henlopen School District,All Schools,All Schools,2022-11-01,426,49
2026-09-19,2023-06-15,lea,2023,17,Cape Henlopen School District,All Schools,All Schools,2022-12-01,426,20
2026-09-19,2023-06-15,lea,2023,17,Cape Henlopen School District,All Schools,All Schools,2023-01-01,426,29
2026-09-19,2023-06-15,lea,2023,17,Cape Henlopen School District,All Schools,All Schools,2023-02-01,426,18
2026-09-19,2023-06-15,lea,2023,17,Cape Henlopen School District,All Schools,All Schools,2023-03-01,426,11
2026-09-19,2023-06-15,lea,2023,17,Cape Henlopen School District,All Schools,All Schools,2023-04-01,426,12
2026-09-19,2023-06-15,lea,2023,17,Cape Henlopen School District,All Schools,All Schools,2023-05-01,426,8
2026-09-19,2023-06-15,lea,2023,13,Capital School District,All Schools,All Schools,2022-10-01,477,34
2026-09-19,2023-06-15,lea,2023,13,Capital School District,All Schools,All Schools,2022-11-01,477,28
2026-09-19,2023-06-15,lea,2023,13,Capital School District,All Schools,All Schools,2022-12-01,477,26
2026-09-19,2023-06-15,lea,2023,13,Capital School District,All Schools,All Schools,2023-01-01,477,24
2026-09-19,2023-06-15,lea,2023,13,Capital School District,All Schools,All Schools,2023-02-01,477,17
2026-09-19,2023-06-15,lea,2023,13,Capital School District,All Schools,All Schools,2023-03-01,477,24
2026-09-19,2023-06-15,lea,2023,13,Capital School District,All Schools,All Schools,2023-04-01,477,21
2026-09-19,2023-06-15,lea,2023,13,Capital School District,All Schools,All Schools,2023-05-01,477,5
2026-09-19,2023-06-15,lea,2023,70,Charter School of Wilmington,All Schools,All Schools,2022-10-01,238,108
2026-09-19,2023-06-15,lea,2023,70,Charter School of Wilmington,All Schools,All Schools,2022-11-01,238,47
2026-09-19,2023-06-15,lea,2023,70,Charter School of Wilmington,All Schools,All Schools,2022-12-01,238,10
2026-09-19,2023-06-15,lea,2023,70,Charter School of Wilmington,All Schools,All Schools,2023-01-01,238,18
2026-09-19,2023-06-15,lea,2023,70,Charter School of Wilmington,All Schools,All Schools,2023-02-01,238,7
2026-09-19,2023-06-15,lea,2023,70,Charter School of Wilmington,All Schools,All Schools,2023-03-01,238,1
2026-09-19,2023-06-15,lea,2023,70,Charter School of Wilmington,All Schools,All Schools,2023-04-01,238,3
2026-09-19,2023-06-15,lea,2023,70,Charter School of Wilmington,All Schools,All Schools,2023-05-01,238,1
2026-09-19,2023-06-15,lea,2023,33,Christina School District,All Schools,All Schools,2022-10-01,826,56
2026-09-19,2023-06-15,lea,2023,33,Christina School District,All Schools,All Schools,2022-11-01,826,58
2026-09-19,2023-06-15,lea,2023,33,Christina School District,All Schools,All Schools,2022-12-01,826,27
2026-09-19,2023-06-15,lea,2023,33,Christina School District,All Schools,All Schools,2023-01-01,826,31
2026-09-19,2023-06-15,lea,2023,33,Christina School District,All Schools,All Schools,2023-02-01,826,22
2026-09-19,2023-06-15,lea,2023,33,Christina School District,All Schools,All Schools,2023-03-01,826,11
2026-09-19,2023-06-15,lea,2023,33,Christina School District,All Schools,All Schools,2023-04-01,826,13
2026-09-19,2023-06-15,lea,2023,33,Christina School District,All Schools,All Schools,2023-05-01,826,7
2026-09-19,2023-06-15,lea,2023,34,Colonial School District,All Schools,All Schools,2022-10-01,573,56
2026-09-19,2023-06-15,lea,2023,34,Colonial School District,All Schools,All Schools,2022-11-01,573,29
2026-09-19,2023-06-15,lea,2023,34,Colonial School District,All Schools,All Schools,2022-12-01,573,18
2026-09-19,2023-06-15,lea,2023,34,Colonial School District,All Schools,All Schools,2023-01-01,573,24
2026-09-19,2023-06-15,lea,2023,34,Colonial School District,All Schools,All Schools,2023-02-01,573,16
2026-09-19,2023-06-15,lea,2023,34,Colonial School District,All Schools,All Schools,2023-03-01,573,20
2026-09-19,2023-06-15,lea,2023,34,Colonial School District,All Schools,All Schools,2023-04-01,573,13
2026-09-19,2023-06-15,lea,2023,34,Colonial School District,All Schools,All Schools,2023-05-01,573,13
2026-09-19,2023-06-15,lea,2023,79,Delaware Military Academy,All Schools,All Schools,2022-10-01,129,24
2026-09-19,2023-06-15,lea,2023,79,Delaware Military Academy,All Schools,All Schools,2022-11-01,129,34
2026-09-19,2023-06-15,lea,2023,79,Delaware Military Academy,All Schools,All Schools,2022-12-01,129,14
2026-09-19,2023-06-15,lea,2023,79,Delaware Military Academy,All Schools,All Schools,2023-01-01,129,15
2026-09-19,2023-06-15,lea,2023,79,Delaware Military Academy,All Schools,All Schools,2023-02-01,129,10
2026-09-19,2023-06-15,lea,2023,79,Delaware Military Academy,All Schools,All Schools,2023-03-01,129,1
2026-09-19,2023-06-15,lea,2023,79,Delaware Military Academy,All Schools,All Schools,2023-04-01,129,4
2026-09-19,2023-06-15,lea,2023,79,Delaware Military Academy,All Schools,All Schools,2023-05-01,129,2
2026-09-19,2023-06-15,lea,2023,37,Delmar School District,All Schools,All Schools,2022-10-01,140,6
2026-09-19,2023-06-15,lea,2023,37,Delmar School District,All Schools,All Schools,2022-11-01,140,13
2026-09-19,2023-06-15,lea,2023,37,Delmar School District,All Schools,All Schools,2022-12-01,140,1
2026-09-19,2023-06-15,lea,2023,37,Delmar School District,All Schools,All Schools,2023-01-01,140,4
2026-09-19,2023-06-15,lea,2023,37,Delmar School District,All Schools,All Schools,2023-02-01,140,6
2026-09-19,2023-06-15,lea,2023,37,Delmar School District,All Schools,All Schools,2023-03-01,140,7
2026-09-19,2023-06-15,lea,2023,37,Delmar School District,All Schools,All Schools,2023-04-01,140,1
2026-09-19,2023-06-15,lea,2023,37,Delmar School District,All Schools,All Schools,2023-05-01,140,4
2026-09-19,2023-06-15,lea,2023,97,Dept. of Svs. for Children Youth & Their Families,All Schools,All Schools,NULL,1,0
2026-09-19,2023-06-15,lea,2023,9604,Early College High School at Del State,All Schools,All Schools,2022-10-01,83,16
2026-09-19,2023-06-15,lea,2023,9604,Early College High School at Del State,All Schools,All Schools,2022-11-01,83,4
2026-09-19,2023-06-15,lea,2023,9604,Early College High School at Del State,All Schools,All Schools,2023-01-01,83,13
2026-09-19,2023-06-15,lea,2023,9604,Early College High School at Del State,All Schools,All Schools,2023-02-01,83,5
2026-09-19,2023-06-15,lea,2023,9604,Early College High School at Del State,All Schools,All Schools,2023-03-01,83,8
2026-09-19,2023-06-15,lea,2023,9604,Early College High School at Del State,All Schools,All Schools,2023-04-01,83,7
2026-09-19,2023-06-15,lea,2023,9604,Early College High School at Del State,All Schools,All Schools,2023-05-01,83,3
2026-09-19,2023-06-15,lea,2023,9607,First State Military Academy,All Schools,All Schools,2022-10-01,88,12
2026-09-19,2023-06-15,lea,2023,9607,First State Military Academy,All Schools,All Schools,2022-11-01,88,10
2026-09-19,2023-06-15,lea,2023,9607,First State Military Academy,All Schools,All Schools,2022-12-01,88,8
2026-09-19,2023-06-15,lea,2023,9607,First State Military Academy,All Schools,All Schools,2023-01-01,88,10
2026-09-19,2023-06-15,lea,2023,9607,First State Military Academy,All Schools,All Schools,2023-02-01,88,3
2026-09-19,2023-06-15,lea,2023,9607,First State Military Academy,All Schools,All Schools,2023-03-01,88,2
2026-09-19,2023-06-15,lea,2023,9607,First State Military Academy,All Schools,All Schools,2023-04-01,88,1
2026-09-19,2023-06-15,lea,2023,9607,First State Military Academy,All Schools,All Schools,2023-05-01,88,1
2026-09-19,2023-06-15,lea,2023,9612,Freire Charter School Wilmington,All Schools,All Schools,2022-10-01,93,13
2026-09-19,2023-06-15,lea,2023,9612,Freire Charter School Wilmington,All Schools,All Schools,2022-11-01,93,9
2026-09-19,2023-06-15,lea,2023,9612,Freire Charter School Wilmington,All Schools,All Schools,2022-12-01,93,4
2026-09-19,2023-06-15,lea,2023,9612,Freire Charter School Wilmington,All Schools,All Schools,2023-01-01,93,10
2026-09-19,2023-06-15,lea,2023,9612,Freire Charter School Wilmington,All Schools,All Schools,2023-02-01,93,6
2026-09-19,2023-06-15,lea,2023,9612,Freire Charter School Wilmington,All Schools,All Schools,2023-03-01,93,5
2026-09-19,2023-06-15,lea,2023,9612,Freire Charter School Wilmington,All Schools,All Schools,2023-04-01,93,2
2026-09-19,2023-06-15,lea,2023,9612,Freire Charter School Wilmington,All Schools,All Schools,2023-05-01,93,1
2026-09-19,2023-06-15,lea,2023,9611,Great Oaks Charter School,All Schools,All Schools,2022-10-01,80,2
2026-09-19,2023-06-15,lea,2023,9611,Great Oaks Charter School,All Schools,All Schools,2022-11-01,80,4
2026-09-19,2023-06-15,lea,2023,9611,Great Oaks Charter School,All Schools,All Schools,2022-12-01,80,1
2026-09-19,2023-06-15,lea,2023,9611,Great Oaks Charter School,All Schools,All Schools,2023-01-01,80,6
2026-09-19,2023-06-15,lea,2023,9611,Great Oaks Charter School,All Schools,All Schools,2023-02-01,80,2
2026-09-19,2023-06-15,lea,2023,9611,Great Oaks Charter School,All Schools,All Schools,2023-04-01,80,3
2026-09-19,2023-06-15,lea,2023,9611,Great Oaks Charter School,All Schools,All Schools,2023-05-01,80,3
2026-09-19,2023-06-15,lea,2023,36,Indian River School District,All Schools,All Schools,2022-10-01,778,109
2026-09-19,2023-06-15,lea,2023,36,Indian River School District,All Schools,All Schools,2022-11-01,778,35
2026-09-19,2023-06-15,lea,2023,36,Indian River School District,All Schools,All Schools,2022-12-01,778,19
2026-09-19,2023-06-15,lea,2023,36,Indian River School District,All Schools,All Schools,2023-01-01,778,60
2026-09-19,2023-06-15,lea,2023,36,Indian River School District,All Schools,All Schools,2023-02-01,778,21
2026-09-19,2023-06-15,lea,2023,36,Indian River School District,All Schools,All Schools,2023-03-01,778,35
2026-09-19,2023-06-15,lea,2023,36,Indian River School District,All Schools,All Schools,2023-04-01,778,25
2026-09-19,2023-06-15,lea,2023,36,Indian River School District,All Schools,All Schools,2023-05-01,778,13
2026-09-19,2023-06-15,lea,2023,15,Lake Forest School District,All Schools,All Schools,2022-10-01,185,23
2026-09-19,2023-06-15,lea,2023,15,Lake Forest School District,All Schools,All Schools,2022-11-01,185,14
2026-09-19,2023-06-15,lea,2023,15,Lake Forest School District,All Schools,All Schools,2022-12-01,185,9
2026-09-19,2023-06-15,lea,2023,15,Lake Forest School District,All Schools,All Schools,2023-01-01,185,16
2026-09-19,2023-06-15,lea,2023,15,Lake Forest School District,All Schools,All Schools,2023-02-01,185,14
2026-09-19,2023-06-15,lea,2023,15,Lake Forest School District,All Schools,All Schools,2023-03-01,185,14
2026-09-19,2023-06-15,lea,2023,15,Lake Forest School District,All Schools,All Schools,2023-04-01,185,8
2026-09-19,2023-06-15,lea,2023,15,Lake Forest School District,All Schools,All Schools,2023-05-01,185,4
2026-09-19,2023-06-15,lea,2023,16,Laurel School District,All Schools,All Schools,2022-10-01,152,17
2026-09-19,2023-06-15,lea,2023,16,Laurel School District,All Schools,All Schools,2022-11-01,152,19
2026-09-19,2023-06-15,lea,2023,16,Laurel School District,All Schools,All Schools,2022-12-01,152,3
2026-09-19,2023-06-15,lea,2023,16,Laurel School District,All Schools,All Schools,2023-01-01,152,2
2026-09-19,2023-06-15,lea,2023,16,Laurel School District,All Schools,All Schools,2023-02-01,152,6
2026-09-19,2023-06-15,lea,2023,16,Laurel School District,All Schools,All Schools,2023-03-01,152,7
2026-09-19,2023-06-15,lea,2023,16,Laurel School District,All Schools,All Schools,2023-04-01,152,4
2026-09-19,2023-06-15,lea,2023,16,Laurel School District,All Schools,All Schools,2023-05-01,152,3
2026-09-19,2023-06-15,lea,2023,18,Milford School District,All Schools,All Schools,2022-10-01,253,26
2026-09-19,2023-06-15,lea,2023,18,Milford School District,All Schools,All Schools,2022-11-01,253,14
2026-09-19,2023-06-15,lea,2023,18,Milford School District,All Schools,All Schools,2022-12-01,253,5
2026-09-19,2023-06-15,lea,2023,18,Milford School District,All Schools,All Schools,2023-01-01,253,14
2026-09-19,2023-06-15,lea,2023,18,Milford School District,All Schools,All Schools,2023-02-01,253,10
2026-09-19,2023-06-15,lea,2023,18,Milford School District,All Schools,All Schools,2023-03-01,253,15
2026-09-19,2023-06-15,lea,2023,18,Milford School District,All Schools,All Schools,2023-04-01,253,9
2026-09-19,2023-06-15,lea,2023,18,Milford School District,All Schools,All Schools,2023-05-01,253,3
2026-09-19,2023-06-15,lea,2023,88,MOT Charter School,All Schools,All Schools,2022-10-01,159,47
2026-09-19,2023-06-15,lea,2023,88,MOT Charter School,All Schools,All Schools,2022-11-01,159,25
2026-09-19,2023-06-15,lea,2023,88,MOT Charter School,All Schools,All Schools,2022-12-01,159,11
2026-09-19,2023-06-15,lea,2023,88,MOT Charter School,All Schools,All Schools,2023-01-01,159,16
2026-09-19,2023-06-15,lea,2023,88,MOT Charter School,All Schools,All Schools,2023-02-01,159,10
2026-09-19,2023-06-15,lea,2023,88,MOT Charter School,All Schools,All Schools,2023-03-01,159,8
2026-09-19,2023-06-15,lea,2023,88,MOT Charter School,All Schools,All Schools,2023-04-01,159,5
2026-09-19,2023-06-15,lea,2023,88,MOT Charter School,All Schools,All Schools,2023-05-01,159,2
2026-09-19,2023-06-15,lea,2023,38,New Castle County Vocational-Technical School District,All Schools,All Schools,2022-10-01,1038,107
2026-09-19,2023-06-15,lea,2023,38,New Castle County Vocational-Technical School District,All Schools,All Schools,2022-11-01,1038,86
2026-09-19,2023-06-15,lea,2023,38,New Castle County Vocational-Technical School District,All Schools,All Schools,2022-12-01,1038,65
2026-09-19,2023-06-15,lea,2023,38,New Castle County Vocational-Technical School District,All Schools,All Schools,2023-01-01,1038,64
2026-09-19,2023-06-15,lea,2023,38,New Castle County Vocational-Technical School District,All Schools,All Schools,2023-02-01,1038,44
2026-09-19,2023-06-15,lea,2023,38,New Castle County Vocational-Technical School District,All Schools,All Schools,2023-03-01,1038,56
2026-09-19,2023-06-15,lea,2023,38,New Castle County Vocational-Technical School District,All Schools,All Schools,2023-04-01,1038,35
2026-09-19,2023-06-15,lea,2023,38,New Castle County Vocational-Technical School District,All Schools,All Schools,2023-05-01,1038,17
2026-09-19,2023-06-15,lea,2023,89,Newark Charter School,All Schools,All Schools,2022-10-01,185,98
2026-09-19,2023-06-15,lea,2023,89,Newark Charter School,All Schools,All Schools,2022-11-01,185,18
2026-09-19,2023-06-15,lea,2023,89,Newark Charter School,All Schools,All Schools,2022-12-01,185,7
2026-09-19,2023-06-15,lea,2023,89,Newark Charter School,All Schools,All Schools,2023-01-01,185,11
2026-09-19,2023-06-15,lea,2023,89,Newark Charter School,All Schools,All Schools,2023-02-01,185,3
2026-09-19,2023-06-15,lea,2023,89,Newark Charter School,All Schools,All Schools,2023-03-01,185,4
2026-09-19,2023-06-15,lea,2023,89,Newark Charter School,All Schools,All Schools,2023-04-01,185,4
2026-09-19,2023-06-15,lea,2023,89,Newark Charter School,All Schools,All Schools,2023-05-01,185,3
2026-09-19,2023-06-15,lea,2023,86,Odyssey Charter School,All Schools,All Schools,2022-10-01,71,27
2026-09-19,2023-06-15,lea,2023,86,Odyssey Charter School,All Schools,All Schools,2022-11-01,71,8
2026-09-19,2023-06-15,lea,2023,86,Odyssey Charter School,All Schools,All Schools,2022-12-01,71,1
2026-09-19,2023-06-15,lea,2023,86,Odyssey Charter School,All Schools,All Schools,2023-01-01,71,4
2026-09-19,2023-06-15,lea,2023,86,Odyssey Charter School,All Schools,All Schools,2023-02-01,71,3
2026-09-19,2023-06-15,lea,2023,86,Odyssey Charter School,All Schools,All Schools,2023-03-01,71,3
2026-09-19,2023-06-15,lea,2023,86,Odyssey Charter School,All Schools,All Schools,2023-04-01,71,1
2026-09-19,2023-06-15,lea,2023,86,Odyssey Charter School,All Schools,All Schools,2023-05-01,71,1
2026-09-19,2023-06-15,lea,2023,39,POLYTECH School District,All Schools,All Schools,2022-10-01,259,59
2026-09-19,2023-06-15,lea,2023,39,POLYTECH School District,All Schools,All Schools,2022-11-01,259,25
2026-09-19,2023-06-15,lea,2023,39,POLYTECH School District,All Schools,All Schools,2022-12-01,259,11
2026-09-19,2023-06-15,lea,2023,39,POLYTECH School District,All Schools,All Schools,2023-01-01,259,17
2026-09-19,2023-06-15,lea,2023,39,POLYTECH School District,All Schools,All Schools,2023-02-01,259,12
2026-09-19,2023-06-15,lea,2023,39,POLYTECH School District,All Schools,All Schools,2023-03-01,259,15
2026-09-19,2023-06-15,lea,2023,39,POLYTECH School District,All Schools,All Schools,2023-04-01,259,19
2026-09-19,2023-06-15,lea,2023,39,POLYTECH School District,All Schools,All Schools,2023-05-01,259,5
2026-09-19,2023-06-15,lea,2023,71,Positive Outcomes Charter School,All Schools,All Schools,2022-10-01,17,2
2026-09-19,2023-06-15,lea,2023,71,Positive Outcomes Charter School,All Schools,All Schools,2023-02-01,17,1
2026-09-19,2023-06-15,lea,2023,71,Positive Outcomes Charter School,All Schools,All Schools,2023-04-01,17,1
2026-09-19,2023-06-15,lea,2023,32,Red Clay Consolidated School District,All Schools,All Schools,2022-10-01,992,133
2026-09-19,2023-06-15,lea,2023,32,Red Clay Consolidated School District,All Schools,All Schools,2022-11-01,992,85
2026-09-19,2023-06-15,lea,2023,32,Red Clay Consolidated School District,All Schools,All Schools,2022-12-01,992,46
2026-09-19,2023-06-15,lea,2023,32,Red Clay Consolidated School District,All Schools,All Schools,2023-01-01,992,55
2026-09-19,2023-06-15,lea,2023,32,Red Clay Consolidated School District,All Schools,All Schools,2023-02-01,992,35
2026-09-19,2023-06-15,lea,2023,32,Red Clay Consolidated School District,All Schools,All Schools,2023-03-01,992,32
2026-09-19,2023-06-15,lea,2023,32,Red Clay Consolidated School District,All Schools,All Schools,2023-04-01,992,20
2026-09-19,2023-06-15,lea,2023,32,Red Clay Consolidated School District,All Schools,All Schools,2023-05-01,992,11
2026-09-19,2023-06-15,lea,2023,23,Seaford School District,All Schools,All Schools,2022-10-01,220,13
2026-09-19,2023-06-15,lea,2023,23,Seaford School District,All Schools,All Schools,2022-11-01,220,6
2026-09-19,2023-06-15,lea,2023,23,Seaford School District,All Schools,All Schools,2022-12-01,220,12
2026-09-19,2023-06-15,lea,2023,23,Seaford School District,All Schools,All Schools,2023-01-01,220,13
2026-09-19,2023-06-15,lea,2023,23,Seaford School District,All Schools,All Schools,2023-02-01,220,8
2026-09-19,2023-06-15,lea,2023,23,Seaford School District,All Schools,All Schools,2023-03-01,220,3
2026-09-19,2023-06-15,lea,2023,23,Seaford School District,All Schools,All Schools,2023-04-01,220,7
2026-09-19,2023-06-15,lea,2023,23,Seaford School District,All Schools,All Schools,2023-05-01,220,6
2026-09-19,2023-06-15,lea,2023,24,Smyrna School District,All Schools,All Schools,2022-10-01,413,47
2026-09-19,2023-06-15,lea,2023,24,Smyrna School District,All Schools,All Schools,2022-11-01,413,35
2026-09-19,2023-06-15,lea,2023,24,Smyrna School District,All Schools,All Schools,2022-12-01,413,30
2026-09-19,2023-06-15,lea,2023,24,Smyrna School District,All Schools,All Schools,2023-01-01,413,33
2026-09-19,2023-06-15,lea,2023,24,Smyrna School District,All Schools,All Schools,2023-02-01,413,25
2026-09-19,2023-06-15,lea,2023,24,Smyrna School District,All Schools,All Schools,2023-03-01,413,18
2026-09-19,2023-06-15,lea,2023,24,Smyrna School District,All Schools,All Schools,2023-04-01,413,13
2026-09-19,2023-06-15,lea,2023,24,Smyrna School District,All Schools,All Schools,2023-05-01,413,7
2026-09-19,2023-06-15,lea,2023,77,Sussex Academy,All Schools,All Schools,2022-10-01,120,42
2026-09-19,2023-06-15,lea,2023,77,Sussex Academy,All Schools,All Schools,2022-11-01,120,16
2026-09-19,2023-06-15,lea,2023,77,Sussex Academy,All Schools,All Schools,2022-12-01,120,8
2026-09-19,2023-06-15,lea,2023,77,Sussex Academy,All Schools,All Schools,2023-01-01,120,10
2026-09-19,2023-06-15,lea,2023,77,Sussex Academy,All Schools,All Schools,2023-02-01,120,4
2026-09-19,2023-06-15,lea,2023,77,Sussex Academy,All Schools,All Schools,2023-03-01,120,6
2026-09-19,2023-06-15,lea,2023,77,Sussex Academy,All Schools,All Schools,2023-04-01,120,4
2026-09-19,2023-06-15,lea,2023,40,Sussex Technical School District,All Schools,All Schools,2022-10-01,271,27
2026-09-19,2023-06-15,lea,2023,40,Sussex Technical School District,All Schools,All Schools,2022-11-01,271,29
2026-09-19,2023-06-15,lea,2023,40,Sussex Technical School District,All Schools,All Schools,2022-12-01,271,28
2026-09-19,2023-06-15,lea,2023,40,Sussex Technical School District,All Schools,All Schools,2023-01-01,271,22
2026-09-19,2023-06-15,lea,2023,40,Sussex Technical School District,All Schools,All Schools,2023-02-01,271,14
2026-09-19,2023-06-15,lea,2023,40,Sussex Technical School District,All Schools,All Schools,2023-03-01,271,10
2026-09-19,2023-06-15,lea,2023,40,Sussex Technical School District,All Schools,All Schools,2023-04-01,271,8
2026-09-19,2023-06-15,lea,2023,40,Sussex Technical School District,All Schools,All Schools,2023-05-01,271,6
2026-09-19,2023-06-15,lea,2023,35,Woodbridge School District,All Schools,All Schools,2022-10-01,159,14
2026-09-19,2023-06-15,lea,2023,35,Woodbridge School District,All Schools,All Schools,2022-11-01,159,5
2026-09-19,2023-06-15,lea,2023,35,Woodbridge School District,All Schools,All Schools,2022-12-01,159,1
2026-09-19,2023-06-15,lea,2023,35,Woodbridge School District,All Schools,All Schools,2023-01-01,159,3
2026-09-19,2023-06-15,lea,2023,35,Woodbridge School District,All Schools,All Schools,2023-02-01,159,4
2026-09-19,2023-06-15,lea,2023,35,Woodbridge School District,All Schools,All Schools,2023-03-01,159,6
2026-09-19,2023-06-15,lea,2023,35,Woodbridge School District,All Schools,All Schools,2023-04-01,159,6
2026-09-19,2023-06-15,lea,2023,35,Woodbridge School District,All Schools,All Schools,2023-05-01,159,3
2026-09-19,2023-06-15,state,2023,All LEAs,All LEAs,All Schools,All Schools,2022-10-01,10663,1660
2026-09-19,2023-06-15,state,2023,All LEAs,All LEAs,All Schools,All Schools,2022-11-01,10663,883
2026-09-19,2023-06-15,state,2023,All LEAs,All LEAs,All Schools,All Schools,2022-12-01,10663,496
2026-09-19,2023-06-15,state,2023,All LEAs,All LEAs,All Schools,All Schools,2023-01-01,10663,674
2026-09-19,2023-06-15,state,2023,All LEAs,All LEAs,All Schools,All Schools,2023-02-01,10663,422
2026-09-19,2023-06-15,state,2023,All LEAs,All LEAs,All Schools,All Schools,2023-03-01,10663,429
2026-09-19,2023-06-15,state,2023,All LEAs,All LEAs,All Schools,All Schools,2023-04-01,10663,322
2026-09-19,2023-06-15,state,2023,All LEAs,All LEAs,All Schools,All Schools,2023-05-01,10663,167
2026-09-19,2022-06-15,school,2022,29,Appoquinimink School District,24,Appoquinimink High School,2021-10-01,442,78
2026-09-19,2022-06-15,school,2022,29,Appoquinimink School District,24,Appoquinimink High School,2021-11-01,442,58
2026-09-19,2022-06-15,school,2022,29,Appoquinimink School District,24,Appoquinimink High School,2021-12-01,442,29
2026-09-19,2022-06-15,school,2022,29,Appoquinimink School District,24,Appoquinimink High School,2022-01-01,442,36
2026-09-19,2022-06-15,school,2022,29,Appoquinimink School District,24,Appoquinimink High School,2022-02-01,442,22
2026-09-19,2022-06-15,school,2022,29,Appoquinimink School District,24,Appoquinimink High School,2022-03-01,442,17
2026-09-19,2022-06-15,school,2022,29,Appoquinimink School District,24,Appoquinimink High School,2022-04-01,442,9
2026-09-19,2022-06-15,school,2022,29,Appoquinimink School District,18,Middletown High School,2021-10-01,496,97
2026-09-19,2022-06-15,school,2022,29,Appoquinimink School District,18,Middletown High School,2021-11-01,496,56
2026-09-19,2022-06-15,school,2022,29,Appoquinimink School District,18,Middletown High School,2021-12-01,496,33
2026-09-19,2022-06-15,school,2022,29,Appoquinimink School District,18,Middletown High School,2022-01-01,496,28
2026-09-19,2022-06-15,school,2022,29,Appoquinimink School District,18,Middletown High School,2022-02-01,496,23
2026-09-19,2022-06-15,school,2022,29,Appoquinimink School District,18,Middletown High School,2022-03-01,496,24
2026-09-19,2022-06-15,school,2022,29,Appoquinimink School District,18,Middletown High School,2022-04-01,496,15
2026-09-19,2022-06-15,school,2022,31,Brandywine School District,190,Brandywine High School,2021-10-01,247,54
2026-09-19,2022-06-15,school,2022,31,Brandywine School District,190,Brandywine High School,2021-11-01,247,17
2026-09-19,2022-06-15,school,2022,31,Brandywine School District,190,Brandywine High School,2021-12-01,247,16
2026-09-19,2022-06-15,school,2022,31,Brandywine School District,190,Brandywine High School,2022-01-01,247,8
2026-09-19,2022-06-15,school,2022,31,Brandywine School District,190,Brandywine High School,2022-02-01,247,12
2026-09-19,2022-06-15,school,2022,31,Brandywine School District,190,Brandywine High School,2022-03-01,247,12
2026-09-19,2022-06-15,school,2022,31,Brandywine School District,190,Brandywine High School,2022-04-01,247,10
2026-09-19,2022-06-15,school,2022,31,Brandywine School District,108,Brandywine SITE,NULL,24,0
2026-09-19,2022-06-15,school,2022,31,Brandywine School District,194,Concord High School,2021-10-01,230,54
2026-09-19,2022-06-15,school,2022,31,Brandywine School District,194,Concord High School,2021-11-01,230,30
2026-09-19,2022-06-15,school,2022,31,Brandywine School District,194,Concord High School,2021-12-01,230,14
2026-09-19,2022-06-15,school,2022,31,Brandywine School District,194,Concord High School,2022-01-01,230,20
2026-09-19,2022-06-15,school,2022,31,Brandywine School District,194,Concord High School,2022-02-01,230,15
2026-09-19,2022-06-15,school,2022,31,Brandywine School District,194,Concord High School,2022-03-01,230,8
2026-09-19,2022-06-15,school,2022,31,Brandywine School District,194,Concord High School,2022-04-01,230,10
2026-09-19,2022-06-15,school,2022,31,Brandywine School District,196,Mount Pleasant High School,2021-10-01,252,44
2026-09-19,2022-06-15,school,2022,31,Brandywine School District,196,Mount Pleasant High School,2021-11-01,252,21
2026-09-19,2022-06-15,school,2022,31,Brandywine School District,196,Mount Pleasant High School,2021-12-01,252,11
2026-09-19,2022-06-15,school,2022,31,Brandywine School District,196,Mount Pleasant High School,2022-01-01,252,9
2026-09-19,2022-06-15,school,2022,31,Brandywine School District,196,Mount Pleasant High School,2022-02-01,252,11
2026-09-19,2022-06-15,school,2022,31,Brandywine School District,196,Mount Pleasant High School,2022-03-01,252,15
2026-09-19,2022-06-15,school,2022,31,Brandywine School District,196,Mount Pleasant High School,2022-04-01,252,8
2026-09-19,2022-06-15,school,2022,10,Caesar Rodney School District,626,Caesar Rodney High School,2021-10-01,508,68
2026-09-19,2022-06-15,school,2022,10,Caesar Rodney School District,626,Caesar Rodney High School,2021-11-01,508,58
2026-09-19,2022-06-15,school,2022,10,Caesar Rodney School District,626,Caesar Rodney High School,2021-12-01,508,33
2026-09-19,2022-06-15,school,2022,10,Caesar Rodney School District,626,Caesar Rodney High School,2022-01-01,508,49
2026-09-19,2022-06-15,school,2022,10,Caesar Rodney School District,626,Caesar Rodney High School,2022-02-01,508,18
2026-09-19,2022-06-15,school,2022,10,Caesar Rodney School District,626,Caesar Rodney High School,2022-03-01,508,25
2026-09-19,2022-06-15,school,2022,10,Caesar Rodney School District,626,Caesar Rodney High School,2022-04-01,508,10
2026-09-19,2022-06-15,school,2022,10,Caesar Rodney School District,630,John S. Charlton School,NULL,62,0
2026-09-19,2022-06-15,school,2022,17,Cape Henlopen School District,726,Cape Henlopen High School,2021-10-01,427,46
2026-09-19,2022-06-15,school,2022,17,Cape Henlopen School District,726,Cape Henlopen High School,2021-11-01,427,36
2026-09-19,2022-06-15,school,2022,17,Cape Henlopen School District,726,Cape Henlopen High School,2021-12-01,427,36
2026-09-19,2022-06-15,school,2022,17,Cape Henlopen School District,726,Cape Henlopen High School,2022-01-01,427,32
2026-09-19,2022-06-15,school,2022,17,Cape Henlopen School District,726,Cape Henlopen High School,2022-02-01,427,28
2026-09-19,2022-06-15,school,2022,17,Cape Henlopen School District,726,Cape Henlopen High School,2022-03-01,427,15
2026-09-19,2022-06-15,school,2022,17,Cape Henlopen School District,726,Cape Henlopen High School,2022-04-01,427,23
2026-09-19,2022-06-15,school,2022,17,Cape Henlopen School District,728,Sussex Consortium,NULL,11,0
2026-09-19,2022-06-15,school,2022,13,Capital School District,648,Dover High School,2021-10-01,476,37
2026-09-19,2022-06-15,school,2022,13,Capital School District,648,Dover High School,2021-11-01,476,21
2026-09-19,2022-06-15,school,2022,13,Capital School District,648,Dover High School,2021-12-01,476,19
2026-09-19,2022-06-15,school,2022,13,Capital School District,648,Dover High School,2022-01-01,476,19
2026-09-19,2022-06-15,school,2022,13,Capital School District,648,Dover High School,2022-02-01,476,18
2026-09-19,2022-06-15,school,2022,13,Capital School District,648,Dover High School,2022-03-01,476,25
2026-09-19,2022-06-15,school,2022,13,Capital School District,648,Dover High School,2022-04-01,476,14
2026-09-19,2022-06-15,school,2022,13,Capital School District,650,Kent County Community School,NULL,24,0
2026-09-19,2022-06-15,school,2022,70,Charter School of Wilmington,295,Charter School of Wilmington,2021-10-01,236,90
2026-09-19,2022-06-15,school,2022,70,Charter School of Wilmington,295,Charter School of Wilmington,2021-11-01,236,50
2026-09-19,2022-06-15,school,2022,70,Charter School of Wilmington,295,Charter School of Wilmington,2021-12-01,236,12
2026-09-19,2022-06-15,school,2022,70,Charter School of Wilmington,295,Charter School of Wilmington,2022-01-01,236,25
2026-09-19,2022-06-15,school,2022,70,Charter School of Wilmington,295,Charter School of Wilmington,2022-02-01,236,5
2026-09-19,2022-06-15,school,2022,70,Charter School of Wilmington,295,Charter School of Wilmington,2022-03-01,236,6
2026-09-19,2022-06-15,school,2022,70,Charter School of Wilmington,295,Charter School of Wilmington,2022-04-01,236,2
2026-09-19,2022-06-15,school,2022,33,Christina School District,538,Brennen School (The),NULL,28,0
2026-09-19,2022-06-15,school,2022,33,Christina School District,390,Christiana High School,2021-10-01,171,18
2026-09-19,2022-06-15,school,2022,33,Christina School District,390,Christiana High School,2021-11-01,171,3
2026-09-19,2022-06-15,school,2022,33,Christina School District,390,Christiana High School,2021-12-01,171,5
2026-09-19,2022-06-15,school,2022,33,Christina School District,390,Christiana High School,2022-02-01,171,6
2026-09-19,2022-06-15,school,2022,33,Christina School District,390,Christiana High School,2022-03-01,171,6
2026-09-19,2022-06-15,school,2022,33,Christina School District,390,Christiana High School,2022-04-01,171,7
2026-09-19,2022-06-15,school,2022,33,Christina School District,545,Christina Early Education Center,NULL,6,0
2026-09-19,2022-06-15,school,2022,33,Christina School District,540,Delaware School for the Deaf School (DSD),2021-11-01,9,1
2026-09-19,2022-06-15,school,2022,33,Christina School District,537,Douglass School,NULL,7,0
2026-09-19,2022-06-15,school,2022,33,Christina School District,392,Glasgow High School,2021-10-01,182,7
2026-09-19,2022-06-15,school,2022,33,Christina School District,392,Glasgow High School,2021-11-01,182,5
2026-09-19,2022-06-15,school,2022,33,Christina School District,392,Glasgow High School,2021-12-01,182,3
2026-09-19,2022-06-15,school,2022,33,Christina School District,392,Glasgow High School,2022-01-01,182,6
2026-09-19,2022-06-15,school,2022,33,Christina School District,392,Glasgow High School,2022-02-01,182,1
2026-09-19,2022-06-15,school,2022,33,Christina School District,392,Glasgow High School,2022-03-01,182,8
2026-09-19,2022-06-15,school,2022,33,Christina School District,392,Glasgow High School,2022-04-01,182,10
2026-09-19,2022-06-15,school,2022,33,Christina School District,394,Newark High School,2021-10-01,229,20
2026-09-19,2022-06-15,school,2022,33,Christina School District,394,Newark High School,2021-11-01,229,17
2026-09-19,2022-06-15,school,2022,33,Christina School District,394,Newark High School,2021-12-01,229,7
2026-09-19,2022-06-15,school,2022,33,Christina School District,394,Newark High School,2022-01-01,229,9
2026-09-19,2022-06-15,school,2022,33,Christina School District,394,Newark High School,2022-02-01,229,5
2026-09-19,2022-06-15,school,2022,33,Christina School District,394,Newark High School,2022-03-01,229,5
2026-09-19,2022-06-15,school,2022,33,Christina School District,394,Newark High School,2022-04-01,229,7
2026-09-19,2022-06-15,school,2022,33,Christina School District,354,Pyle (Sarah) Academy,2021-10-01,79,1
2026-09-19,2022-06-15,school,2022,33,Christina School District,354,Pyle (Sarah) Academy,2021-11-01,79,1
2026-09-19,2022-06-15,school,2022,33,Christina School District,354,Pyle (Sarah) Academy,2022-01-01,79,2
2026-09-19,2022-06-15,school,2022,33,Christina School District,354,Pyle (Sarah) Academy,2022-02-01,79,2
2026-09-19,2022-06-15,school,2022,33,Christina School District,354,Pyle (Sarah) Academy,2022-03-01,79,2
2026-09-19,2022-06-15,school,2022,33,Christina School District,354,Pyle (Sarah) Academy,2022-04-01,79,3
2026-09-19,2022-06-15,school,2022,34,Colonial School District,514,Leach (John G.) School,NULL,41,0
2026-09-19,2022-06-15,school,2022,34,Colonial School District,490,Penn (William) High School,2021-10-01,546,51
2026-09-19,2022-06-15,school,2022,34,Colonial School District,490,Penn (William) High School,2021-11-01,546,28
2026-09-19,2022-06-15,school,2022,34,Colonial School District,490,Penn (William) High School,2021-12-01,546,13
2026-09-19,2022-06-15,school,2022,34,Colonial School District,490,Penn (William) High School,2022-01-01,546,25
2026-09-19,2022-06-15,school,2022,34,Colonial School District,490,Penn (William) High School,2022-02-01,546,13
2026-09-19,2022-06-15,school,2022,34,Colonial School District,490,Penn (William) High School,2022-03-01,546,20
2026-09-19,2022-06-15,school,2022,34,Colonial School District,490,Penn (William) High School,2022-04-01,546,24
2026-09-19,2022-06-15,school,2022,34,Colonial School District,522,The Wallace Wallin School,2021-10-01,45,1
2026-09-19,2022-06-15,school,2022,79,Delaware Military Academy,578,Delaware Military Academy,2021-10-01,142,33
2026-09-19,2022-06-15,school,2022,79,Delaware Military Academy,578,Delaware Military Academy,2021-11-01,142,33
2026-09-19,2022-06-15,school,2022,79,Delaware Military Academy,578,Delaware Military Academy,2021-12-01,142,10
2026-09-19,2022-06-15,school,2022,79,Delaware Military Academy,578,Delaware Military Academy,2022-01-01,142,17
2026-09-19,2022-06-15,school,2022,79,Delaware Military Academy,578,Delaware Military Academy,2022-02-01,142,5
2026-09-19,2022-06-15,school,2022,79,Delaware Military Academy,578,Delaware Military Academy,2022-03-01,142,4
2026-09-19,2022-06-15,school,2022,79,Delaware Military Academy,578,Delaware Military Academy,2022-04-01,142,5
2026-09-19,2022-06-15,school,2022,37,Delmar School District,730,Delmar High School,2021-10-01,148,14
2026-09-19,2022-06-15,school,2022,37,Delmar School District,730,Delmar High School,2021-11-01,148,6
2026-09-19,2022-06-15,school,2022,37,Delmar School District,730,Delmar High School,2021-12-01,148,4
2026-09-19,2022-06-15,school,2022,37,Delmar School District,730,Delmar High School,2022-01-01,148,4
2026-09-19,2022-06-15,school,2022,37,Delmar School District,730,Delmar High School,2022-02-01,148,7
2026-09-19,2022-06-15,school,2022,37,Delmar School District,730,Delmar High School,2022-03-01,148,8
2026-09-19,2022-06-15,school,2022,37,Delmar School District,730,Delmar High School,2022-04-01,148,1
2026-09-19,2022-06-15,school,2022,9604,Early College High School at Del State,4040,Early College High School at Del State,2021-10-01,73,14
2026-09-19,2022-06-15,school,2022,9604,Early College High School at Del State,4040,Early College High School at Del State,2021-11-01,73,8
2026-09-19,2022-06-15,school,2022,9604,Early College High School at Del State,4040,Early College High School at Del State,2021-12-01,73,4
2026-09-19,2022-06-15,school,2022,9604,Early College High School at Del State,4040,Early College High School at Del State,2022-01-01,73,1
2026-09-19,2022-06-15,school,2022,9604,Early College High School at Del State,4040,Early College High School at Del State,2022-02-01,73,3
2026-09-19,2022-06-15,school,2022,9604,Early College High School at Del State,4040,Early College High School at Del State,2022-03-01,73,6
2026-09-19,2022-06-15,school,2022,9604,Early College High School at Del State,4040,Early College High School at Del State,2022-04-01,73,6
2026-09-19,2022-06-15,school,2022,9607,First State Military Academy,4055,First State Military Academy,2021-10-01,90,14
2026-09-19,2022-06-15,school,2022,9607,First State Military Academy,4055,First State Military Academy,2021-11-01,90,3
2026-09-19,2022-06-15,school,2022,9607,First State Military Academy,4055,First State Military Academy,2021-12-01,90,4
2026-09-19,2022-06-15,school,2022,9607,First State Military Academy,4055,First State Military Academy,2022-01-01,90,7
2026-09-19,2022-06-15,school,2022,9607,First State Military Academy,4055,First State Military Academy,2022-02-01,90,2
2026-09-19,2022-06-15,school,2022,9607,First State Military Academy,4055,First State Military Academy,2022-03-01,90,6
2026-09-19,2022-06-15,school,2022,9607,First State Military Academy,4055,First State Military Academy,2022-04-01,90,5
2026-09-19,2022-06-15,school,2022,9612,Freire Charter School Wilmington,4080,Freire Charter School,2021-10-01,112,11
2026-09-19,2022-06-15,school,2022,9612,Freire Charter School Wilmington,4080,Freire Charter School,2021-11-01,112,9
2026-09-19,2022-06-15,school,2022,9612,Freire Charter School Wilmington,4080,Freire Charter School,2021-12-01,112,8
2026-09-19,2022-06-15,school,2022,9612,Freire Charter School Wilmington,4080,Freire Charter School,2022-01-01,112,12
2026-09-19,2022-06-15,school,2022,9612,Freire Charter School Wilmington,4080,Freire Charter School,2022-02-01,112,12
2026-09-19,2022-06-15,school,2022,9612,Freire Charter School Wilmington,4080,Freire Charter School,2022-03-01,112,4
2026-09-19,2022-06-15,school,2022,9612,Freire Charter School Wilmington,4080,Freire Charter School,2022-04-01,112,3
2026-09-19,2022-06-15,school,2022,9611,Great Oaks Charter School,4075,Great Oaks Charter School,2021-10-01,61,6
2026-09-19,2022-06-15,school,2022,9611,Great Oaks Charter School,4075,Great Oaks Charter School,2021-11-01,61,4
2026-09-19,2022-06-15,school,2022,9611,Great Oaks Charter School,4075,Great Oaks Charter School,2021-12-01,61,3
2026-09-19,2022-06-15,school,2022,9611,Great Oaks Charter School,4075,Great Oaks Charter School,2022-01-01,61,3
2026-09-19,2022-06-15,school,2022,9611,Great Oaks Charter School,4075,Great Oaks Charter School,2022-02-01,61,2
2026-09-19,2022-06-15,school,2022,9611,Great Oaks Charter School,4075,Great Oaks Charter School,2022-04-01,61,2
2026-09-19,2022-06-15,school,2022,36,Indian River School District,750,Ennis (Howard T.) School,NULL,39,0
2026-09-19,2022-06-15,school,2022,36,Indian River School District,746,Indian River High School,2021-10-01,222,41
2026-09-19,2022-06-15,school,2022,36,Indian River School District,746,Indian River High School,2021-11-01,222,15
2026-09-19,2022-06-15,school,2022,36,Indian River School District,746,Indian River High School,2021-12-01,222,22
2026-09-19,2022-06-15,school,2022,36,Indian River School District,746,Indian River High School,2022-01-01,222,14
2026-09-19,2022-06-15,school,2022,36,Indian River School District,746,Indian River High School,2022-02-01,222,14
2026-09-19,2022-06-15,school,2022,36,Indian River School District,746,Indian River High School,2022-03-01,222,5
2026-09-19,2022-06-15,school,2022,36,Indian River School District,746,Indian River High School,2022-04-01,222,10
2026-09-19,2022-06-15,school,2022,36,Indian River School District,745,Indian River Intensive Learning Center,NULL,8,0
2026-09-19,2022-06-15,school,2022,36,Indian River School District,748,Sussex Central High School,2021-10-01,395,31
2026-09-19,2022-06-15,school,2022,36,Indian River School District,748,Sussex Central High School,2021-11-01,395,15
2026-09-19,2022-06-15,school,2022,36,Indian River School District,748,Sussex Central High School,2021-12-01,395,21
2026-09-19,2022-06-15,school,2022,36,Indian River School District,748,Sussex Central High School,2022-01-01,395,26
2026-09-19,2022-06-15,school,2022,36,Indian River School District,748,Sussex Central High School,2022-02-01,395,16
2026-09-19,2022-06-15,school,2022,36,Indian River School District,748,Sussex Central High School,2022-03-01,395,19
2026-09-19,2022-06-15,school,2022,36,Indian River School District,748,Sussex Central High School,2022-04-01,395,16
2026-09-19,2022-06-15,school,2022,15,Lake Forest School District,665,Lake Forest High School,2021-10-01,199,34
2026-09-19,2022-06-15,school,2022,15,Lake Forest School District,665,Lake Forest High School,2021-11-01,199,28
2026-09-19,2022-06-15,school,2022,15,Lake Forest School District,665,Lake Forest High School,2021-12-01,199,11
2026-09-19,2022-06-15,school,2022,15,Lake Forest School District,665,Lake Forest High School,2022-01-01,199,9
2026-09-19,2022-06-15,school,2022,15,Lake Forest School District,665,Lake Forest High School,2022-02-01,199,7
2026-09-19,2022-06-15,school,2022,15,Lake Forest School District,665,Lake Forest High School,2022-03-01,199,7
2026-09-19,2022-06-15,school,2022,15,Lake Forest School District,665,Lake Forest High School,2022-04-01,199,11
2026-09-19,2022-06-15,school,2022,16,Laurel School District,756,Laurel Senior High School,2021-10-01,164,8
2026-09-19,2022-06-15,school,2022,16,Laurel School District,756,Laurel Senior High School,2021-11-01,164,18
2026-09-19,2022-06-15,school,2022,16,Laurel School District,756,Laurel Senior High School,2021-12-01,164,6
2026-09-19,2022-06-15,school,2022,16,Laurel School District,756,Laurel Senior High School,2022-01-01,164,7
2026-09-19,2022-06-15,school,2022,16,Laurel School District,756,Laurel Senior High School,2022-02-01,164,8
2026-09-19,2022-06-15,school,2022,16,Laurel School District,756,Laurel Senior High School,2022-03-01,164,10
2026-09-19,2022-06-15,school,2022,16,Laurel School District,756,Laurel Senior High School,2022-04-01,164,5
2026-09-19,2022-06-15,school,2022,18,Milford School District,678,Milford Senior High School,2021-10-01,247,45
2026-09-19,2022-06-15,school,2022,18,Milford School District,678,Milford Senior High School,2021-11-01,247,19
2026-09-19,2022-06-15,school,2022,18,Milford School District,678,Milford Senior High School,2021-12-01,247,6
2026-09-19,2022-06-15,school,2022,18,Milford School District,678,Milford Senior High School,2022-01-01,247,11
2026-09-19,2022-06-15,school,2022,18,Milford School District,678,Milford Senior High School,2022-02-01,247,11
2026-09-19,2022-06-15,school,2022,18,Milford School District,678,Milford Senior High School,2022-03-01,247,6
2026-09-19,2022-06-15,school,2022,18,Milford School District,678,Milford Senior High School,2022-04-01,247,9
2026-09-19,2022-06-15,school,2022,88,MOT Charter School,587,MOT Charter School,2021-10-01,154,46
2026-09-19,2022-06-15,school,2022,88,MOT Charter School,587,MOT Charter School,2021-11-01,154,29
2026-09-19,2022-06-15,school,2022,88,MOT Charter School,587,MOT Charter School,2021-12-01,154,19
2026-09-19,2022-06-15,school,2022,88,MOT Charter School,587,MOT Charter School,2022-01-01,154,7
2026-09-19,2022-06-15,school,2022,88,MOT Charter School,587,MOT Charter School,2022-02-01,154,11
2026-09-19,2022-06-15,school,2022,88,MOT Charter School,587,MOT Charter School,2022-03-01,154,6
2026-09-19,2022-06-15,school,2022,88,MOT Charter School,587,MOT Charter School,2022-04-01,154,4
2026-09-19,2022-06-15,school,2022,38,New Castle County Vocational-Technical School District,80,Delcastle Technical High School,2021-10-01,387,37
2026-09-19,2022-06-15,school,2022,38,New Castle County Vocational-Technical School District,80,Delcastle Technical High School,2021-11-01,387,27
2026-09-19,2022-06-15,school,2022,38,New Castle County Vocational-Technical School District,80,Delcastle Technical High School,2021-12-01,387,20
2026-09-19,2022-06-15,school,2022,38,New Castle County Vocational-Technical School District,80,Delcastle Technical High School,2022-01-01,387,21
2026-09-19,2022-06-15,school,2022,38,New Castle County Vocational-Technical School District,80,Delcastle Technical High School,2022-02-01,387,14
2026-09-19,2022-06-15,school,2022,38,New Castle County Vocational-Technical School District,80,Delcastle Technical High School,2022-03-01,387,11
2026-09-19,2022-06-15,school,2022,38,New Castle County Vocational-Technical School District,80,Delcastle Technical High School,2022-04-01,387,16
2026-09-19,2022-06-15,school,2022,38,New Castle County Vocational-Technical School District,66,Hodgson (Paul M.) Vocational Technical High School,2021-10-01,269,28
2026-09-19,2022-06-15,school,2022,38,New Castle County Vocational-Technical School District,66,Hodgson (Paul M.) Vocational Technical High School,2021-11-01,269,18
2026-09-19,2022-06-15,school,2022,38,New Castle County Vocational-Technical School District,66,Hodgson (Paul M.) Vocational Technical High School,2021-12-01,269,14
2026-09-19,2022-06-15,school,2022,38,New Castle County Vocational-Technical School District,66,Hodgson (Paul M.) Vocational Technical High School,2022-01-01,269,20
2026-09-19,2022-06-15,school,2022,38,New Castle County Vocational-Technical School District,66,Hodgson (Paul M.) Vocational Technical High School,2022-02-01,269,16
2026-09-19,2022-06-15,school,2022,38,New Castle County Vocational-Technical School District,66,Hodgson (Paul M.) Vocational Technical High School,2022-03-01,269,16
2026-09-19,2022-06-15,school,2022,38,New Castle County Vocational-Technical School District,66,Hodgson (Paul M.) Vocational Technical High School,2022-04-01,269,19
2026-09-19,2022-06-15,school,2022,38,New Castle County Vocational-Technical School District,26,Howard High School of Technology,2021-10-01,186,11
2026-09-19,2022-06-15,school,2022,38,New Castle County Vocational-Technical School District,26,Howard High School of Technology,2021-11-01,186,7
2026-09-19,2022-06-15,school,2022,38,New Castle County Vocational-Technical School District,26,Howard High School of Technology,2021-12-01,186,4
2026-09-19,2022-06-15,school,2022,38,New Castle County Vocational-Technical School District,26,Howard High School of Technology,2022-01-01,186,9
2026-09-19,2022-06-15,school,2022,38,New Castle County Vocational-Technical School District,26,Howard High School of Technology,2022-02-01,186,6
2026-09-19,2022-06-15,school,2022,38,New Castle County Vocational-Technical School District,26,Howard High School of Technology,2022-03-01,186,22
2026-09-19,2022-06-15,school,2022,38,New Castle County Vocational-Technical School District,26,Howard High School of Technology,2022-04-01,186,5
2026-09-19,2022-06-15,school,2022,38,New Castle County Vocational-Technical School District,44,St. Georges Technical High School,2021-10-01,262,39
2026-09-19,2022-06-15,school,2022,38,New Castle County Vocational-Technical School District,44,St. Georges Technical High School,2021-11-01,262,25
2026-09-19,2022-06-15,school,2022,38,New Castle County Vocational-Technical School District,44,St. Georges Technical High School,2021-12-01,262,25
2026-09-19,2022-06-15,school,2022,38,New Castle County Vocational-Technical School District,44,St. Georges Technical High School,2022-01-01,262,21
2026-09-19,2022-06-15,school,2022,38,New Castle County Vocational-Technical School District,44,St. Georges Technical High School,2022-02-01,262,11
2026-09-19,2022-06-15,school,2022,38,New Castle County Vocational-Technical School District,44,St. Georges Technical High School,2022-03-01,262,19
2026-09-19,2022-06-15,school,2022,38,New Castle County Vocational-Technical School District,44,St. Georges Technical High School,2022-04-01,262,5
2026-09-19,2022-06-15,school,2022,89,Newark Charter School,588,Newark Charter School,2021-10-01,176,89
2026-09-19,2022-06-15,school,2022,89,Newark Charter School,588,Newark Charter School,2021-11-01,176,21
2026-09-19,2022-06-15,school,2022,89,Newark Charter School,588,Newark Charter School,2021-12-01,176,7
2026-09-19,2022-06-15,school,2022,89,Newark Charter School,588,Newark Charter School,2022-01-01,176,9
2026-09-19,2022-06-15,school,2022,89,Newark Charter School,588,Newark Charter School,2022-02-01,176,7
2026-09-19,2022-06-15,school,2022,89,Newark Charter School,588,Newark Charter School,2022-03-01,176,4
2026-09-19,2022-06-15,school,2022,86,Odyssey Charter School,585,Odyssey Charter School,2021-10-01,65,19
2026-09-19,2022-06-15,school,2022,86,Odyssey Charter School,585,Odyssey Charter School,2021-11-01,65,7
2026-09-19,2022-06-15,school,2022,86,Odyssey Charter School,585,Odyssey Charter School,2021-12-01,65,3
2026-09-19,2022-06-15,school,2022,86,Odyssey Charter School,585,Odyssey Charter School,2022-01-01,65,3
2026-09-19,2022-06-15,school,2022,86,Odyssey Charter School,585,Odyssey Charter School,2022-02-01,65,3
2026-09-19,2022-06-15,school,2022,86,Odyssey Charter School,585,Odyssey Charter School,2022-03-01,65,4
2026-09-19,2022-06-15,school,2022,86,Odyssey Charter School,585,Odyssey Charter School,2022-04-01,65,1
2026-09-19,2022-06-15,school,2022,39,POLYTECH School District,652,POLYTECH High School,2021-10-01,250,44
2026-09-19,2022-06-15,school,2022,39,POLYTECH School District,652,POLYTECH High School,2021-11-01,250,34
2026-09-19,2022-06-15,school,2022,39,POLYTECH School District,652,POLYTECH High School,2021-12-01,250,14
2026-09-19,2022-06-15,school,2022,39,POLYTECH School District,652,POLYTECH High School,2022-01-01,250,11
2026-09-19,2022-06-15,school,2022,39,POLYTECH School District,652,POLYTECH High School,2022-02-01,250,17
2026-09-19,2022-06-15,school,2022,39,POLYTECH School District,652,POLYTECH High School,2022-03-01,250,17
2026-09-19,2022-06-15,school,2022,39,POLYTECH School District,652,POLYTECH High School,2022-04-01,250,12
2026-09-19,2022-06-15,school,2022,71,Positive Outcomes Charter School,570,Positive Outcomes Charter School,NULL,19,0
2026-09-19,2022-06-15,school,2022,32,Red Clay Consolidated School District,286,Calloway (Cab) School of the Arts,2021-10-01,129,41
2026-09-19,2022-06-15,school,2022,32,Red Clay Consolidated School District,286,Calloway (Cab) School of the Arts,2021-11-01,129,22
2026-09-19,2022-06-15,school,2022,32,Red Clay Consolidated School District,286,Calloway (Cab) School of the Arts,2021-12-01,129,7
2026-09-19,2022-06-15,school,2022,32,Red Clay Consolidated School District,286,Calloway (Cab) School of the Arts,2022-01-01,129,9
2026-09-19,2022-06-15,school,2022,32,Red Clay Consolidated School District,286,Calloway (Cab) School of the Arts,2022-02-01,129,6
2026-09-19,2022-06-15,school,2022,32,Red Clay Consolidated School District,286,Calloway (Cab) School of the Arts,2022-03-01,129,4
2026-09-19,2022-06-15,school,2022,32,Red Clay Consolidated School District,286,Calloway (Cab) School of the Arts,2022-04-01,129,6
2026-09-19,2022-06-15,school,2022,32,Red Clay Consolidated School District,284,Conrad Schools of Science,2021-10-01,166,47
2026-09-19,2022-06-15,school,2022,32,Red Clay Consolidated School District,284,Conrad Schools of Science,2021-11-01,166,23
2026-09-19,2022-06-15,school,2022,32,Red Clay Consolidated School District,284,Conrad Schools of Science,2021-12-01,166,8
2026-09-19,2022-06-15,school,2022,32,Red Clay Consolidated School District,284,Conrad Schools of Science,2022-01-01,166,16
2026-09-19,2022-06-15,school,2022,32,Red Clay Consolidated School District,284,Conrad Schools of Science,2022-02-01,166,6
2026-09-19,2022-06-15,school,2022,32,Red Clay Consolidated School District,284,Conrad Schools of Science,2022-03-01,166,4
2026-09-19,2022-06-15,school,2022,32,Red Clay Consolidated School District,284,Conrad Schools of Science,2022-04-01,166,4
2026-09-19,2022-06-15,school,2022,32,Red Clay Consolidated School District,290,Dickinson (John) School,2021-10-01,134,5
2026-09-19,2022-06-15,school,2022,32,Red Clay Consolidated School District,290,Dickinson (John) School,2021-11-01,134,13
2026-09-19,2022-06-15,school,2022,32,Red Clay Consolidated School District,290,Dickinson (John) School,2021-12-01,134,1
2026-09-19,2022-06-15,school,2022,32,Red Clay Consolidated School District,290,Dickinson (John) School,2022-01-01,134,11
2026-09-19,2022-06-15,school,2022,32,Red Clay Consolidated School District,290,Dickinson (John) School,2022-02-01,134,2
2026-09-19,2022-06-15,school,2022,32,Red Clay Consolidated School District,290,Dickinson (John) School,2022-03-01,134,8
2026-09-19,2022-06-15,school,2022,32,Red Clay Consolidated School District,290,Dickinson (John) School,2022-04-01,134,5
2026-09-19,2022-06-15,school,2022,32,Red Clay Consolidated School District,292,duPont (Alexis I.) High School,2021-10-01,184,7
2026-09-19,2022-06-15,school,2022,32,Red Clay Consolidated School District,292,duPont (Alexis I.) High School,2021-11-01,184,3
2026-09-19,2022-06-15,school,2022,32,Red Clay Consolidated School District,292,duPont (Alexis I.) High School,2021-12-01,184,6
2026-09-19,2022-06-15,school,2022,32,Red Clay Consolidated School District,292,duPont (Alexis I.) High School,2022-01-01,184,2
2026-09-19,2022-06-15,school,2022,32,Red Clay Consolidated School District,292,duPont (Alexis I.) High School,2022-02-01,184,6
2026-09-19,2022-06-15,school,2022,32,Red Clay Consolidated School District,292,duPont (Alexis I.) High School,2022-03-01,184,9
2026-09-19,2022-06-15,school,2022,32,Red Clay Consolidated School District,292,duPont (Alexis I.) High School,2022-04-01,184,9
2026-09-19,2022-06-15,school,2022,32,Red Clay Consolidated School District,294,McKean (Thomas) High School,2021-10-01,236,5
2026-09-19,2022-06-15,school,2022,32,Red Clay Consolidated School District,294,McKean (Thomas) High School,2021-11-01,236,13
2026-09-19,2022-06-15,school,2022,32,Red Clay Consolidated School District,294,McKean (Thomas) High School,2021-12-01,236,7
2026-09-19,2022-06-15,school,2022,32,Red Clay Consolidated School District,294,McKean (Thomas) High School,2022-01-01,236,6
2026-09-19,2022-06-15,school,2022,32,Red Clay Consolidated School District,294,McKean (Thomas) High School,2022-02-01,236,5
2026-09-19,2022-06-15,school,2022,32,Red Clay Consolidated School District,294,McKean (Thomas) High School,2022-03-01,236,8
2026-09-19,2022-06-15,school,2022,32,Red Clay Consolidated School District,294,McKean (Thomas) High School,2022-04-01,236,12
2026-09-19,2022-06-15,school,2022,32,Red Clay Consolidated School District,516,Meadowood Program,NULL,50,0
2026-09-19,2022-06-15,school,2022,23,Seaford School District,766,Seaford Senior High School,2021-10-01,185,12
2026-09-19,2022-06-15,school,2022,23,Seaford School District,766,Seaford Senior High School,2021-11-01,185,9
2026-09-19,2022-06-15,school,2022,23,Seaford School District,766,Seaford Senior High School,2021-12-01,185,3
2026-09-19,2022-06-15,school,2022,23,Seaford School District,766,Seaford Senior High School,2022-01-01,185,8
2026-09-19,2022-06-15,school,2022,23,Seaford School District,766,Seaford Senior High School,2022-02-01,185,8
2026-09-19,2022-06-15,school,2022,23,Seaford School District,766,Seaford Senior High School,2022-03-01,185,13
2026-09-19,2022-06-15,school,2022,23,Seaford School District,766,Seaford Senior High School,2022-04-01,185,5
2026-09-19,2022-06-15,school,2022,24,Smyrna School District,688,Smyrna High School,2021-10-01,416,44
2026-09-19,2022-06-15,school,2022,24,Smyrna School District,688,Smyrna High School,2021-11-01,416,43
2026-09-19,2022-06-15,school,2022,24,Smyrna School District,688,Smyrna High School,2021-12-01,416,22
2026-09-19,2022-06-15,school,2022,24,Smyrna School District,688,Smyrna High School,2022-01-01,416,28
2026-09-19,2022-06-15,school,2022,24,Smyrna School District,688,Smyrna High School,2022-02-01,416,15
2026-09-19,2022-06-15,school,2022,24,Smyrna School District,688,Smyrna High School,2022-03-01,416,33
2026-09-19,2022-06-15,school,2022,24,Smyrna School District,688,Smyrna High School,2022-04-01,416,19
2026-09-19,2022-06-15,school,2022,77,Sussex Academy,576,Sussex Academy,2021-10-01,120,36
2026-09-19,2022-06-15,school,2022,77,Sussex Academy,576,Sussex Academy,2021-11-01,120,13
2026-09-19,2022-06-15,school,2022,77,Sussex Academy,576,Sussex Academy,2021-12-01,120,13
2026-09-19,2022-06-15,school,2022,77,Sussex Academy,576,Sussex Academy,2022-01-01,120,15
2026-09-19,2022-06-15,school,2022,77,Sussex Academy,576,Sussex Academy,2022-02-01,120,6
2026-09-19,2022-06-15,school,2022,77,Sussex Academy,576,Sussex Academy,2022-03-01,120,4
2026-09-19,2022-06-15,school,2022,77,Sussex Academy,576,Sussex Academy,2022-04-01,120,3
2026-09-19,2022-06-15,school,2022,40,Sussex Technical School District,770,Sussex Technical High School,2021-10-01,323,39
2026-09-19,2022-06-15,school,2022,40,Sussex Technical School District,770,Sussex Technical High School,2021-11-01,323,33
2026-09-19,2022-06-15,school,2022,40,Sussex Technical School District,770,Sussex Technical High School,2021-12-01,323,20
2026-09-19,2022-06-15,school,2022,40,Sussex Technical School District,770,Sussex Technical High School,2022-01-01,323,23
2026-09-19,2022-06-15,school,2022,40,Sussex Technical School District,770,Sussex Technical High School,2022-02-01,323,23
2026-09-19,2022-06-15,school,2022,40,Sussex Technical School District,770,Sussex Technical High School,2022-03-01,323,17
2026-09-19,2022-06-15,school,2022,40,Sussex Technical School District,770,Sussex Technical High School,2022-04-01,323,15
2026-09-19,2022-06-15,school,2022,35,Woodbridge School District,780,Woodbridge High School,2021-10-01,113,5
2026-09-19,2022-06-15,school,2022,35,Woodbridge School District,780,Woodbridge High School,2021-11-01,113,10
2026-09-19,2022-06-15,school,2022,35,Woodbridge School District,780,Woodbridge High School,2021-12-01,113,8
2026-09-19,2022-06-15,school,2022,35,Woodbridge School District,780,Woodbridge High School,2022-01-01,113,2
2026-09-19,2022-06-15,school,2022,35,Woodbridge School District,780,Woodbridge High School,2022-02-01,113,3
2026-09-19,2022-06-15,school,2022,35,Woodbridge School District,780,Woodbridge High School,2022-03-01,113,6
2026-09-19,2022-06-15,lea,2022,29,Appoquinimink School District,All Schools,All Schools,2021-10-01,938,175
2026-09-19,2022-06-15,lea,2022,29,Appoquinimink School District,All Schools,All Schools,2021-11-01,938,114
2026-09-19,2022-06-15,lea,2022,29,Appoquinimink School District,All Schools,All Schools,2021-12-01,938,62
2026-09-19,2022-06-15,lea,2022,29,Appoquinimink School District,All Schools,All Schools,2022-01-01,938,64
2026-09-19,2022-06-15,lea,2022,29,Appoquinimink School District,All Schools,All Schools,2022-02-01,938,45
2026-09-19,2022-06-15,lea,2022,29,Appoquinimink School District,All Schools,All Schools,2022-03-01,938,41
2026-09-19,2022-06-15,lea,2022,29,Appoquinimink School District,All Schools,All Schools,2022-04-01,938,24
2026-09-19,2022-06-15,lea,2022,31,Brandywine School District,All Schools,All Schools,2021-10-01,753,152
2026-09-19,2022-06-15,lea,2022,31,Brandywine School District,All Schools,All Schools,2021-11-01,753,68
2026-09-19,2022-06-15,lea,2022,31,Brandywine School District,All Schools,All Schools,2021-12-01,753,41
2026-09-19,2022-06-15,lea,2022,31,Brandywine School District,All Schools,All Schools,2022-01-01,753,37
2026-09-19,2022-06-15,lea,2022,31,Brandywine School District,All Schools,All Schools,2022-02-01,753,38
2026-09-19,2022-06-15,lea,2022,31,Brandywine School District,All Schools,All Schools,2022-03-01,753,35
2026-09-19,2022-06-15,lea,2022,31,Brandywine School District,All Schools,All Schools,2022-04-01,753,28
2026-09-19,2022-06-15,lea,2022,10,Caesar Rodney School District,All Schools,All Schools,2021-10-01,570,68
2026-09-19,2022-06-15,lea,2022,10,Caesar Rodney School District,All Schools,All Schools,2021-11-01,570,58
2026-09-19,2022-06-15,lea,2022,10,Caesar Rodney School District,All Schools,All Schools,2021-12-01,570,33
2026-09-19,2022-06-15,lea,2022,10,Caesar Rodney School District,All Schools,All Schools,2022-01-01,570,49
2026-09-19,2022-06-15,lea,2022,10,Caesar Rodney School District,All Schools,All Schools,2022-02-01,570,18
2026-09-19,2022-06-15,lea,2022,10,Caesar Rodney School District,All Schools,All Schools,2022-03-01,570,25
2026-09-19,2022-06-15,lea,2022,10,Caesar Rodney School District,All Schools,All Schools,2022-04-01,570,10
2026-09-19,2022-06-15,lea,2022,17,Cape Henlopen School District,All Schools,All Schools,2021-10-01,438,46
2026-09-19,2022-06-15,lea,2022,17,Cape Henlopen School District,All Schools,All Schools,2021-11-01,438,36
2026-09-19,2022-06-15,lea,2022,17,Cape Henlopen School District,All Schools,All Schools,2021-12-01,438,36
2026-09-19,2022-06-15,lea,2022,17,Cape Henlopen School District,All Schools,All Schools,2022-01-01,438,32
2026-09-19,2022-06-15,lea,2022,17,Cape Henlopen School District,All Schools,All Schools,2022-02-01,438,28
2026-09-19,2022-06-15,lea,2022,17,Cape Henlopen School District,All Schools,All Schools,2022-03-01,438,15
2026-09-19,2022-06-15,lea,2022,17,Cape Henlopen School District,All Schools,All Schools,2022-04-01,438,23
2026-09-19,2022-06-15,lea,2022,13,Capital School District,All Schools,All Schools,2021-10-01,500,37
2026-09-19,2022-06-15,lea,2022,13,Capital School District,All Schools,All Schools,2021-11-01,500,21
2026-09-19,2022-06-15,lea,2022,13,Capital School District,All Schools,All Schools,2021-12-01,500,19
2026-09-19,2022-06-15,lea,2022,13,Capital School District,All Schools,All Schools,2022-01-01,500,19
2026-09-19,2022-06-15,lea,2022,13,Capital School District,All Schools,All Schools,2022-02-01,500,18
2026-09-19,2022-06-15,lea,2022,13,Capital School District,All Schools,All Schools,2022-03-01,500,25
2026-09-19,2022-06-15,lea,2022,13,Capital School District,All Schools,All Schools,2022-04-01,500,14
2026-09-19,2022-06-15,lea,2022,70,Charter School of Wilmington,All Schools,All Schools,2021-10-01,236,90
2026-09-19,2022-06-15,lea,2022,70,Charter School of Wilmington,All Schools,All Schools,2021-11-01,236,50
2026-09-19,2022-06-15,lea,2022,70,Charter School of Wilmington,All Schools,All Schools,2021-12-01,236,12
2026-09-19,2022-06-15,lea,2022,70,Charter School of Wilmington,All Schools,All Schools,2022-01-01,236,25
2026-09-19,2022-06-15,lea,2022,70,Charter School of Wilmington,All Schools,All Schools,2022-02-01,236,5
2026-09-19,2022-06-15,lea,2022,70,Charter School of Wilmington,All Schools,All Schools,2022-03-01,236,6
2026-09-19,2022-06-15,lea,2022,70,Charter School of Wilmington,All Schools,All Schools,2022-04-01,236,2
2026-09-19,2022-06-15,lea,2022,33,Christina School District,All Schools,All Schools,2021-10-01,711,46
2026-09-19,2022-06-15,lea,2022,33,Christina School District,All Schools,All Schools,2021-11-01,711,27
2026-09-19,2022-06-15,lea,2022,33,Christina School District,All Schools,All Schools,2021-12-01,711,15
2026-09-19,2022-06-15,lea,2022,33,Christina School District,All Schools,All Schools,2022-01-01,711,17
2026-09-19,2022-06-15,lea,2022,33,Christina School District,All Schools,All Schools,2022-02-01,711,14
2026-09-19,2022-06-15,lea,2022,33,Christina School District,All Schools,All Schools,2022-03-01,711,21
2026-09-19,2022-06-15,lea,2022,33,Christina School District,All Schools,All Schools,2022-04-01,711,27
2026-09-19,2022-06-15,lea,2022,34,Colonial School District,All Schools,All Schools,2021-10-01,632,52
2026-09-19,2022-06-15,lea,2022,34,Colonial School District,All Schools,All Schools,2021-11-01,632,28
2026-09-19,2022-06-15,lea,2022,34,Colonial School District,All Schools,All Schools,2021-12-01,632,13
2026-09-19,2022-06-15,lea,2022,34,Colonial School District,All Schools,All Schools,2022-01-01,632,25
2026-09-19,2022-06-15,lea,2022,34,Colonial School District,All Schools,All Schools,2022-02-01,632,13
2026-09-19,2022-06-15,lea,2022,34,Colonial School District,All Schools,All Schools,2022-03-01,632,20
2026-09-19,2022-06-15,lea,2022,34,Colonial School District,All Schools,All Schools,2022-04-01,632,24
2026-09-19,2022-06-15,lea,2022,79,Delaware Military Academy,All Schools,All Schools,2021-10-01,142,33
2026-09-19,2022-06-15,lea,2022,79,Delaware Military Academy,All Schools,All Schools,2021-11-01,142,33
2026-09-19,2022-06-15,lea,2022,79,Delaware Military Academy,All Schools,All Schools,2021-12-01,142,10
2026-09-19,2022-06-15,lea,2022,79,Delaware Military Academy,All Schools,All Schools,2022-01-01,142,17
2026-09-19,2022-06-15,lea,2022,79,Delaware Military Academy,All Schools,All Schools,2022-02-01,142,5
2026-09-19,2022-06-15,lea,2022,79,Delaware Military Academy,All Schools,All Schools,2022-03-01,142,4
2026-09-19,2022-06-15,lea,2022,79,Delaware Military Academy,All Schools,All Schools,2022-04-01,142,5
2026-09-19,2022-06-15,lea,2022,37,Delmar School District,All Schools,All Schools,2021-10-01,148,14
2026-09-19,2022-06-15,lea,2022,37,Delmar School District,All Schools,All Schools,2021-11-01,148,6
2026-09-19,2022-06-15,lea,2022,37,Delmar School District,All Schools,All Schools,2021-12-01,148,4
2026-09-19,2022-06-15,lea,2022,37,Delmar School District,All Schools,All Schools,2022-01-01,148,4
2026-09-19,2022-06-15,lea,2022,37,Delmar School District,All Schools,All Schools,2022-02-01,148,7
2026-09-19,2022-06-15,lea,2022,37,Delmar School District,All Schools,All Schools,2022-03-01,148,8
2026-09-19,2022-06-15,lea,2022,37,Delmar School District,All Schools,All Schools,2022-04-01,148,1
2026-09-19,2022-06-15,lea,2022,9604,Early College High School at Del State,All Schools,All Schools,2021-10-01,73,14
2026-09-19,2022-06-15,lea,2022,9604,Early College High School at Del State,All Schools,All Schools,2021-11-01,73,8
2026-09-19,2022-06-15,lea,2022,9604,Early College High School at Del State,All Schools,All Schools,2021-12-01,73,4
2026-09-19,2022-06-15,lea,2022,9604,Early College High School at Del State,All Schools,All Schools,2022-01-01,73,1
2026-09-19,2022-06-15,lea,2022,9604,Early College High School at Del State,All Schools,All Schools,2022-02-01,73,3
2026-09-19,2022-06-15,lea,2022,9604,Early College High School at Del State,All Schools,All Schools,2022-03-01,73,6
2026-09-19,2022-06-15,lea,2022,9604,Early College High School at Del State,All Schools,All Schools,2022-04-01,73,6
2026-09-19,2022-06-15,lea,2022,9607,First State Military Academy,All Schools,All Schools,2021-10-01,90,14
2026-09-19,2022-06-15,lea,2022,9607,First State Military Academy,All Schools,All Schools,2021-11-01,90,3
2026-09-19,2022-06-15,lea,2022,9607,First State Military Academy,All Schools,All Schools,2021-12-01,90,4
2026-09-19,2022-06-15,lea,2022,9607,First State Military Academy,All Schools,All Schools,2022-01-01,90,7
2026-09-19,2022-06-15,lea,2022,9607,First State Military Academy,All Schools,All Schools,2022-02-01,90,2
2026-09-19,2022-06-15,lea,2022,9607,First State Military Academy,All Schools,All Schools,2022-03-01,90,6
2026-09-19,2022-06-15,lea,2022,9607,First State Military Academy,All Schools,All Schools,2022-04-01,90,5
2026-09-19,2022-06-15,lea,2022,9612,Freire Charter School Wilmington,All Schools,All Schools,2021-10-01,112,11
2026-09-19,2022-06-15,lea,2022,9612,Freire Charter School Wilmington,All Schools,All Schools,2021-11-01,112,9
2026-09-19,2022-06-15,lea,2022,9612,Freire Charter School Wilmington,All Schools,All Schools,2021-12-01,112,8
2026-09-19,2022-06-15,lea,2022,9612,Freire Charter School Wilmington,All Schools,All Schools,2022-01-01,112,12
2026-09-19,2022-06-15,lea,2022,9612,Freire Charter School Wilmington,All Schools,All Schools,2022-02-01,112,12
2026-09-19,2022-06-15,lea,2022,9612,Freire Charter School Wilmington,All Schools,All Schools,2022-03-01,112,4
2026-09-19,2022-06-15,lea,2022,9612,Freire Charter School Wilmington,All Schools,All Schools,2022-04-01,112,3
2026-09-19,2022-06-15,lea,2022,9611,Great Oaks Charter School,All Schools,All Schools,2021-10-01,61,6
2026-09-19,2022-06-15,lea,2022,9611,Great Oaks Charter School,All Schools,All Schools,2021-11-01,61,4
2026-09-19,2022-06-15,lea,2022,9611,Great Oaks Charter School,All Schools,All Schools,2021-12-01,61,3
2026-09-19,2022-06-15,lea,2022,9611,Great Oaks Charter School,All Schools,All Schools,2022-01-01,61,3
2026-09-19,2022-06-15,lea,2022,9611,Great Oaks Charter School,All Schools,All Schools,2022-02-01,61,2
2026-09-19,2022-06-15,lea,2022,9611,Great Oaks Charter School,All Schools,All Schools,2022-04-01,61,2
2026-09-19,2022-06-15,lea,2022,36,Indian River School District,All Schools,All Schools,2021-10-01,664,72
2026-09-19,2022-06-15,lea,2022,36,Indian River School District,All Schools,All Schools,2021-11-01,664,30
2026-09-19,2022-06-15,lea,2022,36,Indian River School District,All Schools,All Schools,2021-12-01,664,43
2026-09-19,2022-06-15,lea,2022,36,Indian River School District,All Schools,All Schools,2022-01-01,664,40
2026-09-19,2022-06-15,lea,2022,36,Indian River School District,All Schools,All Schools,2022-02-01,664,30
2026-09-19,2022-06-15,lea,2022,36,Indian River School District,All Schools,All Schools,2022-03-01,664,24
2026-09-19,2022-06-15,lea,2022,36,Indian River School District,All Schools,All Schools,2022-04-01,664,26
2026-09-19,2022-06-15,lea,2022,15,Lake Forest School District,All Schools,All Schools,2021-10-01,199,34
2026-09-19,2022-06-15,lea,2022,15,Lake Forest School District,All Schools,All Schools,2021-11-01,199,28
2026-09-19,2022-06-15,lea,2022,15,Lake Forest School District,All Schools,All Schools,2021-12-01,199,11
2026-09-19,2022-06-15,lea,2022,15,Lake Forest School District,All Schools,All Schools,2022-01-01,199,9
2026-09-19,2022-06-15,lea,2022,15,Lake Forest School District,All Schools,All Schools,2022-02-01,199,7
2026-09-19,2022-06-15,lea,2022,15,Lake Forest School District,All Schools,All Schools,2022-03-01,199,7
2026-09-19,2022-06-15,lea,2022,15,Lake Forest School District,All Schools,All Schools,2022-04-01,199,11
2026-09-19,2022-06-15,lea,2022,16,Laurel School District,All Schools,All Schools,2021-10-01,164,8
2026-09-19,2022-06-15,lea,2022,16,Laurel School District,All Schools,All Schools,2021-11-01,164,18
2026-09-19,2022-06-15,lea,2022,16,Laurel School District,All Schools,All Schools,2021-12-01,164,6
2026-09-19,2022-06-15,lea,2022,16,Laurel School District,All Schools,All Schools,2022-01-01,164,7
2026-09-19,2022-06-15,lea,2022,16,Laurel School District,All Schools,All Schools,2022-02-01,164,8
2026-09-19,2022-06-15,lea,2022,16,Laurel School District,All Schools,All Schools,2022-03-01,164,10
2026-09-19,2022-06-15,lea,2022,16,Laurel School District,All Schools,All Schools,2022-04-01,164,5
2026-09-19,2022-06-15,lea,2022,18,Milford School District,All Schools,All Schools,2021-10-01,247,45
2026-09-19,2022-06-15,lea,2022,18,Milford School District,All Schools,All Schools,2021-11-01,247,19
2026-09-19,2022-06-15,lea,2022,18,Milford School District,All Schools,All Schools,2021-12-01,247,6
2026-09-19,2022-06-15,lea,2022,18,Milford School District,All Schools,All Schools,2022-01-01,247,11
2026-09-19,2022-06-15,lea,2022,18,Milford School District,All Schools,All Schools,2022-02-01,247,11
2026-09-19,2022-06-15,lea,2022,18,Milford School District,All Schools,All Schools,2022-03-01,247,6
2026-09-19,2022-06-15,lea,2022,18,Milford School District,All Schools,All Schools,2022-04-01,247,9
2026-09-19,2022-06-15,lea,2022,88,MOT Charter School,All Schools,All Schools,2021-10-01,154,46
2026-09-19,2022-06-15,lea,2022,88,MOT Charter School,All Schools,All Schools,2021-11-01,154,29
2026-09-19,2022-06-15,lea,2022,88,MOT Charter School,All Schools,All Schools,2021-12-01,154,19
2026-09-19,2022-06-15,lea,2022,88,MOT Charter School,All Schools,All Schools,2022-01-01,154,7
2026-09-19,2022-06-15,lea,2022,88,MOT Charter School,All Schools,All Schools,2022-02-01,154,11
2026-09-19,2022-06-15,lea,2022,88,MOT Charter School,All Schools,All Schools,2022-03-01,154,6
2026-09-19,2022-06-15,lea,2022,88,MOT Charter School,All Schools,All Schools,2022-04-01,154,4
2026-09-19,2022-06-15,lea,2022,38,New Castle County Vocational-Technical School District,All Schools,All Schools,2021-10-01,1104,115
2026-09-19,2022-06-15,lea,2022,38,New Castle County Vocational-Technical School District,All Schools,All Schools,2021-11-01,1104,77
2026-09-19,2022-06-15,lea,2022,38,New Castle County Vocational-Technical School District,All Schools,All Schools,2021-12-01,1104,63
2026-09-19,2022-06-15,lea,2022,38,New Castle County Vocational-Technical School District,All Schools,All Schools,2022-01-01,1104,71
2026-09-19,2022-06-15,lea,2022,38,New Castle County Vocational-Technical School District,All Schools,All Schools,2022-02-01,1104,47
2026-09-19,2022-06-15,lea,2022,38,New Castle County Vocational-Technical School District,All Schools,All Schools,2022-03-01,1104,68
2026-09-19,2022-06-15,lea,2022,38,New Castle County Vocational-Technical School District,All Schools,All Schools,2022-04-01,1104,45
2026-09-19,2022-06-15,lea,2022,89,Newark Charter School,All Schools,All Schools,2021-10-01,176,89
2026-09-19,2022-06-15,lea,2022,89,Newark Charter School,All Schools,All Schools,2021-11-01,176,21
2026-09-19,2022-06-15,lea,2022,89,Newark Charter School,All Schools,All Schools,2021-12-01,176,7
2026-09-19,2022-06-15,lea,2022,89,Newark Charter School,All Schools,All Schools,2022-01-01,176,9
2026-09-19,2022-06-15,lea,2022,89,Newark Charter School,All Schools,All Schools,2022-02-01,176,7
2026-09-19,2022-06-15,lea,2022,89,Newark Charter School,All Schools,All Schools,2022-03-01,176,4
2026-09-19,2022-06-15,lea,2022,86,Odyssey Charter School,All Schools,All Schools,2021-10-01,65,19
2026-09-19,2022-06-15,lea,2022,86,Odyssey Charter School,All Schools,All Schools,2021-11-01,65,7
2026-09-19,2022-06-15,lea,2022,86,Odyssey Charter School,All Schools,All Schools,2021-12-01,65,3
2026-09-19,2022-06-15,lea,2022,86,Odyssey Charter School,All Schools,All Schools,2022-01-01,65,3
2026-09-19,2022-06-15,lea,2022,86,Odyssey Charter School,All Schools,All Schools,2022-02-01,65,3
2026-09-19,2022-06-15,lea,2022,86,Odyssey Charter School,All Schools,All Schools,2022-03-01,65,4
2026-09-19,2022-06-15,lea,2022,86,Odyssey Charter School,All Schools,All Schools,2022-04-01,65,1
2026-09-19,2022-06-15,lea,2022,39,POLYTECH School District,All Schools,All Schools,2021-10-01,250,44
2026-09-19,2022-06-15,lea,2022,39,POLYTECH School District,All Schools,All Schools,2021-11-01,250,34
2026-09-19,2022-06-15,lea,2022,39,POLYTECH School District,All Schools,All Schools,2021-12-01,250,14
2026-09-19,2022-06-15,lea,2022,39,POLYTECH School District,All Schools,All Schools,2022-01-01,250,11
2026-09-19,2022-06-15,lea,2022,39,POLYTECH School District,All Schools,All Schools,2022-02-01,250,17
2026-09-19,2022-06-15,lea,2022,39,POLYTECH School District,All Schools,All Schools,2022-03-01,250,17
2026-09-19,2022-06-15,lea,2022,39,POLYTECH School District,All Schools,All Schools,2022-04-01,250,12
2026-09-19,2022-06-15,lea,2022,71,Positive Outcomes Charter School,All Schools,All Schools,NULL,19,0
2026-09-19,2022-06-15,lea,2022,32,Red Clay Consolidated School District,All Schools,All Schools,2021-10-01,899,105
2026-09-19,2022-06-15,lea,2022,32,Red Clay Consolidated School District,All Schools,All Schools,2021-11-01,899,74
2026-09-19,2022-06-15,lea,2022,32,Red Clay Consolidated School District,All Schools,All Schools,2021-12-01,899,29
2026-09-19,2022-06-15,lea,2022,32,Red Clay Consolidated School District,All Schools,All Schools,2022-01-01,899,44
2026-09-19,2022-06-15,lea,2022,32,Red Clay Consolidated School District,All Schools,All Schools,2022-02-01,899,25
2026-09-19,2022-06-15,lea,2022,32,Red Clay Consolidated School District,All Schools,All Schools,2022-03-01,899,33
2026-09-19,2022-06-15,lea,2022,32,Red Clay Consolidated School District,All Schools,All Schools,2022-04-01,899,36
2026-09-19,2022-06-15,lea,2022,23,Seaford School District,All Schools,All Schools,2021-10-01,185,12
2026-09-19,2022-06-15,lea,2022,23,Seaford School District,All Schools,All Schools,2021-11-01,185,9
2026-09-19,2022-06-15,lea,2022,23,Seaford School District,All Schools,All Schools,2021-12-01,185,3
2026-09-19,2022-06-15,lea,2022,23,Seaford School District,All Schools,All Schools,2022-01-01,185,8
2026-09-19,2022-06-15,lea,2022,23,Seaford School District,All Schools,All Schools,2022-02-01,185,8
2026-09-19,2022-06-15,lea,2022,23,Seaford School District,All Schools,All Schools,2022-03-01,185,13
2026-09-19,2022-06-15,lea,2022,23,Seaford School District,All Schools,All Schools,2022-04-01,185,5
2026-09-19,2022-06-15,lea,2022,24,Smyrna School District,All Schools,All Schools,2021-10-01,416,44
2026-09-19,2022-06-15,lea,2022,24,Smyrna School District,All Schools,All Schools,2021-11-01,416,43
2026-09-19,2022-06-15,lea,2022,24,Smyrna School District,All Schools,All Schools,2021-12-01,416,22
2026-09-19,2022-06-15,lea,2022,24,Smyrna School District,All Schools,All Schools,2022-01-01,416,28
2026-09-19,2022-06-15,lea,2022,24,Smyrna School District,All Schools,All Schools,2022-02-01,416,15
2026-09-19,2022-06-15,lea,2022,24,Smyrna School District,All Schools,All Schools,2022-03-01,416,33
2026-09-19,2022-06-15,lea,2022,24,Smyrna School District,All Schools,All Schools,2022-04-01,416,19
2026-09-19,2022-06-15,lea,2022,77,Sussex Academy,All Schools,All Schools,2021-10-01,120,36
2026-09-19,2022-06-15,lea,2022,77,Sussex Academy,All Schools,All Schools,2021-11-01,120,13
2026-09-19,2022-06-15,lea,2022,77,Sussex Academy,All Schools,All Schools,2021-12-01,120,13
2026-09-19,2022-06-15,lea,2022,77,Sussex Academy,All Schools,All Schools,2022-01-01,120,15
2026-09-19,2022-06-15,lea,2022,77,Sussex Academy,All Schools,All Schools,2022-02-01,120,6
2026-09-19,2022-06-15,lea,2022,77,Sussex Academy,All Schools,All Schools,2022-03-01,120,4
2026-09-19,2022-06-15,lea,2022,77,Sussex Academy,All Schools,All Schools,2022-04-01,120,3
2026-09-19,2022-06-15,lea,2022,40,Sussex Technical School District,All Schools,All Schools,2021-10-01,323,39
2026-09-19,2022-06-15,lea,2022,40,Sussex Technical School District,All Schools,All Schools,2021-11-01,323,33
2026-09-19,2022-06-15,lea,2022,40,Sussex Technical School District,All Schools,All Schools,2021-12-01,323,20
2026-09-19,2022-06-15,lea,2022,40,Sussex Technical School District,All Schools,All Schools,2022-01-01,323,23
2026-09-19,2022-06-15,lea,2022,40,Sussex Technical School District,All Schools,All Schools,2022-02-01,323,23
2026-09-19,2022-06-15,lea,2022,40,Sussex Technical School District,All Schools,All Schools,2022-03-01,323,17
2026-09-19,2022-06-15,lea,2022,40,Sussex Technical School District,All Schools,All Schools,2022-04-01,323,15
2026-09-19,2022-06-15,lea,2022,35,Woodbridge School District,All Schools,All Schools,2021-10-01,113,5
2026-09-19,2022-06-15,lea,2022,35,Woodbridge School District,All Schools,All Schools,2021-11-01,113,10
2026-09-19,2022-06-15,lea,2022,35,Woodbridge School District,All Schools,All Schools,2021-12-01,113,8
2026-09-19,2022-06-15,lea,2022,35,Woodbridge School District,All Schools,All Schools,2022-01-01,113,2
2026-09-19,2022-06-15,lea,2022,35,Woodbridge School District,All Schools,All Schools,2022-02-01,113,3
2026-09-19,2022-06-15,lea,2022,35,Woodbridge School District,All Schools,All Schools,2022-03-01,113,6
2026-09-19,2022-06-15,state,2022,All LEAs,All LEAs,All Schools,All Schools,2021-10-01,10502,1471
2026-09-19,2022-06-15,state,2022,All LEAs,All LEAs,All Schools,All Schools,2021-11-01,10502,910
2026-09-19,2022-06-15,state,2022,All LEAs,All LEAs,All Schools,All Schools,2021-12-01,10502,531
2026-09-19,2022-06-15,state,2022,All LEAs,All LEAs,All Schools,All Schools,2022-01-01,10502,600
2026-09-19,2022-06-15,state,2022,All LEAs,All LEAs,All Schools,All Schools,2022-02-01,10502,431
2026-09-19,2022-06-15,state,2022,All LEAs,All LEAs,All Schools,All Schools,2022-03-01,10502,468
2026-09-19,2022-06-15,state,2022,All LEAs,All LEAs,All Schools,All Schools,2022-04-01,10502,365
2026-09-19,2021-06-15,school,2021,29,Appoquinimink School District,24,Appoquinimink High School,2020-10-01,436,100
2026-09-19,2021-06-15,school,2021,29,Appoquinimink School District,24,Appoquinimink High School,2020-11-01,436,64
2026-09-19,2021-06-15,school,2021,29,Appoquinimink School District,24,Appoquinimink High School,2020-12-01,436,32
2026-09-19,2021-06-15,school,2021,29,Appoquinimink School District,24,Appoquinimink High School,2021-01-01,436,41
2026-09-19,2021-06-15,school,2021,29,Appoquinimink School District,24,Appoquinimink High School,2021-02-01,436,19
2026-09-19,2021-06-15,school,2021,29,Appoquinimink School District,24,Appoquinimink High School,2021-03-01,436,13
2026-09-19,2021-06-15,school,2021,29,Appoquinimink School District,24,Appoquinimink High School,2021-04-01,436,10
2026-09-19,2021-06-15,school,2021,29,Appoquinimink School District,18,Middletown High School,2020-10-01,456,89
2026-09-19,2021-06-15,school,2021,29,Appoquinimink School District,18,Middletown High School,2020-11-01,456,49
2026-09-19,2021-06-15,school,2021,29,Appoquinimink School District,18,Middletown High School,2020-12-01,456,26
2026-09-19,2021-06-15,school,2021,29,Appoquinimink School District,18,Middletown High School,2021-01-01,456,41
2026-09-19,2021-06-15,school,2021,29,Appoquinimink School District,18,Middletown High School,2021-02-01,456,11
2026-09-19,2021-06-15,school,2021,29,Appoquinimink School District,18,Middletown High School,2021-03-01,456,18
2026-09-19,2021-06-15,school,2021,29,Appoquinimink School District,18,Middletown High School,2021-04-01,456,17
2026-09-19,2021-06-15,school,2021,31,Brandywine School District,190,Brandywine High School,2020-10-01,194,20
2026-09-19,2021-06-15,school,2021,31,Brandywine School District,190,Brandywine High School,2020-11-01,194,23
2026-09-19,2021-06-15,school,2021,31,Brandywine School District,190,Brandywine High School,2020-12-01,194,12
2026-09-19,2021-06-15,school,2021,31,Brandywine School District,190,Brandywine High School,2021-01-01,194,5
2026-09-19,2021-06-15,school,2021,31,Brandywine School District,190,Brandywine High School,2021-02-01,194,3
2026-09-19,2021-06-15,school,2021,31,Brandywine School District,190,Brandywine High School,2021-03-01,194,5
2026-09-19,2021-06-15,school,2021,31,Brandywine School District,190,Brandywine High School,2021-04-01,194,3
2026-09-19,2021-06-15,school,2021,31,Brandywine School District,108,Brandywine SITE,NULL,26,0
2026-09-19,2021-06-15,school,2021,31,Brandywine School District,194,Concord High School,2020-10-01,273,50
2026-09-19,2021-06-15,school,2021,31,Brandywine School District,194,Concord High School,2020-11-01,273,33
2026-09-19,2021-06-15,school,2021,31,Brandywine School District,194,Concord High School,2020-12-01,273,36
2026-09-19,2021-06-15,school,2021,31,Brandywine School District,194,Concord High School,2021-01-01,273,18
2026-09-19,2021-06-15,school,2021,31,Brandywine School District,194,Concord High School,2021-02-01,273,7
2026-09-19,2021-06-15,school,2021,31,Brandywine School District,194,Concord High School,2021-03-01,273,13
2026-09-19,2021-06-15,school,2021,31,Brandywine School District,194,Concord High School,2021-04-01,273,10
2026-09-19,2021-06-15,school,2021,31,Brandywine School District,196,Mount Pleasant High School,2020-10-01,257,68
2026-09-19,2021-06-15,school,2021,31,Brandywine School District,196,Mount Pleasant High School,2020-11-01,257,25
2026-09-19,2021-06-15,school,2021,31,Brandywine School District,196,Mount Pleasant High School,2020-12-01,257,9
2026-09-19,2021-06-15,school,2021,31,Brandywine School District,196,Mount Pleasant High School,2021-01-01,257,21
2026-09-19,2021-06-15,school,2021,31,Brandywine School District,196,Mount Pleasant High School,2021-02-01,257,8
2026-09-19,2021-06-15,school,2021,31,Brandywine School District,196,Mount Pleasant High School,2021-03-01,257,8
2026-09-19,2021-06-15,school,2021,31,Brandywine School District,196,Mount Pleasant High School,2021-04-01,257,4
2026-09-19,2021-06-15,school,2021,10,Caesar Rodney School District,626,Caesar Rodney High School,2020-10-01,507,73
2026-09-19,2021-06-15,school,2021,10,Caesar Rodney School District,626,Caesar Rodney High School,2020-11-01,507,39
2026-09-19,2021-06-15,school,2021,10,Caesar Rodney School District,626,Caesar Rodney High School,2020-12-01,507,36
2026-09-19,2021-06-15,school,2021,10,Caesar Rodney School District,626,Caesar Rodney High School,2021-01-01,507,34
2026-09-19,2021-06-15,school,2021,10,Caesar Rodney School District,626,Caesar Rodney High School,2021-02-01,507,19
2026-09-19,2021-06-15,school,2021,10,Caesar Rodney School District,626,Caesar Rodney High School,2021-03-01,507,26
2026-09-19,2021-06-15,school,2021,10,Caesar Rodney School District,626,Caesar Rodney High School,2021-04-01,507,14
2026-09-19,2021-06-15,school,2021,10,Caesar Rodney School District,630,John S. Charlton School,NULL,52,0
2026-09-19,2021-06-15,school,2021,17,Cape Henlopen School District,726,Cape Henlopen High School,2020-10-01,407,39
2026-09-19,2021-06-15,school,2021,17,Cape Henlopen School District,726,Cape Henlopen High School,2020-11-01,407,41
2026-09-19,2021-06-15,school,2021,17,Cape Henlopen School District,726,Cape Henlopen High School,2020-12-01,407,27
2026-09-19,2021-06-15,school,2021,17,Cape Henlopen School District,726,Cape Henlopen High School,2021-01-01,407,32
2026-09-19,2021-06-15,school,2021,17,Cape Henlopen School District,726,Cape Henlopen High School,2021-02-01,407,21
2026-09-19,2021-06-15,school,2021,17,Cape Henlopen School District,726,Cape Henlopen High School,2021-03-01,407,31
2026-09-19,2021-06-15,school,2021,17,Cape Henlopen School District,726,Cape Henlopen High School,2021-04-01,407,5
2026-09-19,2021-06-15,school,2021,17,Cape Henlopen School District,728,Sussex Consortium,NULL,16,0
2026-09-19,2021-06-15,school,2021,13,Capital School District,648,Dover High School,2020-10-01,455,35
2026-09-19,2021-06-15,school,2021,13,Capital School District,648,Dover High School,2020-11-01,455,25
2026-09-19,2021-06-15,school,2021,13,Capital School District,648,Dover High School,2020-12-01,455,14
2026-09-19,2021-06-15,school,2021,13,Capital School District,648,Dover High School,2021-01-01,455,25
2026-09-19,2021-06-15,school,2021,13,Capital School District,648,Dover High School,2021-02-01,455,18
2026-09-19,2021-06-15,school,2021,13,Capital School District,648,Dover High School,2021-03-01,455,18
2026-09-19,2021-06-15,school,2021,13,Capital School District,648,Dover High School,2021-04-01,455,13
2026-09-19,2021-06-15,school,2021,13,Capital School District,650,Kent County Community School,NULL,21,0
2026-09-19,2021-06-15,school,2021,13,Capital School District,655,Kent County Secondary ILC,NULL,3,0
2026-09-19,2021-06-15,school,2021,70,Charter School of Wilmington,295,Charter School of Wilmington,2020-10-01,235,90
2026-09-19,2021-06-15,school,2021,70,Charter School of Wilmington,295,Charter School of Wilmington,2020-11-01,235,43
2026-09-19,2021-06-15,school,2021,70,Charter School of Wilmington,295,Charter School of Wilmington,2020-12-01,235,21
2026-09-19,2021-06-15,school,2021,70,Charter School of Wilmington,295,Charter School of Wilmington,2021-01-01,235,21
2026-09-19,2021-06-15,school,2021,70,Charter School of Wilmington,295,Charter School of Wilmington,2021-02-01,235,6
2026-09-19,2021-06-15,school,2021,70,Charter School of Wilmington,295,Charter School of Wilmington,2021-03-01,235,3
2026-09-19,2021-06-15,school,2021,70,Charter School of Wilmington,295,Charter School of Wilmington,2021-04-01,235,4
2026-09-19,2021-06-15,school,2021,33,Christina School District,538,Brennen School (The),NULL,22,0
2026-09-19,2021-06-15,school,2021,33,Christina School District,390,Christiana High School,2020-10-01,216,16
2026-09-19,2021-06-15,school,2021,33,Christina School District,390,Christiana High School,2020-11-01,216,11
2026-09-19,2021-06-15,school,2021,33,Christina School District,390,Christiana High School,2020-12-01,216,5
2026-09-19,2021-06-15,school,2021,33,Christina School District,390,Christiana High School,2021-01-01,216,16
2026-09-19,2021-06-15,school,2021,33,Christina School District,390,Christiana High School,2021-02-01,216,3
2026-09-19,2021-06-15,school,2021,33,Christina School District,390,Christiana High School,2021-03-01,216,9
2026-09-19,2021-06-15,school,2021,33,Christina School District,390,Christiana High School,2021-04-01,216,1
2026-09-19,2021-06-15,school,2021,33,Christina School District,545,Christina Early Education Center,NULL,4,0
2026-09-19,2021-06-15,school,2021,33,Christina School District,540,Delaware School for the Deaf School (DSD),2021-04-01,3,1
2026-09-19,2021-06-15,school,2021,33,Christina School District,537,Douglass School,NULL,6,0
2026-09-19,2021-06-15,school,2021,33,Christina School District,392,Glasgow High School,2020-10-01,209,10
2026-09-19,2021-06-15,school,2021,33,Christina School District,392,Glasgow High School,2020-11-01,209,5
2026-09-19,2021-06-15,school,2021,33,Christina School District,392,Glasgow High School,2020-12-01,209,4
2026-09-19,2021-06-15,school,2021,33,Christina School District,392,Glasgow High School,2021-01-01,209,7
2026-09-19,2021-06-15,school,2021,33,Christina School District,392,Glasgow High School,2021-02-01,209,2
2026-09-19,2021-06-15,school,2021,33,Christina School District,392,Glasgow High School,2021-03-01,209,4
2026-09-19,2021-06-15,school,2021,33,Christina School District,392,Glasgow High School,2021-04-01,209,2
2026-09-19,2021-06-15,school,2021,33,Christina School District,394,Newark High School,2020-10-01,269,26
2026-09-19,2021-06-15,school,2021,33,Christina School District,394,Newark High School,2020-11-01,269,19
2026-09-19,2021-06-15,school,2021,33,Christina School District,394,Newark High School,2020-12-01,269,14
2026-09-19,2021-06-15,school,2021,33,Christina School District,394,Newark High School,2021-01-01,269,22
2026-09-19,2021-06-15,school,2021,33,Christina School District,394,Newark High School,2021-02-01,269,5
2026-09-19,2021-06-15,school,2021,33,Christina School District,394,Newark High School,2021-03-01,269,9
2026-09-19,2021-06-15,school,2021,33,Christina School District,394,Newark High School,2021-04-01,269,4
2026-09-19,2021-06-15,school,2021,33,Christina School District,354,Pyle (Sarah) Academy,2020-10-01,53,1
2026-09-19,2021-06-15,school,2021,33,Christina School District,354,Pyle (Sarah) Academy,2020-12-01,53,1
2026-09-19,2021-06-15,school,2021,34,Colonial School District,514,Leach (John G.) School,NULL,33,0
2026-09-19,2021-06-15,school,2021,34,Colonial School District,490,Penn (William) High School,2020-10-01,447,61
2026-09-19,2021-06-15,school,2021,34,Colonial School District,490,Penn (William) High School,2020-11-01,447,19
2026-09-19,2021-06-15,school,2021,34,Colonial School District,490,Penn (William) High School,2020-12-01,447,17
2026-09-19,2021-06-15,school,2021,34,Colonial School District,490,Penn (William) High School,2021-01-01,447,19
2026-09-19,2021-06-15,school,2021,34,Colonial School District,490,Penn (William) High School,2021-02-01,447,14
2026-09-19,2021-06-15,school,2021,34,Colonial School District,490,Penn (William) High School,2021-03-01,447,14
2026-09-19,2021-06-15,school,2021,34,Colonial School District,490,Penn (William) High School,2021-04-01,447,7
2026-09-19,2021-06-15,school,2021,34,Colonial School District,522,The Wallace Wallin School,2021-01-01,35,1
2026-09-19,2021-06-15,school,2021,79,Delaware Military Academy,578,Delaware Military Academy,2020-10-01,133,40
2026-09-19,2021-06-15,school,2021,79,Delaware Military Academy,578,Delaware Military Academy,2020-11-01,133,21
2026-09-19,2021-06-15,school,2021,79,Delaware Military Academy,578,Delaware Military Academy,2020-12-01,133,9
2026-09-19,2021-06-15,school,2021,79,Delaware Military Academy,578,Delaware Military Academy,2021-01-01,133,11
2026-09-19,2021-06-15,school,2021,79,Delaware Military Academy,578,Delaware Military Academy,2021-02-01,133,2
2026-09-19,2021-06-15,school,2021,79,Delaware Military Academy,578,Delaware Military Academy,2021-03-01,133,4
2026-09-19,2021-06-15,school,2021,79,Delaware Military Academy,578,Delaware Military Academy,2021-04-01,133,4
2026-09-19,2021-06-15,school,2021,37,Delmar School District,730,Delmar High School,2020-10-01,152,9
2026-09-19,2021-06-15,school,2021,37,Delmar School District,730,Delmar High School,2020-11-01,152,4
2026-09-19,2021-06-15,school,2021,37,Delmar School District,730,Delmar High School,2020-12-01,152,6
2026-09-19,2021-06-15,school,2021,37,Delmar School District,730,Delmar High School,2021-01-01,152,6
2026-09-19,2021-06-15,school,2021,37,Delmar School District,730,Delmar High School,2021-02-01,152,4
2026-09-19,2021-06-15,school,2021,37,Delmar School District,730,Delmar High School,2021-03-01,152,7
2026-09-19,2021-06-15,school,2021,9604,Early College High School at Del State,4040,Early College High School at Del State,2020-10-01,90,24
2026-09-19,2021-06-15,school,2021,9604,Early College High School at Del State,4040,Early College High School at Del State,2020-11-01,90,7
2026-09-19,2021-06-15,school,2021,9604,Early College High School at Del State,4040,Early College High School at Del State,2020-12-01,90,5
2026-09-19,2021-06-15,school,2021,9604,Early College High School at Del State,4040,Early College High School at Del State,2021-01-01,90,8
2026-09-19,2021-06-15,school,2021,9604,Early College High School at Del State,4040,Early College High School at Del State,2021-02-01,90,1
2026-09-19,2021-06-15,school,2021,9604,Early College High School at Del State,4040,Early College High School at Del State,2021-03-01,90,2
2026-09-19,2021-06-15,school,2021,9604,Early College High School at Del State,4040,Early College High School at Del State,2021-04-01,90,2
2026-09-19,2021-06-15,school,2021,9607,First State Military Academy,4055,First State Military Academy,2020-10-01,93,6
2026-09-19,2021-06-15,school,2021,9607,First State Military Academy,4055,First State Military Academy,2020-11-01,93,7
2026-09-19,2021-06-15,school,2021,9607,First State Military Academy,4055,First State Military Academy,2020-12-01,93,5
2026-09-19,2021-06-15,school,2021,9607,First State Military Academy,4055,First State Military Academy,2021-01-01,93,4
2026-09-19,2021-06-15,school,2021,9607,First State Military Academy,4055,First State Military Academy,2021-02-01,93,3
2026-09-19,2021-06-15,school,2021,9607,First State Military Academy,4055,First State Military Academy,2021-03-01,93,2
2026-09-19,2021-06-15,school,2021,9607,First State Military Academy,4055,First State Military Academy,2021-04-01,93,3
2026-09-19,2021-06-15,school,2021,9612,Freire Charter School Wilmington,4080,Freire Charter School,2020-10-01,108,14
2026-09-19,2021-06-15,school,2021,9612,Freire Charter School Wilmington,4080,Freire Charter School,2020-11-01,108,7
2026-09-19,2021-06-15,school,2021,9612,Freire Charter School Wilmington,4080,Freire Charter School,2020-12-01,108,8
2026-09-19,2021-06-15,school,2021,9612,Freire Charter School Wilmington,4080,Freire Charter School,2021-01-01,108,14
2026-09-19,2021-06-15,school,2021,9612,Freire Charter School Wilmington,4080,Freire Charter School,2021-02-01,108,5
2026-09-19,2021-06-15,school,2021,9612,Freire Charter School Wilmington,4080,Freire Charter School,2021-03-01,108,9
2026-09-19,2021-06-15,school,2021,9612,Freire Charter School Wilmington,4080,Freire Charter School,2021-04-01,108,1
2026-09-19,2021-06-15,school,2021,36,Indian River School District,750,Ennis (Howard T.) School,NULL,34,0
2026-09-19,2021-06-15,school,2021,36,Indian River School District,746,Indian River High School,2020-10-01,239,19
2026-09-19,2021-06-15,school,2021,36,Indian River School District,746,Indian River High School,2020-11-01,239,20
2026-09-19,2021-06-15,school,2021,36,Indian River School District,746,Indian River High School,2020-12-01,239,12
2026-09-19,2021-06-15,school,2021,36,Indian River School District,746,Indian River High School,2021-01-01,239,15
2026-09-19,2021-06-15,school,2021,36,Indian River School District,746,Indian River High School,2021-02-01,239,10
2026-09-19,2021-06-15,school,2021,36,Indian River School District,746,Indian River High School,2021-03-01,239,19
2026-09-19,2021-06-15,school,2021,36,Indian River School District,746,Indian River High School,2021-04-01,239,15
2026-09-19,2021-06-15,school,2021,36,Indian River School District,748,Sussex Central High School,2020-10-01,362,24
2026-09-19,2021-06-15,school,2021,36,Indian River School District,748,Sussex Central High School,2020-11-01,362,11
2026-09-19,2021-06-15,school,2021,36,Indian River School District,748,Sussex Central High School,2020-12-01,362,14
2026-09-19,2021-06-15,school,2021,36,Indian River School District,748,Sussex Central High School,2021-01-01,362,18
2026-09-19,2021-06-15,school,2021,36,Indian River School District,748,Sussex Central High School,2021-02-01,362,12
2026-09-19,2021-06-15,school,2021,36,Indian River School District,748,Sussex Central High School,2021-03-01,362,22
2026-09-19,2021-06-15,school,2021,36,Indian River School District,748,Sussex Central High School,2021-04-01,362,12
2026-09-19,2021-06-15,school,2021,15,Lake Forest School District,665,Lake Forest High School,2020-10-01,191,11
2026-09-19,2021-06-15,school,2021,15,Lake Forest School District,665,Lake Forest High School,2020-11-01,191,11
2026-09-19,2021-06-15,school,2021,15,Lake Forest School District,665,Lake Forest High School,2020-12-01,191,8
2026-09-19,2021-06-15,school,2021,15,Lake Forest School District,665,Lake Forest High School,2021-01-01,191,16
2026-09-19,2021-06-15,school,2021,15,Lake Forest School District,665,Lake Forest High School,2021-02-01,191,9
2026-09-19,2021-06-15,school,2021,15,Lake Forest School District,665,Lake Forest High School,2021-03-01,191,18
2026-09-19,2021-06-15,school,2021,15,Lake Forest School District,665,Lake Forest High School,2021-04-01,191,9
2026-09-19,2021-06-15,school,2021,16,Laurel School District,756,Laurel Senior High School,2020-10-01,133,10
2026-09-19,2021-06-15,school,2021,16,Laurel School District,756,Laurel Senior High School,2020-11-01,133,10
2026-09-19,2021-06-15,school,2021,16,Laurel School District,756,Laurel Senior High School,2020-12-01,133,6
2026-09-19,2021-06-15,school,2021,16,Laurel School District,756,Laurel Senior High School,2021-01-01,133,10
2026-09-19,2021-06-15,school,2021,16,Laurel School District,756,Laurel Senior High School,2021-02-01,133,3
2026-09-19,2021-06-15,school,2021,16,Laurel School District,756,Laurel Senior High School,2021-03-01,133,5
2026-09-19,2021-06-15,school,2021,16,Laurel School District,756,Laurel Senior High School,2021-04-01,133,1
2026-09-19,2021-06-15,school,2021,18,Milford School District,678,Milford Senior High School,2020-10-01,248,24
2026-09-19,2021-06-15,school,2021,18,Milford School District,678,Milford Senior High School,2020-11-01,248,8
2026-09-19,2021-06-15,school,2021,18,Milford School District,678,Milford Senior High School,2020-12-01,248,16
2026-09-19,2021-06-15,school,2021,18,Milford School District,678,Milford Senior High School,2021-01-01,248,11
2026-09-19,2021-06-15,school,2021,18,Milford School District,678,Milford Senior High School,2021-02-01,248,12
2026-09-19,2021-06-15,school,2021,18,Milford School District,678,Milford Senior High School,2021-03-01,248,14
2026-09-19,2021-06-15,school,2021,18,Milford School District,678,Milford Senior High School,2021-04-01,248,7
2026-09-19,2021-06-15,school,2021,88,MOT Charter School,587,MOT Charter School,2020-10-01,171,54
2026-09-19,2021-06-15,school,2021,88,MOT Charter School,587,MOT Charter School,2020-11-01,171,20
2026-09-19,2021-06-15,school,2021,88,MOT Charter School,587,MOT Charter School,2020-12-01,171,14
2026-09-19,2021-06-15,school,2021,88,MOT Charter School,587,MOT Charter School,2021-01-01,171,20
2026-09-19,2021-06-15,school,2021,88,MOT Charter School,587,MOT Charter School,2021-02-01,171,9
2026-09-19,2021-06-15,school,2021,88,MOT Charter School,587,MOT Charter School,2021-03-01,171,7
2026-09-19,2021-06-15,school,2021,88,MOT Charter School,587,MOT Charter School,2021-04-01,171,3
2026-09-19,2021-06-15,school,2021,38,New Castle County Vocational-Technical School District,80,Delcastle Technical High School,2020-10-01,407,32
2026-09-19,2021-06-15,school,2021,38,New Castle County Vocational-Technical School District,80,Delcastle Technical High School,2020-11-01,407,16
2026-09-19,2021-06-15,school,2021,38,New Castle County Vocational-Technical School District,80,Delcastle Technical High School,2020-12-01,407,14
2026-09-19,2021-06-15,school,2021,38,New Castle County Vocational-Technical School District,80,Delcastle Technical High School,2021-01-01,407,23
2026-09-19,2021-06-15,school,2021,38,New Castle County Vocational-Technical School District,80,Delcastle Technical High School,2021-02-01,407,12
2026-09-19,2021-06-15,school,2021,38,New Castle County Vocational-Technical School District,80,Delcastle Technical High School,2021-03-01,407,16
2026-09-19,2021-06-15,school,2021,38,New Castle County Vocational-Technical School District,80,Delcastle Technical High School,2021-04-01,407,9
2026-09-19,2021-06-15,school,2021,38,New Castle County Vocational-Technical School District,66,Hodgson (Paul M.) Vocational Technical High School,2020-10-01,257,13
2026-09-19,2021-06-15,school,2021,38,New Castle County Vocational-Technical School District,66,Hodgson (Paul M.) Vocational Technical High School,2020-11-01,257,15
2026-09-19,2021-06-15,school,2021,38,New Castle County Vocational-Technical School District,66,Hodgson (Paul M.) Vocational Technical High School,2020-12-01,257,10
2026-09-19,2021-06-15,school,2021,38,New Castle County Vocational-Technical School District,66,Hodgson (Paul M.) Vocational Technical High School,2021-01-01,257,24
2026-09-19,2021-06-15,school,2021,38,New Castle County Vocational-Technical School District,66,Hodgson (Paul M.) Vocational Technical High School,2021-02-01,257,10
2026-09-19,2021-06-15,school,2021,38,New Castle County Vocational-Technical School District,66,Hodgson (Paul M.) Vocational Technical High School,2021-03-01,257,13
2026-09-19,2021-06-15,school,2021,38,New Castle County Vocational-Technical School District,66,Hodgson (Paul M.) Vocational Technical High School,2021-04-01,257,9
2026-09-19,2021-06-15,school,2021,38,New Castle County Vocational-Technical School District,26,Howard High School of Technology,2020-10-01,195,8
2026-09-19,2021-06-15,school,2021,38,New Castle County Vocational-Technical School District,26,Howard High School of Technology,2020-11-01,195,5
2026-09-19,2021-06-15,school,2021,38,New Castle County Vocational-Technical School District,26,Howard High School of Technology,2020-12-01,195,5
2026-09-19,2021-06-15,school,2021,38,New Castle County Vocational-Technical School District,26,Howard High School of Technology,2021-01-01,195,9
2026-09-19,2021-06-15,school,2021,38,New Castle County Vocational-Technical School District,26,Howard High School of Technology,2021-02-01,195,14
2026-09-19,2021-06-15,school,2021,38,New Castle County Vocational-Technical School District,26,Howard High School of Technology,2021-03-01,195,11
2026-09-19,2021-06-15,school,2021,38,New Castle County Vocational-Technical School District,26,Howard High School of Technology,2021-04-01,195,7
2026-09-19,2021-06-15,school,2021,38,New Castle County Vocational-Technical School District,44,St. Georges Technical High School,2020-10-01,253,40
2026-09-19,2021-06-15,school,2021,38,New Castle County Vocational-Technical School District,44,St. Georges Technical High School,2020-11-01,253,32
2026-09-19,2021-06-15,school,2021,38,New Castle County Vocational-Technical School District,44,St. Georges Technical High School,2020-12-01,253,11
2026-09-19,2021-06-15,school,2021,38,New Castle County Vocational-Technical School District,44,St. Georges Technical High School,2021-01-01,253,29
2026-09-19,2021-06-15,school,2021,38,New Castle County Vocational-Technical School District,44,St. Georges Technical High School,2021-02-01,253,13
2026-09-19,2021-06-15,school,2021,38,New Castle County Vocational-Technical School District,44,St. Georges Technical High School,2021-03-01,253,32
2026-09-19,2021-06-15,school,2021,38,New Castle County Vocational-Technical School District,44,St. Georges Technical High School,2021-04-01,253,4
2026-09-19,2021-06-15,school,2021,89,Newark Charter School,588,Newark Charter School,2020-10-01,169,80
2026-09-19,2021-06-15,school,2021,89,Newark Charter School,588,Newark Charter School,2020-11-01,169,25
2026-09-19,2021-06-15,school,2021,89,Newark Charter School,588,Newark Charter School,2020-12-01,169,6
2026-09-19,2021-06-15,school,2021,89,Newark Charter School,588,Newark Charter School,2021-01-01,169,19
2026-09-19,2021-06-15,school,2021,89,Newark Charter School,588,Newark Charter School,2021-02-01,169,2
2026-09-19,2021-06-15,school,2021,89,Newark Charter School,588,Newark Charter School,2021-03-01,169,3
2026-09-19,2021-06-15,school,2021,86,Odyssey Charter School,585,Odyssey Charter School,2020-10-01,60,17
2026-09-19,2021-06-15,school,2021,86,Odyssey Charter School,585,Odyssey Charter School,2020-11-01,60,7
2026-09-19,2021-06-15,school,2021,86,Odyssey Charter School,585,Odyssey Charter School,2020-12-01,60,1
2026-09-19,2021-06-15,school,2021,86,Odyssey Charter School,585,Odyssey Charter School,2021-01-01,60,10
2026-09-19,2021-06-15,school,2021,86,Odyssey Charter School,585,Odyssey Charter School,2021-02-01,60,1
2026-09-19,2021-06-15,school,2021,86,Odyssey Charter School,585,Odyssey Charter School,2021-03-01,60,2
2026-09-19,2021-06-15,school,2021,39,POLYTECH School District,652,POLYTECH High School,2020-10-01,266,54
2026-09-19,2021-06-15,school,2021,39,POLYTECH School District,652,POLYTECH High School,2020-11-01,266,19
2026-09-19,2021-06-15,school,2021,39,POLYTECH School District,652,POLYTECH High School,2020-12-01,266,16
2026-09-19,2021-06-15,school,2021,39,POLYTECH School District,652,POLYTECH High School,2021-01-01,266,26
2026-09-19,2021-06-15,school,2021,39,POLYTECH School District,652,POLYTECH High School,2021-02-01,266,11
2026-09-19,2021-06-15,school,2021,39,POLYTECH School District,652,POLYTECH High School,2021-03-01,266,14
2026-09-19,2021-06-15,school,2021,39,POLYTECH School District,652,POLYTECH High School,2021-04-01,266,7
2026-09-19,2021-06-15,school,2021,71,Positive Outcomes Charter School,570,Positive Outcomes Charter School,2021-02-01,12,1
2026-09-19,2021-06-15,school,2021,71,Positive Outcomes Charter School,570,Positive Outcomes Charter School,2021-03-01,12,1
2026-09-19,2021-06-15,school,2021,32,Red Clay Consolidated School District,286,Calloway (Cab) School of the Arts,2020-10-01,127,48
2026-09-19,2021-06-15,school,2021,32,Red Clay Consolidated School District,286,Calloway (Cab) School of the Arts,2020-11-01,127,24
2026-09-19,2021-06-15,school,2021,32,Red Clay Consolidated School District,286,Calloway (Cab) School of the Arts,2020-12-01,127,12
2026-09-19,2021-06-15,school,2021,32,Red Clay Consolidated School District,286,Calloway (Cab) School of the Arts,2021-01-01,127,8
2026-09-19,2021-06-15,school,2021,32,Red Clay Consolidated School District,286,Calloway (Cab) School of the Arts,2021-02-01,127,4
2026-09-19,2021-06-15,school,2021,32,Red Clay Consolidated School District,286,Calloway (Cab) School of the Arts,2021-03-01,127,5
2026-09-19,2021-06-15,school,2021,32,Red Clay Consolidated School District,286,Calloway (Cab) School of the Arts,2021-04-01,127,3
2026-09-19,2021-06-15,school,2021,32,Red Clay Consolidated School District,284,Conrad Schools of Science,2020-10-01,168,41
2026-09-19,2021-06-15,school,2021,32,Red Clay Consolidated School District,284,Conrad Schools of Science,2020-11-01,168,15
2026-09-19,2021-06-15,school,2021,32,Red Clay Consolidated School District,284,Conrad Schools of Science,2020-12-01,168,13
2026-09-19,2021-06-15,school,2021,32,Red Clay Consolidated School District,284,Conrad Schools of Science,2021-01-01,168,21
2026-09-19,2021-06-15,school,2021,32,Red Clay Consolidated School District,284,Conrad Schools of Science,2021-02-01,168,9
2026-09-19,2021-06-15,school,2021,32,Red Clay Consolidated School District,284,Conrad Schools of Science,2021-03-01,168,6
2026-09-19,2021-06-15,school,2021,32,Red Clay Consolidated School District,284,Conrad Schools of Science,2021-04-01,168,2
2026-09-19,2021-06-15,school,2021,32,Red Clay Consolidated School District,290,Dickinson (John) School,2020-10-01,151,8
2026-09-19,2021-06-15,school,2021,32,Red Clay Consolidated School District,290,Dickinson (John) School,2020-11-01,151,7
2026-09-19,2021-06-15,school,2021,32,Red Clay Consolidated School District,290,Dickinson (John) School,2020-12-01,151,8
2026-09-19,2021-06-15,school,2021,32,Red Clay Consolidated School District,290,Dickinson (John) School,2021-01-01,151,8
2026-09-19,2021-06-15,school,2021,32,Red Clay Consolidated School District,290,Dickinson (John) School,2021-02-01,151,3
2026-09-19,2021-06-15,school,2021,32,Red Clay Consolidated School District,290,Dickinson (John) School,2021-03-01,151,4
2026-09-19,2021-06-15,school,2021,32,Red Clay Consolidated School District,290,Dickinson (John) School,2021-04-01,151,1
2026-09-19,2021-06-15,school,2021,32,Red Clay Consolidated School District,292,duPont (Alexis I.) High School,2020-10-01,220,20
2026-09-19,2021-06-15,school,2021,32,Red Clay Consolidated School District,292,duPont (Alexis I.) High School,2020-11-01,220,16
2026-09-19,2021-06-15,school,2021,32,Red Clay Consolidated School District,292,duPont (Alexis I.) High School,2020-12-01,220,12
2026-09-19,2021-06-15,school,2021,32,Red Clay Consolidated School District,292,duPont (Alexis I.) High School,2021-01-01,220,17
2026-09-19,2021-06-15,school,2021,32,Red Clay Consolidated School District,292,duPont (Alexis I.) High School,2021-02-01,220,9
2026-09-19,2021-06-15,school,2021,32,Red Clay Consolidated School District,292,duPont (Alexis I.) High School,2021-03-01,220,3
2026-09-19,2021-06-15,school,2021,32,Red Clay Consolidated School District,292,duPont (Alexis I.) High School,2021-04-01,220,2
2026-09-19,2021-06-15,school,2021,32,Red Clay Consolidated School District,530,First State School,2020-11-01,5,1
2026-09-19,2021-06-15,school,2021,32,Red Clay Consolidated School District,294,McKean (Thomas) High School,2020-10-01,238,6
2026-09-19,2021-06-15,school,2021,32,Red Clay Consolidated School District,294,McKean (Thomas) High School,2020-11-01,238,5
2026-09-19,2021-06-15,school,2021,32,Red Clay Consolidated School District,294,McKean (Thomas) High School,2020-12-01,238,9
2026-09-19,2021-06-15,school,2021,32,Red Clay Consolidated School District,294,McKean (Thomas) High School,2021-01-01,238,6
2026-09-19,2021-06-15,school,2021,32,Red Clay Consolidated School District,294,McKean (Thomas) High School,2021-02-01,238,5
2026-09-19,2021-06-15,school,2021,32,Red Clay Consolidated School District,294,McKean (Thomas) High School,2021-03-01,238,11
2026-09-19,2021-06-15,school,2021,32,Red Clay Consolidated School District,294,McKean (Thomas) High School,2021-04-01,238,5
2026-09-19,2021-06-15,school,2021,32,Red Clay Consolidated School District,516,Meadowood Program,NULL,47,0
2026-09-19,2021-06-15,school,2021,23,Seaford School District,766,Seaford Senior High School,2020-10-01,178,8
2026-09-19,2021-06-15,school,2021,23,Seaford School District,766,Seaford Senior High School,2020-11-01,178,7
2026-09-19,2021-06-15,school,2021,23,Seaford School District,766,Seaford Senior High School,2020-12-01,178,7
2026-09-19,2021-06-15,school,2021,23,Seaford School District,766,Seaford Senior High School,2021-01-01,178,1
2026-09-19,2021-06-15,school,2021,23,Seaford School District,766,Seaford Senior High School,2021-02-01,178,2
2026-09-19,2021-06-15,school,2021,23,Seaford School District,766,Seaford Senior High School,2021-03-01,178,6
2026-09-19,2021-06-15,school,2021,23,Seaford School District,766,Seaford Senior High School,2021-04-01,178,2
2026-09-19,2021-06-15,school,2021,24,Smyrna School District,688,Smyrna High School,2020-10-01,401,47
2026-09-19,2021-06-15,school,2021,24,Smyrna School District,688,Smyrna High School,2020-11-01,401,35
2026-09-19,2021-06-15,school,2021,24,Smyrna School District,688,Smyrna High School,2020-12-01,401,22
2026-09-19,2021-06-15,school,2021,24,Smyrna School District,688,Smyrna High School,2021-01-01,401,35
2026-09-19,2021-06-15,school,2021,24,Smyrna School District,688,Smyrna High School,2021-02-01,401,16
2026-09-19,2021-06-15,school,2021,24,Smyrna School District,688,Smyrna High School,2021-03-01,401,26
2026-09-19,2021-06-15,school,2021,24,Smyrna School District,688,Smyrna High School,2021-04-01,401,8
2026-09-19,2021-06-15,school,2021,77,Sussex Academy,576,Sussex Academy,2020-10-01,116,30
2026-09-19,2021-06-15,school,2021,77,Sussex Academy,576,Sussex Academy,2020-11-01,116,24
2026-09-19,2021-06-15,school,2021,77,Sussex Academy,576,Sussex Academy,2020-12-01,116,8
2026-09-19,2021-06-15,school,2021,77,Sussex Academy,576,Sussex Academy,2021-01-01,116,8
2026-09-19,2021-06-15,school,2021,77,Sussex Academy,576,Sussex Academy,2021-02-01,116,7
2026-09-19,2021-06-15,school,2021,77,Sussex Academy,576,Sussex Academy,2021-03-01,116,4
2026-09-19,2021-06-15,school,2021,77,Sussex Academy,576,Sussex Academy,2021-04-01,116,4
2026-09-19,2021-06-15,school,2021,40,Sussex Technical School District,770,Sussex Technical High School,2020-10-01,276,35
2026-09-19,2021-06-15,school,2021,40,Sussex Technical School District,770,Sussex Technical High School,2020-11-01,276,31
2026-09-19,2021-06-15,school,2021,40,Sussex Technical School District,770,Sussex Technical High School,2020-12-01,276,22
2026-09-19,2021-06-15,school,2021,40,Sussex Technical School District,770,Sussex Technical High School,2021-01-01,276,28
2026-09-19,2021-06-15,school,2021,40,Sussex Technical School District,770,Sussex Technical High School,2021-02-01,276,22
2026-09-19,2021-06-15,school,2021,40,Sussex Technical School District,770,Sussex Technical High School,2021-03-01,276,17
2026-09-19,2021-06-15,school,2021,40,Sussex Technical School District,770,Sussex Technical High School,2021-04-01,276,5
2026-09-19,2021-06-15,school,2021,35,Woodbridge School District,780,Woodbridge High School,2020-10-01,149,8
2026-09-19,2021-06-15,school,2021,35,Woodbridge School District,780,Woodbridge High School,2020-11-01,149,6
2026-09-19,2021-06-15,school,2021,35,Woodbridge School District,780,Woodbridge High School,2020-12-01,149,2
2026-09-19,2021-06-15,school,2021,35,Woodbridge School District,780,Woodbridge High School,2021-01-01,149,6
2026-09-19,2021-06-15,school,2021,35,Woodbridge School District,780,Woodbridge High School,2021-02-01,149,4
2026-09-19,2021-06-15,school,2021,35,Woodbridge School District,780,Woodbridge High School,2021-03-01,149,12
2026-09-19,2021-06-15,school,2021,35,Woodbridge School District,780,Woodbridge High School,2021-04-01,149,4
2026-09-19,2021-06-15,lea,2021,29,Appoquinimink School District,All Schools,All Schools,2020-10-01,892,189
2026-09-19,2021-06-15,lea,2021,29,Appoquinimink School District,All Schools,All Schools,2020-11-01,892,113
2026-09-19,2021-06-15,lea,2021,29,Appoquinimink School District,All Schools,All Schools,2020-12-01,892,58
2026-09-19,2021-06-15,lea,2021,29,Appoquinimink School District,All Schools,All Schools,2021-01-01,892,82
2026-09-19,2021-06-15,lea,2021,29,Appoquinimink School District,All Schools,All Schools,2021-02-01,892,30
2026-09-19,2021-06-15,lea,2021,29,Appoquinimink School District,All Schools,All Schools,2021-03-01,892,31
2026-09-19,2021-06-15,lea,2021,29,Appoquinimink School District,All Schools,All Schools,2021-04-01,892,27
2026-09-19,2021-06-15,lea,2021,31,Brandywine School District,All Schools,All Schools,2020-10-01,750,138
2026-09-19,2021-06-15,lea,2021,31,Brandywine School District,All Schools,All Schools,2020-11-01,750,81
2026-09-19,2021-06-15,lea,2021,31,Brandywine School District,All Schools,All Schools,2020-12-01,750,57
2026-09-19,2021-06-15,lea,2021,31,Brandywine School District,All Schools,All Schools,2021-01-01,750,44
2026-09-19,2021-06-15,lea,2021,31,Brandywine School District,All Schools,All Schools,2021-02-01,750,18
2026-09-19,2021-06-15,lea,2021,31,Brandywine School District,All Schools,All Schools,2021-03-01,750,26
2026-09-19,2021-06-15,lea,2021,31,Brandywine School District,All Schools,All Schools,2021-04-01,750,17
2026-09-19,2021-06-15,lea,2021,10,Caesar Rodney School District,All Schools,All Schools,2020-10-01,559,73
2026-09-19,2021-06-15,lea,2021,10,Caesar Rodney School District,All Schools,All Schools,2020-11-01,559,39
2026-09-19,2021-06-15,lea,2021,10,Caesar Rodney School District,All Schools,All Schools,2020-12-01,559,36
2026-09-19,2021-06-15,lea,2021,10,Caesar Rodney School District,All Schools,All Schools,2021-01-01,559,34
2026-09-19,2021-06-15,lea,2021,10,Caesar Rodney School District,All Schools,All Schools,2021-02-01,559,19
2026-09-19,2021-06-15,lea,2021,10,Caesar Rodney School District,All Schools,All Schools,2021-03-01,559,26
2026-09-19,2021-06-15,lea,2021,10,Caesar Rodney School District,All Schools,All Schools,2021-04-01,559,14
2026-09-19,2021-06-15,lea,2021,17,Cape Henlopen School District,All Schools,All Schools,2020-10-01,423,39
2026-09-19,2021-06-15,lea,2021,17,Cape Henlopen School District,All Schools,All Schools,2020-11-01,423,41
2026-09-19,2021-06-15,lea,2021,17,Cape Henlopen School District,All Schools,All Schools,2020-12-01,423,27
2026-09-19,2021-06-15,lea,2021,17,Cape Henlopen School District,All Schools,All Schools,2021-01-01,423,32
2026-09-19,2021-06-15,lea,2021,17,Cape Henlopen School District,All Schools,All Schools,2021-02-01,423,21
2026-09-19,2021-06-15,lea,2021,17,Cape Henlopen School District,All Schools,All Schools,2021-03-01,423,31
2026-09-19,2021-06-15,lea,2021,17,Cape Henlopen School District,All Schools,All Schools,2021-04-01,423,5
2026-09-19,2021-06-15,lea,2021,13,Capital School District,All Schools,All Schools,2020-10-01,479,35
2026-09-19,2021-06-15,lea,2021,13,Capital School District,All Schools,All Schools,2020-11-01,479,25
2026-09-19,2021-06-15,lea,2021,13,Capital School District,All Schools,All Schools,2020-12-01,479,14
2026-09-19,2021-06-15,lea,2021,13,Capital School District,All Schools,All Schools,2021-01-01,479,25
2026-09-19,2021-06-15,lea,2021,13,Capital School District,All Schools,All Schools,2021-02-01,479,18
2026-09-19,2021-06-15,lea,2021,13,Capital School District,All Schools,All Schools,2021-03-01,479,18
2026-09-19,2021-06-15,lea,2021,13,Capital School District,All Schools,All Schools,2021-04-01,479,13
2026-09-19,2021-06-15,lea,2021,70,Charter School of Wilmington,All Schools,All Schools,2020-10-01,235,90
2026-09-19,2021-06-15,lea,2021,70,Charter School of Wilmington,All Schools,All Schools,2020-11-01,235,43
2026-09-19,2021-06-15,lea,2021,70,Charter School of Wilmington,All Schools,All Schools,2020-12-01,235,21
2026-09-19,2021-06-15,lea,2021,70,Charter School of Wilmington,All Schools,All Schools,2021-01-01,235,21
2026-09-19,2021-06-15,lea,2021,70,Charter School of Wilmington,All Schools,All Schools,2021-02-01,235,6
2026-09-19,2021-06-15,lea,2021,70,Charter School of Wilmington,All Schools,All Schools,2021-03-01,235,3
2026-09-19,2021-06-15,lea,2021,70,Charter School of Wilmington,All Schools,All Schools,2021-04-01,235,4
2026-09-19,2021-06-15,lea,2021,33,Christina School District,All Schools,All Schools,2020-10-01,782,53
2026-09-19,2021-06-15,lea,2021,33,Christina School District,All Schools,All Schools,2020-11-01,782,35
2026-09-19,2021-06-15,lea,2021,33,Christina School District,All Schools,All Schools,2020-12-01,782,24
2026-09-19,2021-06-15,lea,2021,33,Christina School District,All Schools,All Schools,2021-01-01,782,45
2026-09-19,2021-06-15,lea,2021,33,Christina School District,All Schools,All Schools,2021-02-01,782,10
2026-09-19,2021-06-15,lea,2021,33,Christina School District,All Schools,All Schools,2021-03-01,782,22
2026-09-19,2021-06-15,lea,2021,33,Christina School District,All Schools,All Schools,2021-04-01,782,8
2026-09-19,2021-06-15,lea,2021,34,Colonial School District,All Schools,All Schools,2020-10-01,515,61
2026-09-19,2021-06-15,lea,2021,34,Colonial School District,All Schools,All Schools,2020-11-01,515,19
2026-09-19,2021-06-15,lea,2021,34,Colonial School District,All Schools,All Schools,2020-12-01,515,17
2026-09-19,2021-06-15,lea,2021,34,Colonial School District,All Schools,All Schools,2021-01-01,515,20
2026-09-19,2021-06-15,lea,2021,34,Colonial School District,All Schools,All Schools,2021-02-01,515,14
2026-09-19,2021-06-15,lea,2021,34,Colonial School District,All Schools,All Schools,2021-03-01,515,14
2026-09-19,2021-06-15,lea,2021,34,Colonial School District,All Schools,All Schools,2021-04-01,515,7
2026-09-19,2021-06-15,lea,2021,79,Delaware Military Academy,All Schools,All Schools,2020-10-01,133,40
2026-09-19,2021-06-15,lea,2021,79,Delaware Military Academy,All Schools,All Schools,2020-11-01,133,21
2026-09-19,2021-06-15,lea,2021,79,Delaware Military Academy,All Schools,All Schools,2020-12-01,133,9
2026-09-19,2021-06-15,lea,2021,79,Delaware Military Academy,All Schools,All Schools,2021-01-01,133,11
2026-09-19,2021-06-15,lea,2021,79,Delaware Military Academy,All Schools,All Schools,2021-02-01,133,2
2026-09-19,2021-06-15,lea,2021,79,Delaware Military Academy,All Schools,All Schools,2021-03-01,133,4
2026-09-19,2021-06-15,lea,2021,79,Delaware Military Academy,All Schools,All Schools,2021-04-01,133,4
2026-09-19,2021-06-15,lea,2021,37,Delmar School District,All Schools,All Schools,2020-10-01,152,9
2026-09-19,2021-06-15,lea,2021,37,Delmar School District,All Schools,All Schools,2020-11-01,152,4
2026-09-19,2021-06-15,lea,2021,37,Delmar School District,All Schools,All Schools,2020-12-01,152,6
2026-09-19,2021-06-15,lea,2021,37,Delmar School District,All Schools,All Schools,2021-01-01,152,6
2026-09-19,2021-06-15,lea,2021,37,Delmar School District,All Schools,All Schools,2021-02-01,152,4
2026-09-19,2021-06-15,lea,2021,37,Delmar School District,All Schools,All Schools,2021-03-01,152,7
2026-09-19,2021-06-15,lea,2021,9604,Early College High School at Del State,All Schools,All Schools,2020-10-01,90,24
2026-09-19,2021-06-15,lea,2021,9604,Early College High School at Del State,All Schools,All Schools,2020-11-01,90,7
2026-09-19,2021-06-15,lea,2021,9604,Early College High School at Del State,All Schools,All Schools,2020-12-01,90,5
2026-09-19,2021-06-15,lea,2021,9604,Early College High School at Del State,All Schools,All Schools,2021-01-01,90,8
2026-09-19,2021-06-15,lea,2021,9604,Early College High School at Del State,All Schools,All Schools,2021-02-01,90,1
2026-09-19,2021-06-15,lea,2021,9604,Early College High School at Del State,All Schools,All Schools,2021-03-01,90,2
2026-09-19,2021-06-15,lea,2021,9604,Early College High School at Del State,All Schools,All Schools,2021-04-01,90,2
2026-09-19,2021-06-15,lea,2021,9607,First State Military Academy,All Schools,All Schools,2020-10-01,93,6
2026-09-19,2021-06-15,lea,2021,9607,First State Military Academy,All Schools,All Schools,2020-11-01,93,7
2026-09-19,2021-06-15,lea,2021,9607,First State Military Academy,All Schools,All Schools,2020-12-01,93,5
2026-09-19,2021-06-15,lea,2021,9607,First State Military Academy,All Schools,All Schools,2021-01-01,93,4
2026-09-19,2021-06-15,lea,2021,9607,First State Military Academy,All Schools,All Schools,2021-02-01,93,3
2026-09-19,2021-06-15,lea,2021,9607,First State Military Academy,All Schools,All Schools,2021-03-01,93,2
2026-09-19,2021-06-15,lea,2021,9607,First State Military Academy,All Schools,All Schools,2021-04-01,93,3
2026-09-19,2021-06-15,lea,2021,9612,Freire Charter School Wilmington,All Schools,All Schools,2020-10-01,108,14
2026-09-19,2021-06-15,lea,2021,9612,Freire Charter School Wilmington,All Schools,All Schools,2020-11-01,108,7
2026-09-19,2021-06-15,lea,2021,9612,Freire Charter School Wilmington,All Schools,All Schools,2020-12-01,108,8
2026-09-19,2021-06-15,lea,2021,9612,Freire Charter School Wilmington,All Schools,All Schools,2021-01-01,108,14
2026-09-19,2021-06-15,lea,2021,9612,Freire Charter School Wilmington,All Schools,All Schools,2021-02-01,108,5
2026-09-19,2021-06-15,lea,2021,9612,Freire Charter School Wilmington,All Schools,All Schools,2021-03-01,108,9
2026-09-19,2021-06-15,lea,2021,9612,Freire Charter School Wilmington,All Schools,All Schools,2021-04-01,108,1
2026-09-19,2021-06-15,lea,2021,36,Indian River School District,All Schools,All Schools,2020-10-01,635,43
2026-09-19,2021-06-15,lea,2021,36,Indian River School District,All Schools,All Schools,2020-11-01,635,31
2026-09-19,2021-06-15,lea,2021,36,Indian River School District,All Schools,All Schools,2020-12-01,635,26
2026-09-19,2021-06-15,lea,2021,36,Indian River School District,All Schools,All Schools,2021-01-01,635,33
2026-09-19,2021-06-15,lea,2021,36,Indian River School District,All Schools,All Schools,2021-02-01,635,22
2026-09-19,2021-06-15,lea,2021,36,Indian River School District,All Schools,All Schools,2021-03-01,635,41
2026-09-19,2021-06-15,lea,2021,36,Indian River School District,All Schools,All Schools,2021-04-01,635,27
2026-09-19,2021-06-15,lea,2021,15,Lake Forest School District,All Schools,All Schools,2020-10-01,191,11
2026-09-19,2021-06-15,lea,2021,15,Lake Forest School District,All Schools,All Schools,2020-11-01,191,11
2026-09-19,2021-06-15,lea,2021,15,Lake Forest School District,All Schools,All Schools,2020-12-01,191,8
2026-09-19,2021-06-15,lea,2021,15,Lake Forest School District,All Schools,All Schools,2021-01-01,191,16
2026-09-19,2021-06-15,lea,2021,15,Lake Forest School District,All Schools,All Schools,2021-02-01,191,9
2026-09-19,2021-06-15,lea,2021,15,Lake Forest School District,All Schools,All Schools,2021-03-01,191,18
2026-09-19,2021-06-15,lea,2021,15,Lake Forest School District,All Schools,All Schools,2021-04-01,191,9
2026-09-19,2021-06-15,lea,2021,16,Laurel School District,All Schools,All Schools,2020-10-01,133,10
2026-09-19,2021-06-15,lea,2021,16,Laurel School District,All Schools,All Schools,2020-11-01,133,10
2026-09-19,2021-06-15,lea,2021,16,Laurel School District,All Schools,All Schools,2020-12-01,133,6
2026-09-19,2021-06-15,lea,2021,16,Laurel School District,All Schools,All Schools,2021-01-01,133,10
2026-09-19,2021-06-15,lea,2021,16,Laurel School District,All Schools,All Schools,2021-02-01,133,3
2026-09-19,2021-06-15,lea,2021,16,Laurel School District,All Schools,All Schools,2021-03-01,133,5
2026-09-19,2021-06-15,lea,2021,16,Laurel School District,All Schools,All Schools,2021-04-01,133,1
2026-09-19,2021-06-15,lea,2021,18,Milford School District,All Schools,All Schools,2020-10-01,248,24
2026-09-19,2021-06-15,lea,2021,18,Milford School District,All Schools,All Schools,2020-11-01,248,8
2026-09-19,2021-06-15,lea,2021,18,Milford School District,All Schools,All Schools,2020-12-01,248,16
2026-09-19,2021-06-15,lea,2021,18,Milford School District,All Schools,All Schools,2021-01-01,248,11
2026-09-19,2021-06-15,lea,2021,18,Milford School District,All Schools,All Schools,2021-02-01,248,12
2026-09-19,2021-06-15,lea,2021,18,Milford School District,All Schools,All Schools,2021-03-01,248,14
2026-09-19,2021-06-15,lea,2021,18,Milford School District,All Schools,All Schools,2021-04-01,248,7
2026-09-19,2021-06-15,lea,2021,88,MOT Charter School,All Schools,All Schools,2020-10-01,171,54
2026-09-19,2021-06-15,lea,2021,88,MOT Charter School,All Schools,All Schools,2020-11-01,171,20
2026-09-19,2021-06-15,lea,2021,88,MOT Charter School,All Schools,All Schools,2020-12-01,171,14
2026-09-19,2021-06-15,lea,2021,88,MOT Charter School,All Schools,All Schools,2021-01-01,171,20
2026-09-19,2021-06-15,lea,2021,88,MOT Charter School,All Schools,All Schools,2021-02-01,171,9
2026-09-19,2021-06-15,lea,2021,88,MOT Charter School,All Schools,All Schools,2021-03-01,171,7
2026-09-19,2021-06-15,lea,2021,88,MOT Charter School,All Schools,All Schools,2021-04-01,171,3
2026-09-19,2021-06-15,lea,2021,38,New Castle County Vocational-Technical School District,All Schools,All Schools,2020-10-01,1112,93
2026-09-19,2021-06-15,lea,2021,38,New Castle County Vocational-Technical School District,All Schools,All Schools,2020-11-01,1112,68
2026-09-19,2021-06-15,lea,2021,38,New Castle County Vocational-Technical School District,All Schools,All Schools,2020-12-01,1112,40
2026-09-19,2021-06-15,lea,2021,38,New Castle County Vocational-Technical School District,All Schools,All Schools,2021-01-01,1112,85
2026-09-19,2021-06-15,lea,2021,38,New Castle County Vocational-Technical School District,All Schools,All Schools,2021-02-01,1112,49
2026-09-19,2021-06-15,lea,2021,38,New Castle County Vocational-Technical School District,All Schools,All Schools,2021-03-01,1112,72
2026-09-19,2021-06-15,lea,2021,38,New Castle County Vocational-Technical School District,All Schools,All Schools,2021-04-01,1112,29
2026-09-19,2021-06-15,lea,2021,89,Newark Charter School,All Schools,All Schools,2020-10-01,169,80
2026-09-19,2021-06-15,lea,2021,89,Newark Charter School,All Schools,All Schools,2020-11-01,169,25
2026-09-19,2021-06-15,lea,2021,89,Newark Charter School,All Schools,All Schools,2020-12-01,169,6
2026-09-19,2021-06-15,lea,2021,89,Newark Charter School,All Schools,All Schools,2021-01-01,169,19
2026-09-19,2021-06-15,lea,2021,89,Newark Charter School,All Schools,All Schools,2021-02-01,169,2
2026-09-19,2021-06-15,lea,2021,89,Newark Charter School,All Schools,All Schools,2021-03-01,169,3
2026-09-19,2021-06-15,lea,2021,86,Odyssey Charter School,All Schools,All Schools,2020-10-01,60,17
2026-09-19,2021-06-15,lea,2021,86,Odyssey Charter School,All Schools,All Schools,2020-11-01,60,7
2026-09-19,2021-06-15,lea,2021,86,Odyssey Charter School,All Schools,All Schools,2020-12-01,60,1
2026-09-19,2021-06-15,lea,2021,86,Odyssey Charter School,All Schools,All Schools,2021-01-01,60,10
2026-09-19,2021-06-15,lea,2021,86,Odyssey Charter School,All Schools,All Schools,2021-02-01,60,1
2026-09-19,2021-06-15,lea,2021,86,Odyssey Charter School,All Schools,All Schools,2021-03-01,60,2
2026-09-19,2021-06-15,lea,2021,39,POLYTECH School District,All Schools,All Schools,2020-10-01,266,54
2026-09-19,2021-06-15,lea,2021,39,POLYTECH School District,All Schools,All Schools,2020-11-01,266,19
2026-09-19,2021-06-15,lea,2021,39,POLYTECH School District,All Schools,All Schools,2020-12-01,266,16
2026-09-19,2021-06-15,lea,2021,39,POLYTECH School District,All Schools,All Schools,2021-01-01,266,26
2026-09-19,2021-06-15,lea,2021,39,POLYTECH School District,All Schools,All Schools,2021-02-01,266,11
2026-09-19,2021-06-15,lea,2021,39,POLYTECH School District,All Schools,All Schools,2021-03-01,266,14
2026-09-19,2021-06-15,lea,2021,39,POLYTECH School District,All Schools,All Schools,2021-04-01,266,7
2026-09-19,2021-06-15,lea,2021,71,Positive Outcomes Charter School,All Schools,All Schools,2021-02-01,12,1
2026-09-19,2021-06-15,lea,2021,71,Positive Outcomes Charter School,All Schools,All Schools,2021-03-01,12,1
2026-09-19,2021-06-15,lea,2021,32,Red Clay Consolidated School District,All Schools,All Schools,2020-10-01,956,123
2026-09-19,2021-06-15,lea,2021,32,Red Clay Consolidated School District,All Schools,All Schools,2020-11-01,956,68
2026-09-19,2021-06-15,lea,2021,32,Red Clay Consolidated School District,All Schools,All Schools,2020-12-01,956,54
2026-09-19,2021-06-15,lea,2021,32,Red Clay Consolidated School District,All Schools,All Schools,2021-01-01,956,60
2026-09-19,2021-06-15,lea,2021,32,Red Clay Consolidated School District,All Schools,All Schools,2021-02-01,956,30
2026-09-19,2021-06-15,lea,2021,32,Red Clay Consolidated School District,All Schools,All Schools,2021-03-01,956,29
2026-09-19,2021-06-15,lea,2021,32,Red Clay Consolidated School District,All Schools,All Schools,2021-04-01,956,13
2026-09-19,2021-06-15,lea,2021,23,Seaford School District,All Schools,All Schools,2020-10-01,178,8
2026-09-19,2021-06-15,lea,2021,23,Seaford School District,All Schools,All Schools,2020-11-01,178,7
2026-09-19,2021-06-15,lea,2021,23,Seaford School District,All Schools,All Schools,2020-12-01,178,7
2026-09-19,2021-06-15,lea,2021,23,Seaford School District,All Schools,All Schools,2021-01-01,178,1
2026-09-19,2021-06-15,lea,2021,23,Seaford School District,All Schools,All Schools,2021-02-01,178,2
2026-09-19,2021-06-15,lea,2021,23,Seaford School District,All Schools,All Schools,2021-03-01,178,6
2026-09-19,2021-06-15,lea,2021,23,Seaford School District,All Schools,All Schools,2021-04-01,178,2
2026-09-19,2021-06-15,lea,2021,24,Smyrna School District,All Schools,All Schools,2020-10-01,401,47
2026-09-19,2021-06-15,lea,2021,24,Smyrna School District,All Schools,All Schools,2020-11-01,401,35
2026-09-19,2021-06-15,lea,2021,24,Smyrna School District,All Schools,All Schools,2020-12-01,401,22
2026-09-19,2021-06-15,lea,2021,24,Smyrna School District,All Schools,All Schools,2021-01-01,401,35
2026-09-19,2021-06-15,lea,2021,24,Smyrna School District,All Schools,All Schools,2021-02-01,401,16
2026-09-19,2021-06-15,lea,2021,24,Smyrna School District,All Schools,All Schools,2021-03-01,401,26
2026-09-19,2021-06-15,lea,2021,24,Smyrna School District,All Schools,All Schools,2021-04-01,401,8
2026-09-19,2021-06-15,lea,2021,77,Sussex Academy,All Schools,All Schools,2020-10-01,116,30
2026-09-19,2021-06-15,lea,2021,77,Sussex Academy,All Schools,All Schools,2020-11-01,116,24
2026-09-19,2021-06-15,lea,2021,77,Sussex Academy,All Schools,All Schools,2020-12-01,116,8
2026-09-19,2021-06-15,lea,2021,77,Sussex Academy,All Schools,All Schools,2021-01-01,116,8
2026-09-19,2021-06-15,lea,2021,77,Sussex Academy,All Schools,All Schools,2021-02-01,116,7
2026-09-19,2021-06-15,lea,2021,77,Sussex Academy,All Schools,All Schools,2021-03-01,116,4
2026-09-19,2021-06-15,lea,2021,77,Sussex Academy,All Schools,All Schools,2021-04-01,116,4
2026-09-19,2021-06-15,lea,2021,40,Sussex Technical School District,All Schools,All Schools,2020-10-01,276,35
2026-09-19,2021-06-15,lea,2021,40,Sussex Technical School District,All Schools,All Schools,2020-11-01,276,31
2026-09-19,2021-06-15,lea,2021,40,Sussex Technical School District,All Schools,All Schools,2020-12-01,276,22
2026-09-19,2021-06-15,lea,2021,40,Sussex Technical School District,All Schools,All Schools,2021-01-01,276,28
2026-09-19,2021-06-15,lea,2021,40,Sussex Technical School District,All Schools,All Schools,2021-02-01,276,22
2026-09-19,2021-06-15,lea,2021,40,Sussex Technical School District,All Schools,All Schools,2021-03-01,276,17
2026-09-19,2021-06-15,lea,2021,40,Sussex Technical School District,All Schools,All Schools,2021-04-01,276,5
2026-09-19,2021-06-15,lea,2021,35,Woodbridge School District,All Schools,All Schools,2020-10-01,149,8
2026-09-19,2021-06-15,lea,2021,35,Woodbridge School District,All Schools,All Schools,2020-11-01,149,6
2026-09-19,2021-06-15,lea,2021,35,Woodbridge School District,All Schools,All Schools,2020-12-01,149,2
2026-09-19,2021-06-15,lea,2021,35,Woodbridge School District,All Schools,All Schools,2021-01-01,149,6
2026-09-19,2021-06-15,lea,2021,35,Woodbridge School District,All Schools,All Schools,2021-02-01,149,4
2026-09-19,2021-06-15,lea,2021,35,Woodbridge School District,All Schools,All Schools,2021-03-01,149,12
2026-09-19,2021-06-15,lea,2021,35,Woodbridge School District,All Schools,All Schools,2021-04-01,149,4
2026-09-19,2021-06-15,state,2021,All LEAs,All LEAs,All Schools,All Schools,2020-10-01,10284,1408
2026-09-19,2021-06-15,state,2021,All LEAs,All LEAs,All Schools,All Schools,2020-11-01,10284,812
2026-09-19,2021-06-15,state,2021,All LEAs,All LEAs,All Schools,All Schools,2020-12-01,10284,535
2026-09-19,2021-06-15,state,2021,All LEAs,All LEAs,All Schools,All Schools,2021-01-01,10284,714
2026-09-19,2021-06-15,state,2021,All LEAs,All LEAs,All Schools,All Schools,2021-02-01,10284,351
2026-09-19,2021-06-15,state,2021,All LEAs,All LEAs,All Schools,All Schools,2021-03-01,10284,466
2026-09-19,2021-06-15,state,2021,All LEAs,All LEAs,All Schools,All Schools,2021-04-01,10284,224
2026-09-19,2020-06-15,school,2020,29,Appoquinimink School District,24,Appoquinimink High School,2019-10-01,436,13
2026-09-19,2020-06-15,school,2020,29,Appoquinimink School District,24,Appoquinimink High School,2019-11-01,436,8
2026-09-19,2020-06-15,school,2020,29,Appoquinimink School District,24,Appoquinimink High School,2019-12-01,436,1
2026-09-19,2020-06-15,school,2020,29,Appoquinimink School District,18,Middletown High School,2019-10-01,396,11
2026-09-19,2020-06-15,school,2020,29,Appoquinimink School District,18,Middletown High School,2019-11-01,396,5
2026-09-19,2020-06-15,school,2020,29,Appoquinimink School District,18,Middletown High School,2019-12-01,396,1
2026-09-19,2020-06-15,school,2020,29,Appoquinimink School District,18,Middletown High School,2020-01-01,396,1
2026-09-19,2020-06-15,school,2020,29,Appoquinimink School District,18,Middletown High School,2020-02-01,396,1
2026-09-19,2020-06-15,school,2020,31,Brandywine School District,190,Brandywine High School,2019-10-01,129,2
2026-09-19,2020-06-15,school,2020,31,Brandywine School District,190,Brandywine High School,2020-01-01,129,2
2026-09-19,2020-06-15,school,2020,31,Brandywine School District,190,Brandywine High School,2020-05-01,129,1
2026-09-19,2020-06-15,school,2020,31,Brandywine School District,108,Brandywine SITE,NULL,27,0
2026-09-19,2020-06-15,school,2020,31,Brandywine School District,194,Concord High School,2019-10-01,288,6
2026-09-19,2020-06-15,school,2020,31,Brandywine School District,194,Concord High School,2019-11-01,288,3
2026-09-19,2020-06-15,school,2020,31,Brandywine School District,194,Concord High School,2019-12-01,288,3
2026-09-19,2020-06-15,school,2020,31,Brandywine School District,194,Concord High School,2020-02-01,288,1
2026-09-19,2020-06-15,school,2020,31,Brandywine School District,194,Concord High School,2020-03-01,288,1
2026-09-19,2020-06-15,school,2020,31,Brandywine School District,194,Concord High School,2020-04-01,288,1
2026-09-19,2020-06-15,school,2020,31,Brandywine School District,194,Concord High School,2020-05-01,288,1
2026-09-19,2020-06-15,school,2020,31,Brandywine School District,196,Mount Pleasant High School,2019-10-01,238,8
2026-09-19,2020-06-15,school,2020,31,Brandywine School District,196,Mount Pleasant High School,2019-11-01,238,1
2026-09-19,2020-06-15,school,2020,31,Brandywine School District,196,Mount Pleasant High School,2019-12-01,238,1
2026-09-19,2020-06-15,school,2020,31,Brandywine School District,196,Mount Pleasant High School,2020-01-01,238,1
2026-09-19,2020-06-15,school,2020,10,Caesar Rodney School District,626,Caesar Rodney High School,2019-10-01,468,9
2026-09-19,2020-06-15,school,2020,10,Caesar Rodney School District,626,Caesar Rodney High School,2019-11-01,468,9
2026-09-19,2020-06-15,school,2020,10,Caesar Rodney School District,626,Caesar Rodney High School,2019-12-01,468,2
2026-09-19,2020-06-15,school,2020,10,Caesar Rodney School District,626,Caesar Rodney High School,2020-01-01,468,4
2026-09-19,2020-06-15,school,2020,10,Caesar Rodney School District,626,Caesar Rodney High School,2020-02-01,468,2
2026-09-19,2020-06-15,school,2020,10,Caesar Rodney School District,630,John S. Charlton School,NULL,58,0
2026-09-19,2020-06-15,school,2020,17,Cape Henlopen School District,726,Cape Henlopen High School,2019-10-01,356,11
2026-09-19,2020-06-15,school,2020,17,Cape Henlopen School District,726,Cape Henlopen High School,2019-11-01,356,4
2026-09-19,2020-06-15,school,2020,17,Cape Henlopen School District,726,Cape Henlopen High School,2020-01-01,356,4
2026-09-19,2020-06-15,school,2020,17,Cape Henlopen School District,726,Cape Henlopen High School,2020-03-01,356,1
2026-09-19,2020-06-15,school,2020,17,Cape Henlopen School District,726,Cape Henlopen High School,2020-04-01,356,1
2026-09-19,2020-06-15,school,2020,17,Cape Henlopen School District,728,Sussex Consortium,NULL,12,0
2026-09-19,2020-06-15,school,2020,13,Capital School District,648,Dover High School,2019-10-01,486,8
2026-09-19,2020-06-15,school,2020,13,Capital School District,648,Dover High School,2019-11-01,486,4
2026-09-19,2020-06-15,school,2020,13,Capital School District,648,Dover High School,2020-01-01,486,3
2026-09-19,2020-06-15,school,2020,13,Capital School District,650,Kent County Community School,NULL,10,0
2026-09-19,2020-06-15,school,2020,70,Charter School of Wilmington,295,Charter School of Wilmington,2019-10-01,248,22
2026-09-19,2020-06-15,school,2020,70,Charter School of Wilmington,295,Charter School of Wilmington,2019-11-01,248,4
2026-09-19,2020-06-15,school,2020,70,Charter School of Wilmington,295,Charter School of Wilmington,2019-12-01,248,1
2026-09-19,2020-06-15,school,2020,70,Charter School of Wilmington,295,Charter School of Wilmington,2020-01-01,248,1
2026-09-19,2020-06-15,school,2020,70,Charter School of Wilmington,295,Charter School of Wilmington,2020-03-01,248,1
2026-09-19,2020-06-15,school,2020,33,Christina School District,538,Brennen School (The),NULL,19,0
2026-09-19,2020-06-15,school,2020,33,Christina School District,390,Christiana High School,2019-10-01,216,9
2026-09-19,2020-06-15,school,2020,33,Christina School District,390,Christiana High School,2019-11-01,216,1
2026-09-19,2020-06-15,school,2020,33,Christina School District,390,Christiana High School,2020-01-01,216,1
2026-09-19,2020-06-15,school,2020,33,Christina School District,390,Christiana High School,2020-06-01,216,1
2026-09-19,2020-06-15,school,2020,33,Christina School District,545,Christina Early Education Center,NULL,9,0
2026-09-19,2020-06-15,school,2020,33,Christina School District,540,Delaware School for the Deaf School (DSD),2019-11-01,6,1
2026-09-19,2020-06-15,school,2020,33,Christina School District,537,Douglass School,NULL,1,0
2026-09-19,2020-06-15,school,2020,33,Christina School District,392,Glasgow High School,2019-11-01,227,2
2026-09-19,2020-06-15,school,2020,33,Christina School District,392,Glasgow High School,2019-12-01,227,1
2026-09-19,2020-06-15,school,2020,33,Christina School District,392,Glasgow High School,2020-01-01,227,3
2026-09-19,2020-06-15,school,2020,33,Christina School District,392,Glasgow High School,2020-05-01,227,1
2026-09-19,2020-06-15,school,2020,33,Christina School District,394,Newark High School,2019-10-01,225,5
2026-09-19,2020-06-15,school,2020,33,Christina School District,394,Newark High School,2019-11-01,225,1
2026-09-19,2020-06-15,school,2020,33,Christina School District,394,Newark High School,2019-12-01,225,1
2026-09-19,2020-06-15,school,2020,33,Christina School District,394,Newark High School,2020-01-01,225,1
2026-09-19,2020-06-15,school,2020,33,Christina School District,354,Pyle (Sarah) Academy,NULL,77,0
2026-09-19,2020-06-15,school,2020,34,Colonial School District,514,Leach (John G.) School,NULL,11,0
2026-09-19,2020-06-15,school,2020,34,Colonial School District,490,Penn (William) High School,2019-10-01,477,6
2026-09-19,2020-06-15,school,2020,34,Colonial School District,490,Penn (William) High School,2019-11-01,477,3
2026-09-19,2020-06-15,school,2020,34,Colonial School District,490,Penn (William) High School,2019-12-01,477,2
2026-09-19,2020-06-15,school,2020,34,Colonial School District,490,Penn (William) High School,2020-01-01,477,4
2026-09-19,2020-06-15,school,2020,34,Colonial School District,490,Penn (William) High School,2020-04-01,477,1
2026-09-19,2020-06-15,school,2020,34,Colonial School District,522,The Wallace Wallin School,NULL,48,0
2026-09-19,2020-06-15,school,2020,79,Delaware Military Academy,578,Delaware Military Academy,2019-10-01,139,3
2026-09-19,2020-06-15,school,2020,79,Delaware Military Academy,578,Delaware Military Academy,2019-12-01,139,2
2026-09-19,2020-06-15,school,2020,79,Delaware Military Academy,578,Delaware Military Academy,2020-01-01,139,1
2026-09-19,2020-06-15,school,2020,79,Delaware Military Academy,578,Delaware Military Academy,2020-02-01,139,1
2026-09-19,2020-06-15,school,2020,37,Delmar School District,730,Delmar High School,2019-10-01,174,2
2026-09-19,2020-06-15,school,2020,37,Delmar School District,730,Delmar High School,2019-11-01,174,1
2026-09-19,2020-06-15,school,2020,9604,Early College High School at Del State,4040,Early College High School at Del State,2019-10-01,71,3
2026-09-19,2020-06-15,school,2020,9604,Early College High School at Del State,4040,Early College High School at Del State,2019-11-01,71,1
2026-09-19,2020-06-15,school,2020,9604,Early College High School at Del State,4040,Early College High School at Del State,2020-04-01,71,1
2026-09-19,2020-06-15,school,2020,9607,First State Military Academy,4055,First State Military Academy,2020-01-01,84,1
2026-09-19,2020-06-15,school,2020,9612,Freire Charter School Wilmington,4080,Freire Charter School,NULL,85,0
2026-09-19,2020-06-15,school,2020,36,Indian River School District,689,Carver (G.W.) Educational Center,NULL,7,0
2026-09-19,2020-06-15,school,2020,36,Indian River School District,750,Ennis (Howard T.) School,NULL,33,0
2026-09-19,2020-06-15,school,2020,36,Indian River School District,746,Indian River High School,2019-10-01,220,5
2026-09-19,2020-06-15,school,2020,36,Indian River School District,746,Indian River High School,2019-11-01,220,3
2026-09-19,2020-06-15,school,2020,36,Indian River School District,746,Indian River High School,2019-12-01,220,3
2026-09-19,2020-06-15,school,2020,36,Indian River School District,746,Indian River High School,2020-06-01,220,1
2026-09-19,2020-06-15,school,2020,36,Indian River School District,748,Sussex Central High School,2019-10-01,411,4
2026-09-19,2020-06-15,school,2020,36,Indian River School District,748,Sussex Central High School,2019-11-01,411,6
2026-09-19,2020-06-15,school,2020,36,Indian River School District,748,Sussex Central High School,2020-01-01,411,1
2026-09-19,2020-06-15,school,2020,36,Indian River School District,748,Sussex Central High School,2020-02-01,411,1
2026-09-19,2020-06-15,school,2020,36,Indian River School District,748,Sussex Central High School,2020-03-01,411,1
2026-09-19,2020-06-15,school,2020,36,Indian River School District,748,Sussex Central High School,2020-04-01,411,1
2026-09-19,2020-06-15,school,2020,15,Lake Forest School District,665,Lake Forest High School,2019-10-01,201,7
2026-09-19,2020-06-15,school,2020,15,Lake Forest School District,665,Lake Forest High School,2019-11-01,201,2
2026-09-19,2020-06-15,school,2020,15,Lake Forest School District,665,Lake Forest High School,2020-01-01,201,1
2026-09-19,2020-06-15,school,2020,15,Lake Forest School District,665,Lake Forest High School,2020-04-01,201,1
2026-09-19,2020-06-15,school,2020,16,Laurel School District,756,Laurel Senior High School,2019-10-01,130,6
2026-09-19,2020-06-15,school,2020,16,Laurel School District,756,Laurel Senior High School,2019-11-01,130,3
2026-09-19,2020-06-15,school,2020,16,Laurel School District,756,Laurel Senior High School,2020-02-01,130,1
2026-09-19,2020-06-15,school,2020,18,Milford School District,678,Milford Senior High School,2019-10-01,238,3
2026-09-19,2020-06-15,school,2020,18,Milford School District,678,Milford Senior High School,2019-11-01,238,3
2026-09-19,2020-06-15,school,2020,18,Milford School District,678,Milford Senior High School,2019-12-01,238,2
2026-09-19,2020-06-15,school,2020,88,MOT Charter School,587,MOT Charter School,2019-10-01,146,8
2026-09-19,2020-06-15,school,2020,88,MOT Charter School,587,MOT Charter School,2019-11-01,146,3
2026-09-19,2020-06-15,school,2020,88,MOT Charter School,587,MOT Charter School,2019-12-01,146,1
2026-09-19,2020-06-15,school,2020,88,MOT Charter School,587,MOT Charter School,2020-01-01,146,2
2026-09-19,2020-06-15,school,2020,88,MOT Charter School,587,MOT Charter School,2020-04-01,146,1
2026-09-19,2020-06-15,school,2020,38,New Castle County Vocational-Technical School District,80,Delcastle Technical High School,2019-10-01,402,5
2026-09-19,2020-06-15,school,2020,38,New Castle County Vocational-Technical School District,80,Delcastle Technical High School,2019-11-01,402,4
2026-09-19,2020-06-15,school,2020,38,New Castle County Vocational-Technical School District,80,Delcastle Technical High School,2020-01-01,402,3
2026-09-19,2020-06-15,school,2020,38,New Castle County Vocational-Technical School District,80,Delcastle Technical High School,2020-03-01,402,2
2026-09-19,2020-06-15,school,2020,38,New Castle County Vocational-Technical School District,80,Delcastle Technical High School,2020-04-01,402,1
2026-09-19,2020-06-15,school,2020,38,New Castle County Vocational-Technical School District,80,Delcastle Technical High School,2020-06-01,402,1
2026-09-19,2020-06-15,school,2020,38,New Castle County Vocational-Technical School District,66,Hodgson (Paul M.) Vocational Technical High School,2019-10-01,255,3
2026-09-19,2020-06-15,school,2020,38,New Castle County Vocational-Technical School District,66,Hodgson (Paul M.) Vocational Technical High School,2019-11-01,255,4
2026-09-19,2020-06-15,school,2020,38,New Castle County Vocational-Technical School District,66,Hodgson (Paul M.) Vocational Technical High School,2020-01-01,255,3
2026-09-19,2020-06-15,school,2020,38,New Castle County Vocational-Technical School District,26,Howard High School of Technology,NULL,166,0
2026-09-19,2020-06-15,school,2020,38,New Castle County Vocational-Technical School District,44,St. Georges Technical High School,2019-10-01,301,11
2026-09-19,2020-06-15,school,2020,38,New Castle County Vocational-Technical School District,44,St. Georges Technical High School,2019-11-01,301,6
2026-09-19,2020-06-15,school,2020,38,New Castle County Vocational-Technical School District,44,St. Georges Technical High School,2019-12-01,301,2
2026-09-19,2020-06-15,school,2020,38,New Castle County Vocational-Technical School District,44,St. Georges Technical High School,2020-01-01,301,2
2026-09-19,2020-06-15,school,2020,38,New Castle County Vocational-Technical School District,44,St. Georges Technical High School,2020-02-01,301,1
2026-09-19,2020-06-15,school,2020,38,New Castle County Vocational-Technical School District,44,St. Georges Technical High School,2020-03-01,301,2
2026-09-19,2020-06-15,school,2020,89,Newark Charter School,588,Newark Charter School,2019-10-01,148,26
2026-09-19,2020-06-15,school,2020,89,Newark Charter School,588,Newark Charter School,2019-11-01,148,6
2026-09-19,2020-06-15,school,2020,86,Odyssey Charter School,585,Odyssey Charter School,2019-10-01,62,3
2026-09-19,2020-06-15,school,2020,86,Odyssey Charter School,585,Odyssey Charter School,2019-11-01,62,2
2026-09-19,2020-06-15,school,2020,86,Odyssey Charter School,585,Odyssey Charter School,2019-12-01,62,1
2026-09-19,2020-06-15,school,2020,86,Odyssey Charter School,585,Odyssey Charter School,2020-05-01,62,1
2026-09-19,2020-06-15,school,2020,39,POLYTECH School District,652,POLYTECH High School,2019-10-01,272,10
2026-09-19,2020-06-15,school,2020,39,POLYTECH School District,652,POLYTECH High School,2019-11-01,272,1
2026-09-19,2020-06-15,school,2020,39,POLYTECH School District,652,POLYTECH High School,2020-01-01,272,1
2026-09-19,2020-06-15,school,2020,39,POLYTECH School District,652,POLYTECH High School,2020-04-01,272,1
2026-09-19,2020-06-15,school,2020,71,Positive Outcomes Charter School,570,Positive Outcomes Charter School,NULL,20,0
2026-09-19,2020-06-15,school,2020,32,Red Clay Consolidated School District,286,Calloway (Cab) School of the Arts,2019-10-01,125,8
2026-09-19,2020-06-15,school,2020,32,Red Clay Consolidated School District,286,Calloway (Cab) School of the Arts,2019-11-01,125,4
2026-09-19,2020-06-15,school,2020,32,Red Clay Consolidated School District,286,Calloway (Cab) School of the Arts,2020-01-01,125,1
2026-09-19,2020-06-15,school,2020,32,Red Clay Consolidated School District,284,Conrad Schools of Science,2019-10-01,171,10
2026-09-19,2020-06-15,school,2020,32,Red Clay Consolidated School District,284,Conrad Schools of Science,2019-11-01,171,2
2026-09-19,2020-06-15,school,2020,32,Red Clay Consolidated School District,284,Conrad Schools of Science,2019-12-01,171,1
2026-09-19,2020-06-15,school,2020,32,Red Clay Consolidated School District,284,Conrad Schools of Science,2020-01-01,171,2
2026-09-19,2020-06-15,school,2020,32,Red Clay Consolidated School District,284,Conrad Schools of Science,2020-02-01,171,1
2026-09-19,2020-06-15,school,2020,32,Red Clay Consolidated School District,284,Conrad Schools of Science,2020-03-01,171,1
2026-09-19,2020-06-15,school,2020,32,Red Clay Consolidated School District,290,Dickinson (John) School,2019-10-01,118,3
2026-09-19,2020-06-15,school,2020,32,Red Clay Consolidated School District,290,Dickinson (John) School,2020-01-01,118,1
2026-09-19,2020-06-15,school,2020,32,Red Clay Consolidated School District,290,Dickinson (John) School,2020-02-01,118,1
2026-09-19,2020-06-15,school,2020,32,Red Clay Consolidated School District,292,duPont (Alexis I.) High School,2019-10-01,227,7
2026-09-19,2020-06-15,school,2020,32,Red Clay Consolidated School District,292,duPont (Alexis I.) High School,2019-11-01,227,1
2026-09-19,2020-06-15,school,2020,32,Red Clay Consolidated School District,292,duPont (Alexis I.) High School,2019-12-01,227,2
2026-09-19,2020-06-15,school,2020,32,Red Clay Consolidated School District,530,First State School,NULL,3,0
2026-09-19,2020-06-15,school,2020,32,Red Clay Consolidated School District,294,McKean (Thomas) High School,NULL,204,0
2026-09-19,2020-06-15,school,2020,32,Red Clay Consolidated School District,516,Meadowood Program,NULL,43,0
2026-09-19,2020-06-15,school,2020,23,Seaford School District,766,Seaford Senior High School,2019-11-01,187,1
2026-09-19,2020-06-15,school,2020,24,Smyrna School District,688,Smyrna High School,2019-10-01,393,10
2026-09-19,2020-06-15,school,2020,24,Smyrna School District,688,Smyrna High School,2019-11-01,393,2
2026-09-19,2020-06-15,school,2020,24,Smyrna School District,688,Smyrna High School,2020-01-01,393,2
2026-09-19,2020-06-15,school,2020,24,Smyrna School District,688,Smyrna High School,2020-02-01,393,2
2026-09-19,2020-06-15,school,2020,77,Sussex Academy,576,Sussex Academy,2019-10-01,96,7
2026-09-19,2020-06-15,school,2020,77,Sussex Academy,576,Sussex Academy,2019-11-01,96,5
2026-09-19,2020-06-15,school,2020,77,Sussex Academy,576,Sussex Academy,2019-12-01,96,2
2026-09-19,2020-06-15,school,2020,77,Sussex Academy,576,Sussex Academy,2020-01-01,96,1
2026-09-19,2020-06-15,school,2020,40,Sussex Technical School District,770,Sussex Technical High School,2019-10-01,286,8
2026-09-19,2020-06-15,school,2020,40,Sussex Technical School District,770,Sussex Technical High School,2019-11-01,286,2
2026-09-19,2020-06-15,school,2020,40,Sussex Technical School District,770,Sussex Technical High School,2019-12-01,286,1
2026-09-19,2020-06-15,school,2020,40,Sussex Technical School District,770,Sussex Technical High School,2020-01-01,286,4
2026-09-19,2020-06-15,school,2020,40,Sussex Technical School District,770,Sussex Technical High School,2020-02-01,286,1
2026-09-19,2020-06-15,school,2020,40,Sussex Technical School District,770,Sussex Technical High School,2020-03-01,286,2
2026-09-19,2020-06-15,school,2020,40,Sussex Technical School District,770,Sussex Technical High School,2020-04-01,286,1
2026-09-19,2020-06-15,school,2020,35,Woodbridge School District,780,Woodbridge High School,2020-01-01,10,1
2026-09-19,2020-06-15,lea,2020,29,Appoquinimink School District,All Schools,All Schools,2019-10-01,832,24
2026-09-19,2020-06-15,lea,2020,29,Appoquinimink School District,All Schools,All Schools,2019-11-01,832,13
2026-09-19,2020-06-15,lea,2020,29,Appoquinimink School District,All Schools,All Schools,2019-12-01,832,2
2026-09-19,2020-06-15,lea,2020,29,Appoquinimink School District,All Schools,All Schools,2020-01-01,832,1
2026-09-19,2020-06-15,lea,2020,29,Appoquinimink School District,All Schools,All Schools,2020-02-01,832,1
2026-09-19,2020-06-15,lea,2020,31,Brandywine School District,All Schools,All Schools,2019-10-01,682,16
2026-09-19,2020-06-15,lea,2020,31,Brandywine School District,All Schools,All Schools,2019-11-01,682,4
2026-09-19,2020-06-15,lea,2020,31,Brandywine School District,All Schools,All Schools,2019-12-01,682,4
2026-09-19,2020-06-15,lea,2020,31,Brandywine School District,All Schools,All Schools,2020-01-01,682,3
2026-09-19,2020-06-15,lea,2020,31,Brandywine School District,All Schools,All Schools,2020-02-01,682,1
2026-09-19,2020-06-15,lea,2020,31,Brandywine School District,All Schools,All Schools,2020-03-01,682,1
2026-09-19,2020-06-15,lea,2020,31,Brandywine School District,All Schools,All Schools,2020-04-01,682,1
2026-09-19,2020-06-15,lea,2020,31,Brandywine School District,All Schools,All Schools,2020-05-01,682,2
2026-09-19,2020-06-15,lea,2020,10,Caesar Rodney School District,All Schools,All Schools,2019-10-01,526,9
2026-09-19,2020-06-15,lea,2020,10,Caesar Rodney School District,All Schools,All Schools,2019-11-01,526,9
2026-09-19,2020-06-15,lea,2020,10,Caesar Rodney School District,All Schools,All Schools,2019-12-01,526,2
2026-09-19,2020-06-15,lea,2020,10,Caesar Rodney School District,All Schools,All Schools,2020-01-01,526,4
2026-09-19,2020-06-15,lea,2020,10,Caesar Rodney School District,All Schools,All Schools,2020-02-01,526,2
2026-09-19,2020-06-15,lea,2020,17,Cape Henlopen School District,All Schools,All Schools,2019-10-01,368,11
2026-09-19,2020-06-15,lea,2020,17,Cape Henlopen School District,All Schools,All Schools,2019-11-01,368,4
2026-09-19,2020-06-15,lea,2020,17,Cape Henlopen School District,All Schools,All Schools,2020-01-01,368,4
2026-09-19,2020-06-15,lea,2020,17,Cape Henlopen School District,All Schools,All Schools,2020-03-01,368,1
2026-09-19,2020-06-15,lea,2020,17,Cape Henlopen School District,All Schools,All Schools,2020-04-01,368,1
2026-09-19,2020-06-15,lea,2020,13,Capital School District,All Schools,All Schools,2019-10-01,496,8
2026-09-19,2020-06-15,lea,2020,13,Capital School District,All Schools,All Schools,2019-11-01,496,4
2026-09-19,2020-06-15,lea,2020,13,Capital School District,All Schools,All Schools,2020-01-01,496,3
2026-09-19,2020-06-15,lea,2020,70,Charter School of Wilmington,All Schools,All Schools,2019-10-01,248,22
2026-09-19,2020-06-15,lea,2020,70,Charter School of Wilmington,All Schools,All Schools,2019-11-01,248,4
2026-09-19,2020-06-15,lea,2020,70,Charter School of Wilmington,All Schools,All Schools,2019-12-01,248,1
2026-09-19,2020-06-15,lea,2020,70,Charter School of Wilmington,All Schools,All Schools,2020-01-01,248,1
2026-09-19,2020-06-15,lea,2020,70,Charter School of Wilmington,All Schools,All Schools,2020-03-01,248,1
2026-09-19,2020-06-15,lea,2020,33,Christina School District,All Schools,All Schools,2019-10-01,780,14
2026-09-19,2020-06-15,lea,2020,33,Christina School District,All Schools,All Schools,2019-11-01,780,5
2026-09-19,2020-06-15,lea,2020,33,Christina School District,All Schools,All Schools,2019-12-01,780,2
2026-09-19,2020-06-15,lea,2020,33,Christina School District,All Schools,All Schools,2020-01-01,780,5
2026-09-19,2020-06-15,lea,2020,33,Christina School District,All Schools,All Schools,2020-05-01,780,1
2026-09-19,2020-06-15,lea,2020,33,Christina School District,All Schools,All Schools,2020-06-01,780,1
2026-09-19,2020-06-15,lea,2020,34,Colonial School District,All Schools,All Schools,2019-10-01,536,6
2026-09-19,2020-06-15,lea,2020,34,Colonial School District,All Schools,All Schools,2019-11-01,536,3
2026-09-19,2020-06-15,lea,2020,34,Colonial School District,All Schools,All Schools,2019-12-01,536,2
2026-09-19,2020-06-15,lea,2020,34,Colonial School District,All Schools,All Schools,2020-01-01,536,4
2026-09-19,2020-06-15,lea,2020,34,Colonial School District,All Schools,All Schools,2020-04-01,536,1
2026-09-19,2020-06-15,lea,2020,79,Delaware Military Academy,All Schools,All Schools,2019-10-01,139,3
2026-09-19,2020-06-15,lea,2020,79,Delaware Military Academy,All Schools,All Schools,2019-12-01,139,2
2026-09-19,2020-06-15,lea,2020,79,Delaware Military Academy,All Schools,All Schools,2020-01-01,139,1
2026-09-19,2020-06-15,lea,2020,79,Delaware Military Academy,All Schools,All Schools,2020-02-01,139,1
2026-09-19,2020-06-15,lea,2020,37,Delmar School District,All Schools,All Schools,2019-10-01,174,2
2026-09-19,2020-06-15,lea,2020,37,Delmar School District,All Schools,All Schools,2019-11-01,174,1
2026-09-19,2020-06-15,lea,2020,9604,Early College High School at Del State,All Schools,All Schools,2019-10-01,71,3
2026-09-19,2020-06-15,lea,2020,9604,Early College High School at Del State,All Schools,All Schools,2019-11-01,71,1
2026-09-19,2020-06-15,lea,2020,9604,Early College High School at Del State,All Schools,All Schools,2020-04-01,71,1
2026-09-19,2020-06-15,lea,2020,9607,First State Military Academy,All Schools,All Schools,2020-01-01,84,1
2026-09-19,2020-06-15,lea,2020,9612,Freire Charter School Wilmington,All Schools,All Schools,NULL,85,0
2026-09-19,2020-06-15,lea,2020,36,Indian River School District,All Schools,All Schools,2019-10-01,671,9
2026-09-19,2020-06-15,lea,2020,36,Indian River School District,All Schools,All Schools,2019-11-01,671,9
2026-09-19,2020-06-15,lea,2020,36,Indian River School District,All Schools,All Schools,2019-12-01,671,3
2026-09-19,2020-06-15,lea,2020,36,Indian River School District,All Schools,All Schools,2020-01-01,671,1
2026-09-19,2020-06-15,lea,2020,36,Indian River School District,All Schools,All Schools,2020-02-01,671,1
2026-09-19,2020-06-15,lea,2020,36,Indian River School District,All Schools,All Schools,2020-03-01,671,1
2026-09-19,2020-06-15,lea,2020,36,Indian River School District,All Schools,All Schools,2020-04-01,671,1
2026-09-19,2020-06-15,lea,2020,36,Indian River School District,All Schools,All Schools,2020-06-01,671,1
2026-09-19,2020-06-15,lea,2020,15,Lake Forest School District,All Schools,All Schools,2019-10-01,201,7
2026-09-19,2020-06-15,lea,2020,15,Lake Forest School District,All Schools,All Schools,2019-11-01,201,2
2026-09-19,2020-06-15,lea,2020,15,Lake Forest School District,All Schools,All Schools,2020-01-01,201,1
2026-09-19,2020-06-15,lea,2020,15,Lake Forest School District,All Schools,All Schools,2020-04-01,201,1
2026-09-19,2020-06-15,lea,2020,16,Laurel School District,All Schools,All Schools,2019-10-01,130,6
2026-09-19,2020-06-15,lea,2020,16,Laurel School District,All Schools,All Schools,2019-11-01,130,3
2026-09-19,2020-06-15,lea,2020,16,Laurel School District,All Schools,All Schools,2020-02-01,130,1
2026-09-19,2020-06-15,lea,2020,18,Milford School District,All Schools,All Schools,2019-10-01,238,3
2026-09-19,2020-06-15,lea,2020,18,Milford School District,All Schools,All Schools,2019-11-01,238,3
2026-09-19,2020-06-15,lea,2020,18,Milford School District,All Schools,All Schools,2019-12-01,238,2
2026-09-19,2020-06-15,lea,2020,88,MOT Charter School,All Schools,All Schools,2019-10-01,146,8
2026-09-19,2020-06-15,lea,2020,88,MOT Charter School,All Schools,All Schools,2019-11-01,146,3
2026-09-19,2020-06-15,lea,2020,88,MOT Charter School,All Schools,All Schools,2019-12-01,146,1
2026-09-19,2020-06-15,lea,2020,88,MOT Charter School,All Schools,All Schools,2020-01-01,146,2
2026-09-19,2020-06-15,lea,2020,88,MOT Charter School,All Schools,All Schools,2020-04-01,146,1
2026-09-19,2020-06-15,lea,2020,38,New Castle County Vocational-Technical School District,All Schools,All Schools,2019-10-01,1124,19
2026-09-19,2020-06-15,lea,2020,38,New Castle County Vocational-Technical School District,All Schools,All Schools,2019-11-01,1124,14
2026-09-19,2020-06-15,lea,2020,38,New Castle County Vocational-Technical School District,All Schools,All Schools,2019-12-01,1124,2
2026-09-19,2020-06-15,lea,2020,38,New Castle County Vocational-Technical School District,All Schools,All Schools,2020-01-01,1124,8
2026-09-19,2020-06-15,lea,2020,38,New Castle County Vocational-Technical School District,All Schools,All Schools,2020-02-01,1124,1
2026-09-19,2020-06-15,lea,2020,38,New Castle County Vocational-Technical School District,All Schools,All Schools,2020-03-01,1124,4
2026-09-19,2020-06-15,lea,2020,38,New Castle County Vocational-Technical School District,All Schools,All Schools,2020-04-01,1124,1
2026-09-19,2020-06-15,lea,2020,38,New Castle County Vocational-Technical School District,All Schools,All Schools,2020-06-01,1124,1
2026-09-19,2020-06-15,lea,2020,89,Newark Charter School,All Schools,All Schools,2019-10-01,148,26
2026-09-19,2020-06-15,lea,2020,89,Newark Charter School,All Schools,All Schools,2019-11-01,148,6
2026-09-19,2020-06-15,lea,2020,86,Odyssey Charter School,All Schools,All Schools,2019-10-01,62,3
2026-09-19,2020-06-15,lea,2020,86,Odyssey Charter School,All Schools,All Schools,2019-11-01,62,2
2026-09-19,2020-06-15,lea,2020,86,Odyssey Charter School,All Schools,All Schools,2019-12-01,62,1
2026-09-19,2020-06-15,lea,2020,86,Odyssey Charter School,All Schools,All Schools,2020-05-01,62,1
2026-09-19,2020-06-15,lea,2020,39,POLYTECH School District,All Schools,All Schools,2019-10-01,272,10
2026-09-19,2020-06-15,lea,2020,39,POLYTECH School District,All Schools,All Schools,2019-11-01,272,1
2026-09-19,2020-06-15,lea,2020,39,POLYTECH School District,All Schools,All Schools,2020-01-01,272,1
2026-09-19,2020-06-15,lea,2020,39,POLYTECH School District,All Schools,All Schools,2020-04-01,272,1
2026-09-19,2020-06-15,lea,2020,71,Positive Outcomes Charter School,All Schools,All Schools,NULL,20,0
2026-09-19,2020-06-15,lea,2020,32,Red Clay Consolidated School District,All Schools,All Schools,2019-10-01,891,28
2026-09-19,2020-06-15,lea,2020,32,Red Clay Consolidated School District,All Schools,All Schools,2019-11-01,891,7
2026-09-19,2020-06-15,lea,2020,32,Red Clay Consolidated School District,All Schools,All Schools,2019-12-01,891,3
2026-09-19,2020-06-15,lea,2020,32,Red Clay Consolidated School District,All Schools,All Schools,2020-01-01,891,4
2026-09-19,2020-06-15,lea,2020,32,Red Clay Consolidated School District,All Schools,All Schools,2020-02-01,891,2
2026-09-19,2020-06-15,lea,2020,32,Red Clay Consolidated School District,All Schools,All Schools,2020-03-01,891,1
2026-09-19,2020-06-15,lea,2020,23,Seaford School District,All Schools,All Schools,2019-11-01,187,1
2026-09-19,2020-06-15,lea,2020,24,Smyrna School District,All Schools,All Schools,2019-10-01,393,10
2026-09-19,2020-06-15,lea,2020,24,Smyrna School District,All Schools,All Schools,2019-11-01,393,2
2026-09-19,2020-06-15,lea,2020,24,Smyrna School District,All Schools,All Schools,2020-01-01,393,2
2026-09-19,2020-06-15,lea,2020,24,Smyrna School District,All Schools,All Schools,2020-02-01,393,2
2026-09-19,2020-06-15,lea,2020,77,Sussex Academy,All Schools,All Schools,2019-10-01,96,7
2026-09-19,2020-06-15,lea,2020,77,Sussex Academy,All Schools,All Schools,2019-11-01,96,5
2026-09-19,2020-06-15,lea,2020,77,Sussex Academy,All Schools,All Schools,2019-12-01,96,2
2026-09-19,2020-06-15,lea,2020,77,Sussex Academy,All Schools,All Schools,2020-01-01,96,1
2026-09-19,2020-06-15,lea,2020,40,Sussex Technical School District,All Schools,All Schools,2019-10-01,286,8
2026-09-19,2020-06-15,lea,2020,40,Sussex Technical School District,All Schools,All Schools,2019-11-01,286,2
2026-09-19,2020-06-15,lea,2020,40,Sussex Technical School District,All Schools,All Schools,2019-12-01,286,1
2026-09-19,2020-06-15,lea,2020,40,Sussex Technical School District,All Schools,All Schools,2020-01-01,286,4
2026-09-19,2020-06-15,lea,2020,40,Sussex Technical School District,All Schools,All Schools,2020-02-01,286,1
2026-09-19,2020-06-15,lea,2020,40,Sussex Technical School District,All Schools,All Schools,2020-03-01,286,2
2026-09-19,2020-06-15,lea,2020,40,Sussex Technical School District,All Schools,All Schools,2020-04-01,286,1
2026-09-19,2020-06-15,lea,2020,35,Woodbridge School District,All Schools,All Schools,2020-01-01,10,1
2026-09-19,2020-06-15,state,2020,All LEAs,All LEAs,All Schools,All Schools,2019-10-01,9896,262
2026-09-19,2020-06-15,state,2020,All LEAs,All LEAs,All Schools,All Schools,2019-11-01,9896,108
2026-09-19,2020-06-15,state,2020,All LEAs,All LEAs,All Schools,All Schools,2019-12-01,9896,30
2026-09-19,2020-06-15,state,2020,All LEAs,All LEAs,All Schools,All Schools,2020-01-01,9896,52
2026-09-19,2020-06-15,state,2020,All LEAs,All LEAs,All Schools,All Schools,2020-02-01,9896,13
2026-09-19,2020-06-15,state,2020,All LEAs,All LEAs,All Schools,All Schools,2020-03-01,9896,11
2026-09-19,2020-06-15,state,2020,All LEAs,All LEAs,All Schools,All Schools,2020-04-01,9896,10
2026-09-19,2020-06-15,state,2020,All LEAs,All LEAs,All Schools,All Schools,2020-05-01,9896,4
2026-09-19,2020-06-15,state,2020,All LEAs,All LEAs,All Schools,All Schools,2020-06-01,9896,3
2026-09-19,2019-06-15,school,2019,29,Appoquinimink School District,24,Appoquinimink High School,2018-10-01,434,21
2026-09-19,2019-06-15,school,2019,29,Appoquinimink School District,24,Appoquinimink High School,2018-11-01,434,6
2026-09-19,2019-06-15,school,2019,29,Appoquinimink School District,24,Appoquinimink High School,2018-12-01,434,1
2026-09-19,2019-06-15,school,2019,29,Appoquinimink School District,24,Appoquinimink High School,2019-01-01,434,5
2026-09-19,2019-06-15,school,2019,29,Appoquinimink School District,24,Appoquinimink High School,2019-02-01,434,1
2026-09-19,2019-06-15,school,2019,29,Appoquinimink School District,24,Appoquinimink High School,2019-03-01,434,4
2026-09-19,2019-06-15,school,2019,29,Appoquinimink School District,18,Middletown High School,2018-10-01,385,18
2026-09-19,2019-06-15,school,2019,29,Appoquinimink School District,18,Middletown High School,2018-11-01,385,7
2026-09-19,2019-06-15,school,2019,29,Appoquinimink School District,18,Middletown High School,2018-12-01,385,1
2026-09-19,2019-06-15,school,2019,29,Appoquinimink School District,18,Middletown High School,2019-01-01,385,5
2026-09-19,2019-06-15,school,2019,29,Appoquinimink School District,18,Middletown High School,2019-04-01,385,1
2026-09-19,2019-06-15,school,2019,31,Brandywine School District,190,Brandywine High School,2018-10-01,165,6
2026-09-19,2019-06-15,school,2019,31,Brandywine School District,190,Brandywine High School,2018-11-01,165,1
2026-09-19,2019-06-15,school,2019,31,Brandywine School District,190,Brandywine High School,2018-12-01,165,1
2026-09-19,2019-06-15,school,2019,31,Brandywine School District,108,Brandywine SITE,NULL,26,0
2026-09-19,2019-06-15,school,2019,31,Brandywine School District,194,Concord High School,2018-10-01,275,17
2026-09-19,2019-06-15,school,2019,31,Brandywine School District,194,Concord High School,2018-11-01,275,10
2026-09-19,2019-06-15,school,2019,31,Brandywine School District,194,Concord High School,2018-12-01,275,3
2026-09-19,2019-06-15,school,2019,31,Brandywine School District,194,Concord High School,2019-01-01,275,2
2026-09-19,2019-06-15,school,2019,31,Brandywine School District,194,Concord High School,2019-02-01,275,4
2026-09-19,2019-06-15,school,2019,31,Brandywine School District,194,Concord High School,2019-03-01,275,2
2026-09-19,2019-06-15,school,2019,31,Brandywine School District,194,Concord High School,2019-04-01,275,1
2026-09-19,2019-06-15,school,2019,31,Brandywine School District,196,Mount Pleasant High School,2018-10-01,234,14
2026-09-19,2019-06-15,school,2019,31,Brandywine School District,196,Mount Pleasant High School,2018-11-01,234,3
2026-09-19,2019-06-15,school,2019,31,Brandywine School District,196,Mount Pleasant High School,2018-12-01,234,1
2026-09-19,2019-06-15,school,2019,31,Brandywine School District,196,Mount Pleasant High School,2019-01-01,234,1
2026-09-19,2019-06-15,school,2019,31,Brandywine School District,196,Mount Pleasant High School,2019-02-01,234,1
2026-09-19,2019-06-15,school,2019,31,Brandywine School District,196,Mount Pleasant High School,2019-04-01,234,1
2026-09-19,2019-06-15,school,2019,10,Caesar Rodney School District,626,Caesar Rodney High School,2018-10-01,443,16
2026-09-19,2019-06-15,school,2019,10,Caesar Rodney School District,626,Caesar Rodney High School,2018-11-01,443,11
2026-09-19,2019-06-15,school,2019,10,Caesar Rodney School District,626,Caesar Rodney High School,2018-12-01,443,4
2026-09-19,2019-06-15,school,2019,10,Caesar Rodney School District,626,Caesar Rodney High School,2019-01-01,443,4
2026-09-19,2019-06-15,school,2019,10,Caesar Rodney School District,626,Caesar Rodney High School,2019-02-01,443,4
2026-09-19,2019-06-15,school,2019,10,Caesar Rodney School District,626,Caesar Rodney High School,2019-03-01,443,2
2026-09-19,2019-06-15,school,2019,10,Caesar Rodney School District,630,John S. Charlton School,NULL,49,0
2026-09-19,2019-06-15,school,2019,17,Cape Henlopen School District,726,Cape Henlopen High School,2018-10-01,370,13
2026-09-19,2019-06-15,school,2019,17,Cape Henlopen School District,726,Cape Henlopen High School,2018-11-01,370,5
2026-09-19,2019-06-15,school,2019,17,Cape Henlopen School District,726,Cape Henlopen High School,2018-12-01,370,5
2026-09-19,2019-06-15,school,2019,17,Cape Henlopen School District,726,Cape Henlopen High School,2019-01-01,370,2
2026-09-19,2019-06-15,school,2019,17,Cape Henlopen School District,726,Cape Henlopen High School,2019-02-01,370,2
2026-09-19,2019-06-15,school,2019,17,Cape Henlopen School District,728,Sussex Consortium,NULL,14,0
2026-09-19,2019-06-15,school,2019,13,Capital School District,648,Dover High School,2018-10-01,468,18
2026-09-19,2019-06-15,school,2019,13,Capital School District,648,Dover High School,2018-11-01,468,4
2026-09-19,2019-06-15,school,2019,13,Capital School District,648,Dover High School,2018-12-01,468,2
2026-09-19,2019-06-15,school,2019,13,Capital School District,648,Dover High School,2019-01-01,468,2
2026-09-19,2019-06-15,school,2019,13,Capital School District,648,Dover High School,2019-03-01,468,2
2026-09-19,2019-06-15,school,2019,13,Capital School District,648,Dover High School,2019-04-01,468,2
2026-09-19,2019-06-15,school,2019,13,Capital School District,650,Kent County Community School,NULL,14,0
2026-09-19,2019-06-15,school,2019,70,Charter School of Wilmington,295,Charter School of Wilmington,2018-10-01,234,30
2026-09-19,2019-06-15,school,2019,70,Charter School of Wilmington,295,Charter School of Wilmington,2018-11-01,234,13
2026-09-19,2019-06-15,school,2019,70,Charter School of Wilmington,295,Charter School of Wilmington,2018-12-01,234,7
2026-09-19,2019-06-15,school,2019,70,Charter School of Wilmington,295,Charter School of Wilmington,2019-01-01,234,3
2026-09-19,2019-06-15,school,2019,70,Charter School of Wilmington,295,Charter School of Wilmington,2019-02-01,234,1
2026-09-19,2019-06-15,school,2019,70,Charter School of Wilmington,295,Charter School of Wilmington,2019-03-01,234,2
2026-09-19,2019-06-15,school,2019,70,Charter School of Wilmington,295,Charter School of Wilmington,2019-04-01,234,1
2026-09-19,2019-06-15,school,2019,33,Christina School District,538,Brennen School (The),NULL,22,0
2026-09-19,2019-06-15,school,2019,33,Christina School District,390,Christiana High School,2018-10-01,190,10
2026-09-19,2019-06-15,school,2019,33,Christina School District,390,Christiana High School,2018-11-01,190,1
2026-09-19,2019-06-15,school,2019,33,Christina School District,390,Christiana High School,2018-12-01,190,1
2026-09-19,2019-06-15,school,2019,33,Christina School District,390,Christiana High School,2019-02-01,190,1
2026-09-19,2019-06-15,school,2019,33,Christina School District,390,Christiana High School,2019-04-01,190,1
2026-09-19,2019-06-15,school,2019,33,Christina School District,545,Christina Early Education Center,NULL,15,0
2026-09-19,2019-06-15,school,2019,33,Christina School District,540,Delaware School for the Deaf School (DSD),2018-10-01,8,1
2026-09-19,2019-06-15,school,2019,33,Christina School District,537,Douglass School,NULL,4,0
2026-09-19,2019-06-15,school,2019,33,Christina School District,392,Glasgow High School,2018-10-01,206,4
2026-09-19,2019-06-15,school,2019,33,Christina School District,392,Glasgow High School,2019-01-01,206,1
2026-09-19,2019-06-15,school,2019,33,Christina School District,392,Glasgow High School,2019-02-01,206,1
2026-09-19,2019-06-15,school,2019,33,Christina School District,392,Glasgow High School,2019-04-01,206,1
2026-09-19,2019-06-15,school,2019,33,Christina School District,394,Newark High School,2018-10-01,262,11
2026-09-19,2019-06-15,school,2019,33,Christina School District,394,Newark High School,2018-11-01,262,3
2026-09-19,2019-06-15,school,2019,33,Christina School District,394,Newark High School,2018-12-01,262,1
2026-09-19,2019-06-15,school,2019,33,Christina School District,394,Newark High School,2019-01-01,262,3
2026-09-19,2019-06-15,school,2019,33,Christina School District,354,Pyle (Sarah) Academy,NULL,78,0
2026-09-19,2019-06-15,school,2019,34,Colonial School District,514,Leach (John G.) School,NULL,11,0
2026-09-19,2019-06-15,school,2019,34,Colonial School District,490,Penn (William) High School,2018-10-01,442,6
2026-09-19,2019-06-15,school,2019,34,Colonial School District,490,Penn (William) High School,2018-11-01,442,5
2026-09-19,2019-06-15,school,2019,34,Colonial School District,490,Penn (William) High School,2018-12-01,442,3
2026-09-19,2019-06-15,school,2019,34,Colonial School District,490,Penn (William) High School,2019-01-01,442,3
2026-09-19,2019-06-15,school,2019,34,Colonial School District,490,Penn (William) High School,2019-02-01,442,1
2026-09-19,2019-06-15,school,2019,34,Colonial School District,490,Penn (William) High School,2019-03-01,442,2
2026-09-19,2019-06-15,school,2019,34,Colonial School District,522,The Wallace Wallin School,NULL,50,0
2026-09-19,2019-06-15,school,2019,68,Delaware Academy of Public Safety and Security,567,Delaware Academy of Public Safety and Security,NULL,1,0
2026-09-19,2019-06-15,school,2019,79,Delaware Military Academy,578,Delaware Military Academy,2018-10-01,132,1
2026-09-19,2019-06-15,school,2019,79,Delaware Military Academy,578,Delaware Military Academy,2018-11-01,132,3
2026-09-19,2019-06-15,school,2019,79,Delaware Military Academy,578,Delaware Military Academy,2019-01-01,132,1
2026-09-19,2019-06-15,school,2019,79,Delaware Military Academy,578,Delaware Military Academy,2019-02-01,132,1
2026-09-19,2019-06-15,school,2019,79,Delaware Military Academy,578,Delaware Military Academy,2019-03-01,132,2
2026-09-19,2019-06-15,school,2019,37,Delmar School District,730,Delmar High School,2018-10-01,160,1
2026-09-19,2019-06-15,school,2019,37,Delmar School District,730,Delmar High School,2018-11-01,160,1
2026-09-19,2019-06-15,school,2019,37,Delmar School District,730,Delmar High School,2019-01-01,160,1
2026-09-19,2019-06-15,school,2019,37,Delmar School District,730,Delmar High School,2019-03-01,160,1
2026-09-19,2019-06-15,school,2019,37,Delmar School District,730,Delmar High School,2019-04-01,160,1
2026-09-19,2019-06-15,school,2019,9609,Design Thinking Academy,4065,Design Thinking Academy,2018-10-01,105,2
2026-09-19,2019-06-15,school,2019,9609,Design Thinking Academy,4065,Design Thinking Academy,2018-11-01,105,1
2026-09-19,2019-06-15,school,2019,9609,Design Thinking Academy,4065,Design Thinking Academy,2019-01-01,105,2
2026-09-19,2019-06-15,school,2019,9604,Early College High School at Del State,4040,Early College High School at Del State,2018-10-01,67,4
2026-09-19,2019-06-15,school,2019,9604,Early College High School at Del State,4040,Early College High School at Del State,2018-11-01,67,1
2026-09-19,2019-06-15,school,2019,9604,Early College High School at Del State,4040,Early College High School at Del State,2018-12-01,67,3
2026-09-19,2019-06-15,school,2019,9604,Early College High School at Del State,4040,Early College High School at Del State,2019-02-01,67,1
2026-09-19,2019-06-15,school,2019,9607,First State Military Academy,4055,First State Military Academy,2018-10-01,85,5
2026-09-19,2019-06-15,school,2019,9607,First State Military Academy,4055,First State Military Academy,2019-01-01,85,1
2026-09-19,2019-06-15,school,2019,9607,First State Military Academy,4055,First State Military Academy,2019-02-01,85,2
2026-09-19,2019-06-15,school,2019,9612,Freire Charter School Wilmington,4080,Freire Charter School,2018-10-01,48,4
2026-09-19,2019-06-15,school,2019,36,Indian River School District,689,Carver (G.W.) Educational Center,NULL,10,0
2026-09-19,2019-06-15,school,2019,36,Indian River School District,750,Ennis (Howard T.) School,NULL,29,0
2026-09-19,2019-06-15,school,2019,36,Indian River School District,746,Indian River High School,2018-10-01,231,7
2026-09-19,2019-06-15,school,2019,36,Indian River School District,746,Indian River High School,2018-11-01,231,2
2026-09-19,2019-06-15,school,2019,36,Indian River School District,746,Indian River High School,2018-12-01,231,3
2026-09-19,2019-06-15,school,2019,36,Indian River School District,746,Indian River High School,2019-01-01,231,1
2026-09-19,2019-06-15,school,2019,36,Indian River School District,746,Indian River High School,2019-02-01,231,1
2026-09-19,2019-06-15,school,2019,36,Indian River School District,748,Sussex Central High School,2018-10-01,391,8
2026-09-19,2019-06-15,school,2019,36,Indian River School District,748,Sussex Central High School,2018-11-01,391,1
2026-09-19,2019-06-15,school,2019,36,Indian River School District,748,Sussex Central High School,2018-12-01,391,2
2026-09-19,2019-06-15,school,2019,36,Indian River School District,748,Sussex Central High School,2019-01-01,391,1
2026-09-19,2019-06-15,school,2019,36,Indian River School District,748,Sussex Central High School,2019-03-01,391,1
2026-09-19,2019-06-15,school,2019,15,Lake Forest School District,665,Lake Forest High School,2018-10-01,205,14
2026-09-19,2019-06-15,school,2019,15,Lake Forest School District,665,Lake Forest High School,2018-11-01,205,4
2026-09-19,2019-06-15,school,2019,15,Lake Forest School District,665,Lake Forest High School,2018-12-01,205,2
2026-09-19,2019-06-15,school,2019,15,Lake Forest School District,665,Lake Forest High School,2019-01-01,205,4
2026-09-19,2019-06-15,school,2019,15,Lake Forest School District,665,Lake Forest High School,2019-04-01,205,1
2026-09-19,2019-06-15,school,2019,16,Laurel School District,756,Laurel Senior High School,2018-10-01,126,4
2026-09-19,2019-06-15,school,2019,16,Laurel School District,756,Laurel Senior High School,2018-11-01,126,1
2026-09-19,2019-06-15,school,2019,16,Laurel School District,756,Laurel Senior High School,2018-12-01,126,1
2026-09-19,2019-06-15,school,2019,16,Laurel School District,756,Laurel Senior High School,2019-01-01,126,2
2026-09-19,2019-06-15,school,2019,16,Laurel School District,756,Laurel Senior High School,2019-04-01,126,1
2026-09-19,2019-06-15,school,2019,18,Milford School District,678,Milford Senior High School,2018-10-01,279,8
2026-09-19,2019-06-15,school,2019,18,Milford School District,678,Milford Senior High School,2018-11-01,279,4
2026-09-19,2019-06-15,school,2019,18,Milford School District,678,Milford Senior High School,2018-12-01,279,1
2026-09-19,2019-06-15,school,2019,18,Milford School District,678,Milford Senior High School,2019-03-01,279,2
2026-09-19,2019-06-15,school,2019,88,MOT Charter School,587,MOT Charter School,2018-10-01,119,7
2026-09-19,2019-06-15,school,2019,88,MOT Charter School,587,MOT Charter School,2018-11-01,119,2
2026-09-19,2019-06-15,school,2019,88,MOT Charter School,587,MOT Charter School,2018-12-01,119,2
2026-09-19,2019-06-15,school,2019,38,New Castle County Vocational-Technical School District,80,Delcastle Technical High School,2018-10-01,395,6
2026-09-19,2019-06-15,school,2019,38,New Castle County Vocational-Technical School District,80,Delcastle Technical High School,2018-11-01,395,5
2026-09-19,2019-06-15,school,2019,38,New Castle County Vocational-Technical School District,80,Delcastle Technical High School,2018-12-01,395,1
2026-09-19,2019-06-15,school,2019,38,New Castle County Vocational-Technical School District,80,Delcastle Technical High School,2019-01-01,395,4
2026-09-19,2019-06-15,school,2019,38,New Castle County Vocational-Technical School District,80,Delcastle Technical High School,2019-02-01,395,2
2026-09-19,2019-06-15,school,2019,38,New Castle County Vocational-Technical School District,80,Delcastle Technical High School,2019-03-01,395,1
2026-09-19,2019-06-15,school,2019,38,New Castle County Vocational-Technical School District,66,Hodgson (Paul M.) Vocational Technical High School,2018-10-01,269,3
2026-09-19,2019-06-15,school,2019,38,New Castle County Vocational-Technical School District,66,Hodgson (Paul M.) Vocational Technical High School,2018-11-01,269,8
2026-09-19,2019-06-15,school,2019,38,New Castle County Vocational-Technical School District,66,Hodgson (Paul M.) Vocational Technical High School,2018-12-01,269,2
2026-09-19,2019-06-15,school,2019,38,New Castle County Vocational-Technical School District,66,Hodgson (Paul M.) Vocational Technical High School,2019-01-01,269,2
2026-09-19,2019-06-15,school,2019,38,New Castle County Vocational-Technical School District,66,Hodgson (Paul M.) Vocational Technical High School,2019-02-01,269,1
2026-09-19,2019-06-15,school,2019,38,New Castle County Vocational-Technical School District,66,Hodgson (Paul M.) Vocational Technical High School,2019-04-01,269,1
2026-09-19,2019-06-15,school,2019,38,New Castle County Vocational-Technical School District,26,Howard High School of Technology,2018-10-01,184,3
2026-09-19,2019-06-15,school,2019,38,New Castle County Vocational-Technical School District,26,Howard High School of Technology,2018-11-01,184,2
2026-09-19,2019-06-15,school,2019,38,New Castle County Vocational-Technical School District,26,Howard High School of Technology,2018-12-01,184,1
2026-09-19,2019-06-15,school,2019,38,New Castle County Vocational-Technical School District,44,St. Georges Technical High School,2018-10-01,271,11
2026-09-19,2019-06-15,school,2019,38,New Castle County Vocational-Technical School District,44,St. Georges Technical High School,2018-11-01,271,10
2026-09-19,2019-06-15,school,2019,38,New Castle County Vocational-Technical School District,44,St. Georges Technical High School,2018-12-01,271,4
2026-09-19,2019-06-15,school,2019,38,New Castle County Vocational-Technical School District,44,St. Georges Technical High School,2019-01-01,271,3
2026-09-19,2019-06-15,school,2019,38,New Castle County Vocational-Technical School District,44,St. Georges Technical High School,2019-02-01,271,1
2026-09-19,2019-06-15,school,2019,38,New Castle County Vocational-Technical School District,44,St. Georges Technical High School,2019-03-01,271,2
2026-09-19,2019-06-15,school,2019,89,Newark Charter School,588,Newark Charter School,2018-10-01,154,35
2026-09-19,2019-06-15,school,2019,89,Newark Charter School,588,Newark Charter School,2018-11-01,154,9
2026-09-19,2019-06-15,school,2019,89,Newark Charter School,588,Newark Charter School,2018-12-01,154,3
2026-09-19,2019-06-15,school,2019,89,Newark Charter School,588,Newark Charter School,2019-01-01,154,1
2026-09-19,2019-06-15,school,2019,89,Newark Charter School,588,Newark Charter School,2019-02-01,154,2
2026-09-19,2019-06-15,school,2019,89,Newark Charter School,588,Newark Charter School,2019-04-01,154,1
2026-09-19,2019-06-15,school,2019,39,POLYTECH School District,652,POLYTECH High School,2018-10-01,270,20
2026-09-19,2019-06-15,school,2019,39,POLYTECH School District,652,POLYTECH High School,2018-11-01,270,4
2026-09-19,2019-06-15,school,2019,39,POLYTECH School District,652,POLYTECH High School,2018-12-01,270,2
2026-09-19,2019-06-15,school,2019,39,POLYTECH School District,652,POLYTECH High School,2019-01-01,270,2
2026-09-19,2019-06-15,school,2019,39,POLYTECH School District,652,POLYTECH High School,2019-03-01,270,2
2026-09-19,2019-06-15,school,2019,71,Positive Outcomes Charter School,570,Positive Outcomes Charter School,NULL,17,0
2026-09-19,2019-06-15,school,2019,32,Red Clay Consolidated School District,286,Calloway (Cab) School of the Arts,2018-10-01,116,9
2026-09-19,2019-06-15,school,2019,32,Red Clay Consolidated School District,286,Calloway (Cab) School of the Arts,2018-11-01,116,5
2026-09-19,2019-06-15,school,2019,32,Red Clay Consolidated School District,286,Calloway (Cab) School of the Arts,2018-12-01,116,1
2026-09-19,2019-06-15,school,2019,32,Red Clay Consolidated School District,286,Calloway (Cab) School of the Arts,2019-01-01,116,2
2026-09-19,2019-06-15,school,2019,32,Red Clay Consolidated School District,286,Calloway (Cab) School of the Arts,2019-02-01,116,1
2026-09-19,2019-06-15,school,2019,32,Red Clay Consolidated School District,284,Conrad Schools of Science,2018-10-01,158,5
2026-09-19,2019-06-15,school,2019,32,Red Clay Consolidated School District,284,Conrad Schools of Science,2018-12-01,158,2
2026-09-19,2019-06-15,school,2019,32,Red Clay Consolidated School District,284,Conrad Schools of Science,2019-01-01,158,1
2026-09-19,2019-06-15,school,2019,32,Red Clay Consolidated School District,284,Conrad Schools of Science,2019-02-01,158,2
2026-09-19,2019-06-15,school,2019,32,Red Clay Consolidated School District,290,Dickinson (John) High School,2018-10-01,130,2
2026-09-19,2019-06-15,school,2019,32,Red Clay Consolidated School District,290,Dickinson (John) High School,2018-11-01,130,4
2026-09-19,2019-06-15,school,2019,32,Red Clay Consolidated School District,290,Dickinson (John) High School,2019-04-01,130,1
2026-09-19,2019-06-15,school,2019,32,Red Clay Consolidated School District,292,duPont (Alexis I.) High School,2018-10-01,248,4
2026-09-19,2019-06-15,school,2019,32,Red Clay Consolidated School District,292,duPont (Alexis I.) High School,2018-11-01,248,4
2026-09-19,2019-06-15,school,2019,32,Red Clay Consolidated School District,292,duPont (Alexis I.) High School,2018-12-01,248,2
2026-09-19,2019-06-15,school,2019,32,Red Clay Consolidated School District,292,duPont (Alexis I.) High School,2019-01-01,248,6
2026-09-19,2019-06-15,school,2019,32,Red Clay Consolidated School District,292,duPont (Alexis I.) High School,2019-02-01,248,1
2026-09-19,2019-06-15,school,2019,32,Red Clay Consolidated School District,292,duPont (Alexis I.) High School,2019-03-01,248,1
2026-09-19,2019-06-15,school,2019,32,Red Clay Consolidated School District,530,First State School,2018-11-01,6,1
2026-09-19,2019-06-15,school,2019,32,Red Clay Consolidated School District,294,McKean (Thomas) High School,2018-10-01,210,3
2026-09-19,2019-06-15,school,2019,32,Red Clay Consolidated School District,294,McKean (Thomas) High School,2018-11-01,210,2
2026-09-19,2019-06-15,school,2019,32,Red Clay Consolidated School District,294,McKean (Thomas) High School,2018-12-01,210,1
2026-09-19,2019-06-15,school,2019,32,Red Clay Consolidated School District,294,McKean (Thomas) High School,2019-01-01,210,2
2026-09-19,2019-06-15,school,2019,32,Red Clay Consolidated School District,516,Meadowood Program,NULL,51,0
2026-09-19,2019-06-15,school,2019,23,Seaford School District,766,Seaford Senior High School,2018-10-01,173,6
2026-09-19,2019-06-15,school,2019,23,Seaford School District,766,Seaford Senior High School,2018-11-01,173,1
2026-09-19,2019-06-15,school,2019,23,Seaford School District,766,Seaford Senior High School,2019-02-01,173,1
2026-09-19,2019-06-15,school,2019,23,Seaford School District,766,Seaford Senior High School,2019-03-01,173,1
2026-09-19,2019-06-15,school,2019,24,Smyrna School District,688,Smyrna High School,2018-10-01,361,11
2026-09-19,2019-06-15,school,2019,24,Smyrna School District,688,Smyrna High School,2018-11-01,361,2
2026-09-19,2019-06-15,school,2019,24,Smyrna School District,688,Smyrna High School,2018-12-01,361,2
2026-09-19,2019-06-15,school,2019,24,Smyrna School District,688,Smyrna High School,2019-02-01,361,1
2026-09-19,2019-06-15,school,2019,77,Sussex Academy,576,Sussex Academy,2018-10-01,71,9
2026-09-19,2019-06-15,school,2019,77,Sussex Academy,576,Sussex Academy,2018-11-01,71,1
2026-09-19,2019-06-15,school,2019,77,Sussex Academy,576,Sussex Academy,2019-02-01,71,1
2026-09-19,2019-06-15,school,2019,40,Sussex Technical School District,770,Sussex Technical High School,2018-10-01,250,14
2026-09-19,2019-06-15,school,2019,40,Sussex Technical School District,770,Sussex Technical High School,2018-11-01,250,2
2026-09-19,2019-06-15,school,2019,40,Sussex Technical School District,770,Sussex Technical High School,2018-12-01,250,5
2026-09-19,2019-06-15,school,2019,40,Sussex Technical School District,770,Sussex Technical High School,2019-01-01,250,2
2026-09-19,2019-06-15,school,2019,40,Sussex Technical School District,770,Sussex Technical High School,2019-02-01,250,2
2026-09-19,2019-06-15,school,2019,40,Sussex Technical School District,770,Sussex Technical High School,2019-04-01,250,1
2026-09-19,2019-06-15,school,2019,35,Woodbridge School District,780,Woodbridge High School,2018-10-01,120,2
2026-09-19,2019-06-15,school,2019,35,Woodbridge School District,780,Woodbridge High School,2018-11-01,120,1
2026-09-19,2019-06-15,school,2019,35,Woodbridge School District,780,Woodbridge High School,2019-01-01,120,2
2026-09-19,2019-06-15,lea,2019,29,Appoquinimink School District,All Schools,All Schools,2018-10-01,819,39
2026-09-19,2019-06-15,lea,2019,29,Appoquinimink School District,All Schools,All Schools,2018-11-01,819,13
2026-09-19,2019-06-15,lea,2019,29,Appoquinimink School District,All Schools,All Schools,2018-12-01,819,2
2026-09-19,2019-06-15,lea,2019,29,Appoquinimink School District,All Schools,All Schools,2019-01-01,819,10
2026-09-19,2019-06-15,lea,2019,29,Appoquinimink School District,All Schools,All Schools,2019-02-01,819,1
2026-09-19,2019-06-15,lea,2019,29,Appoquinimink School District,All Schools,All Schools,2019-03-01,819,4
2026-09-19,2019-06-15,lea,2019,29,Appoquinimink School District,All Schools,All Schools,2019-04-01,819,1
2026-09-19,2019-06-15,lea,2019,31,Brandywine School District,All Schools,All Schools,2018-10-01,700,37
2026-09-19,2019-06-15,lea,2019,31,Brandywine School District,All Schools,All Schools,2018-11-01,700,14
2026-09-19,2019-06-15,lea,2019,31,Brandywine School District,All Schools,All Schools,2018-12-01,700,5
2026-09-19,2019-06-15,lea,2019,31,Brandywine School District,All Schools,All Schools,2019-01-01,700,3
2026-09-19,2019-06-15,lea,2019,31,Brandywine School District,All Schools,All Schools,2019-02-01,700,5
2026-09-19,2019-06-15,lea,2019,31,Brandywine School District,All Schools,All Schools,2019-03-01,700,2
2026-09-19,2019-06-15,lea,2019,31,Brandywine School District,All Schools,All Schools,2019-04-01,700,2
2026-09-19,2019-06-15,lea,2019,10,Caesar Rodney School District,All Schools,All Schools,2018-10-01,492,16
2026-09-19,2019-06-15,lea,2019,10,Caesar Rodney School District,All Schools,All Schools,2018-11-01,492,11
2026-09-19,2019-06-15,lea,2019,10,Caesar Rodney School District,All Schools,All Schools,2018-12-01,492,4
2026-09-19,2019-06-15,lea,2019,10,Caesar Rodney School District,All Schools,All Schools,2019-01-01,492,4
2026-09-19,2019-06-15,lea,2019,10,Caesar Rodney School District,All Schools,All Schools,2019-02-01,492,4
2026-09-19,2019-06-15,lea,2019,10,Caesar Rodney School District,All Schools,All Schools,2019-03-01,492,2
2026-09-19,2019-06-15,lea,2019,17,Cape Henlopen School District,All Schools,All Schools,2018-10-01,384,13
2026-09-19,2019-06-15,lea,2019,17,Cape Henlopen School District,All Schools,All Schools,2018-11-01,384,5
2026-09-19,2019-06-15,lea,2019,17,Cape Henlopen School District,All Schools,All Schools,2018-12-01,384,5
2026-09-19,2019-06-15,lea,2019,17,Cape Henlopen School District,All Schools,All Schools,2019-01-01,384,2
2026-09-19,2019-06-15,lea,2019,17,Cape Henlopen School District,All Schools,All Schools,2019-02-01,384,2
2026-09-19,2019-06-15,lea,2019,13,Capital School District,All Schools,All Schools,2018-10-01,482,18
2026-09-19,2019-06-15,lea,2019,13,Capital School District,All Schools,All Schools,2018-11-01,482,4
2026-09-19,2019-06-15,lea,2019,13,Capital School District,All Schools,All Schools,2018-12-01,482,2
2026-09-19,2019-06-15,lea,2019,13,Capital School District,All Schools,All Schools,2019-01-01,482,2
2026-09-19,2019-06-15,lea,2019,13,Capital School District,All Schools,All Schools,2019-03-01,482,2
2026-09-19,2019-06-15,lea,2019,13,Capital School District,All Schools,All Schools,2019-04-01,482,2
2026-09-19,2019-06-15,lea,2019,70,Charter School of Wilmington,All Schools,All Schools,2018-10-01,234,30
2026-09-19,2019-06-15,lea,2019,70,Charter School of Wilmington,All Schools,All Schools,2018-11-01,234,13
2026-09-19,2019-06-15,lea,2019,70,Charter School of Wilmington,All Schools,All Schools,2018-12-01,234,7
2026-09-19,2019-06-15,lea,2019,70,Charter School of Wilmington,All Schools,All Schools,2019-01-01,234,3
2026-09-19,2019-06-15,lea,2019,70,Charter School of Wilmington,All Schools,All Schools,2019-02-01,234,1
2026-09-19,2019-06-15,lea,2019,70,Charter School of Wilmington,All Schools,All Schools,2019-03-01,234,2
2026-09-19,2019-06-15,lea,2019,70,Charter School of Wilmington,All Schools,All Schools,2019-04-01,234,1
2026-09-19,2019-06-15,lea,2019,33,Christina School District,All Schools,All Schools,2018-10-01,785,26
2026-09-19,2019-06-15,lea,2019,33,Christina School District,All Schools,All Schools,2018-11-01,785,4
2026-09-19,2019-06-15,lea,2019,33,Christina School District,All Schools,All Schools,2018-12-01,785,2
2026-09-19,2019-06-15,lea,2019,33,Christina School District,All Schools,All Schools,2019-01-01,785,4
2026-09-19,2019-06-15,lea,2019,33,Christina School District,All Schools,All Schools,2019-02-01,785,2
2026-09-19,2019-06-15,lea,2019,33,Christina School District,All Schools,All Schools,2019-04-01,785,2
2026-09-19,2019-06-15,lea,2019,34,Colonial School District,All Schools,All Schools,2018-10-01,503,6
2026-09-19,2019-06-15,lea,2019,34,Colonial School District,All Schools,All Schools,2018-11-01,503,5
2026-09-19,2019-06-15,lea,2019,34,Colonial School District,All Schools,All Schools,2018-12-01,503,3
2026-09-19,2019-06-15,lea,2019,34,Colonial School District,All Schools,All Schools,2019-01-01,503,3
2026-09-19,2019-06-15,lea,2019,34,Colonial School District,All Schools,All Schools,2019-02-01,503,1
2026-09-19,2019-06-15,lea,2019,34,Colonial School District,All Schools,All Schools,2019-03-01,503,2
2026-09-19,2019-06-15,lea,2019,68,Delaware Academy of Public Safety and Security,All Schools,All Schools,NULL,1,0
2026-09-19,2019-06-15,lea,2019,79,Delaware Military Academy,All Schools,All Schools,2018-10-01,132,1
2026-09-19,2019-06-15,lea,2019,79,Delaware Military Academy,All Schools,All Schools,2018-11-01,132,3
2026-09-19,2019-06-15,lea,2019,79,Delaware Military Academy,All Schools,All Schools,2019-01-01,132,1
2026-09-19,2019-06-15,lea,2019,79,Delaware Military Academy,All Schools,All Schools,2019-02-01,132,1
2026-09-19,2019-06-15,lea,2019,79,Delaware Military Academy,All Schools,All Schools,2019-03-01,132,2
2026-09-19,2019-06-15,lea,2019,37,Delmar School District,All Schools,All Schools,2018-10-01,160,1
2026-09-19,2019-06-15,lea,2019,37,Delmar School District,All Schools,All Schools,2018-11-01,160,1
2026-09-19,2019-06-15,lea,2019,37,Delmar School District,All Schools,All Schools,2019-01-01,160,1
2026-09-19,2019-06-15,lea,2019,37,Delmar School District,All Schools,All Schools,2019-03-01,160,1
2026-09-19,2019-06-15,lea,2019,37,Delmar School District,All Schools,All Schools,2019-04-01,160,1
2026-09-19,2019-06-15,lea,2019,9609,Design Thinking Academy,All Schools,All Schools,2018-10-01,105,2
2026-09-19,2019-06-15,lea,2019,9609,Design Thinking Academy,All Schools,All Schools,2018-11-01,105,1
2026-09-19,2019-06-15,lea,2019,9609,Design Thinking Academy,All Schools,All Schools,2019-01-01,105,2
2026-09-19,2019-06-15,lea,2019,9604,Early College High School at Del State,All Schools,All Schools,2018-10-01,67,4
2026-09-19,2019-06-15,lea,2019,9604,Early College High School at Del State,All Schools,All Schools,2018-11-01,67,1
2026-09-19,2019-06-15,lea,2019,9604,Early College High School at Del State,All Schools,All Schools,2018-12-01,67,3
2026-09-19,2019-06-15,lea,2019,9604,Early College High School at Del State,All Schools,All Schools,2019-02-01,67,1
2026-09-19,2019-06-15,lea,2019,9607,First State Military Academy,All Schools,All Schools,2018-10-01,85,5
2026-09-19,2019-06-15,lea,2019,9607,First State Military Academy,All Schools,All Schools,2019-01-01,85,1
2026-09-19,2019-06-15,lea,2019,9607,First State Military Academy,All Schools,All Schools,2019-02-01,85,2
2026-09-19,2019-06-15,lea,2019,9612,Freire Charter School Wilmington,All Schools,All Schools,2018-10-01,48,4
2026-09-19,2019-06-15,lea,2019,36,Indian River School District,All Schools,All Schools,2018-10-01,661,15
2026-09-19,2019-06-15,lea,2019,36,Indian River School District,All Schools,All Schools,2018-11-01,661,3
2026-09-19,2019-06-15,lea,2019,36,Indian River School District,All Schools,All Schools,2018-12-01,661,5
2026-09-19,2019-06-15,lea,2019,36,Indian River School District,All Schools,All Schools,2019-01-01,661,2
2026-09-19,2019-06-15,lea,2019,36,Indian River School District,All Schools,All Schools,2019-02-01,661,1
2026-09-19,2019-06-15,lea,2019,36,Indian River School District,All Schools,All Schools,2019-03-01,661,1
2026-09-19,2019-06-15,lea,2019,15,Lake Forest School District,All Schools,All Schools,2018-10-01,205,14
2026-09-19,2019-06-15,lea,2019,15,Lake Forest School District,All Schools,All Schools,2018-11-01,205,4
2026-09-19,2019-06-15,lea,2019,15,Lake Forest School District,All Schools,All Schools,2018-12-01,205,2
2026-09-19,2019-06-15,lea,2019,15,Lake Forest School District,All Schools,All Schools,2019-01-01,205,4
2026-09-19,2019-06-15,lea,2019,15,Lake Forest School District,All Schools,All Schools,2019-04-01,205,1
2026-09-19,2019-06-15,lea,2019,16,Laurel School District,All Schools,All Schools,2018-10-01,126,4
2026-09-19,2019-06-15,lea,2019,16,Laurel School District,All Schools,All Schools,2018-11-01,126,1
2026-09-19,2019-06-15,lea,2019,16,Laurel School District,All Schools,All Schools,2018-12-01,126,1
2026-09-19,2019-06-15,lea,2019,16,Laurel School District,All Schools,All Schools,2019-01-01,126,2
2026-09-19,2019-06-15,lea,2019,16,Laurel School District,All Schools,All Schools,2019-04-01,126,1
2026-09-19,2019-06-15,lea,2019,18,Milford School District,All Schools,All Schools,2018-10-01,279,8
2026-09-19,2019-06-15,lea,2019,18,Milford School District,All Schools,All Schools,2018-11-01,279,4
2026-09-19,2019-06-15,lea,2019,18,Milford School District,All Schools,All Schools,2018-12-01,279,1
2026-09-19,2019-06-15,lea,2019,18,Milford School District,All Schools,All Schools,2019-03-01,279,2
2026-09-19,2019-06-15,lea,2019,88,MOT Charter School,All Schools,All Schools,2018-10-01,119,7
2026-09-19,2019-06-15,lea,2019,88,MOT Charter School,All Schools,All Schools,2018-11-01,119,2
2026-09-19,2019-06-15,lea,2019,88,MOT Charter School,All Schools,All Schools,2018-12-01,119,2
2026-09-19,2019-06-15,lea,2019,38,New Castle County Vocational-Technical School District,All Schools,All Schools,2018-10-01,1119,23
2026-09-19,2019-06-15,lea,2019,38,New Castle County Vocational-Technical School District,All Schools,All Schools,2018-11-01,1119,25
2026-09-19,2019-06-15,lea,2019,38,New Castle County Vocational-Technical School District,All Schools,All Schools,2018-12-01,1119,8
2026-09-19,2019-06-15,lea,2019,38,New Castle County Vocational-Technical School District,All Schools,All Schools,2019-01-01,1119,9
2026-09-19,2019-06-15,lea,2019,38,New Castle County Vocational-Technical School District,All Schools,All Schools,2019-02-01,1119,4
2026-09-19,2019-06-15,lea,2019,38,New Castle County Vocational-Technical School District,All Schools,All Schools,2019-03-01,1119,3
2026-09-19,2019-06-15,lea,2019,38,New Castle County Vocational-Technical School District,All Schools,All Schools,2019-04-01,1119,1
2026-09-19,2019-06-15,lea,2019,89,Newark Charter School,All Schools,All Schools,2018-10-01,154,35
2026-09-19,2019-06-15,lea,2019,89,Newark Charter School,All Schools,All Schools,2018-11-01,154,9
2026-09-19,2019-06-15,lea,2019,89,Newark Charter School,All Schools,All Schools,2018-12-01,154,3
2026-09-19,2019-06-15,lea,2019,89,Newark Charter School,All Schools,All Schools,2019-01-01,154,1
2026-09-19,2019-06-15,lea,2019,89,Newark Charter School,All Schools,All Schools,2019-02-01,154,2
2026-09-19,2019-06-15,lea,2019,89,Newark Charter School,All Schools,All Schools,2019-04-01,154,1
2026-09-19,2019-06-15,lea,2019,39,POLYTECH School District,All Schools,All Schools,2018-10-01,270,20
2026-09-19,2019-06-15,lea,2019,39,POLYTECH School District,All Schools,All Schools,2018-11-01,270,4
2026-09-19,2019-06-15,lea,2019,39,POLYTECH School District,All Schools,All Schools,2018-12-01,270,2
2026-09-19,2019-06-15,lea,2019,39,POLYTECH School District,All Schools,All Schools,2019-01-01,270,2
2026-09-19,2019-06-15,lea,2019,39,POLYTECH School District,All Schools,All Schools,2019-03-01,270,2
2026-09-19,2019-06-15,lea,2019,71,Positive Outcomes Charter School,All Schools,All Schools,NULL,17,0
2026-09-19,2019-06-15,lea,2019,32,Red Clay Consolidated School District,All Schools,All Schools,2018-10-01,919,23
2026-09-19,2019-06-15,lea,2019,32,Red Clay Consolidated School District,All Schools,All Schools,2018-11-01,919,16
2026-09-19,2019-06-15,lea,2019,32,Red Clay Consolidated School District,All Schools,All Schools,2018-12-01,919,6
2026-09-19,2019-06-15,lea,2019,32,Red Clay Consolidated School District,All Schools,All Schools,2019-01-01,919,11
2026-09-19,2019-06-15,lea,2019,32,Red Clay Consolidated School District,All Schools,All Schools,2019-02-01,919,4
2026-09-19,2019-06-15,lea,2019,32,Red Clay Consolidated School District,All Schools,All Schools,2019-03-01,919,1
2026-09-19,2019-06-15,lea,2019,32,Red Clay Consolidated School District,All Schools,All Schools,2019-04-01,919,1
2026-09-19,2019-06-15,lea,2019,23,Seaford School District,All Schools,All Schools,2018-10-01,173,6
2026-09-19,2019-06-15,lea,2019,23,Seaford School District,All Schools,All Schools,2018-11-01,173,1
2026-09-19,2019-06-15,lea,2019,23,Seaford School District,All Schools,All Schools,2019-02-01,173,1
2026-09-19,2019-06-15,lea,2019,23,Seaford School District,All Schools,All Schools,2019-03-01,173,1
2026-09-19,2019-06-15,lea,2019,24,Smyrna School District,All Schools,All Schools,2018-10-01,361,11
2026-09-19,2019-06-15,lea,2019,24,Smyrna School District,All Schools,All Schools,2018-11-01,361,2
2026-09-19,2019-06-15,lea,2019,24,Smyrna School District,All Schools,All Schools,2018-12-01,361,2
2026-09-19,2019-06-15,lea,2019,24,Smyrna School District,All Schools,All Schools,2019-02-01,361,1
2026-09-19,2019-06-15,lea,2019,77,Sussex Academy,All Schools,All Schools,2018-10-01,71,9
2026-09-19,2019-06-15,lea,2019,77,Sussex Academy,All Schools,All Schools,2018-11-01,71,1
2026-09-19,2019-06-15,lea,2019,77,Sussex Academy,All Schools,All Schools,2019-02-01,71,1
2026-09-19,2019-06-15,lea,2019,40,Sussex Technical School District,All Schools,All Schools,2018-10-01,250,14
2026-09-19,2019-06-15,lea,2019,40,Sussex Technical School District,All Schools,All Schools,2018-11-01,250,2
2026-09-19,2019-06-15,lea,2019,40,Sussex Technical School District,All Schools,All Schools,2018-12-01,250,5
2026-09-19,2019-06-15,lea,2019,40,Sussex Technical School District,All Schools,All Schools,2019-01-01,250,2
2026-09-19,2019-06-15,lea,2019,40,Sussex Technical School District,All Schools,All Schools,2019-02-01,250,2
2026-09-19,2019-06-15,lea,2019,40,Sussex Technical School District,All Schools,All Schools,2019-04-01,250,1
2026-09-19,2019-06-15,lea,2019,35,Woodbridge School District,All Schools,All Schools,2018-10-01,120,2
2026-09-19,2019-06-15,lea,2019,35,Woodbridge School District,All Schools,All Schools,2018-11-01,120,1
2026-09-19,2019-06-15,lea,2019,35,Woodbridge School District,All Schools,All Schools,2019-01-01,120,2
2026-09-19,2019-06-15,state,2019,All LEAs,All LEAs,All Schools,All Schools,2018-10-01,9841,393
2026-09-19,2019-06-15,state,2019,All LEAs,All LEAs,All Schools,All Schools,2018-11-01,9841,150
2026-09-19,2019-06-15,state,2019,All LEAs,All LEAs,All Schools,All Schools,2018-12-01,9841,70
2026-09-19,2019-06-15,state,2019,All LEAs,All LEAs,All Schools,All Schools,2019-01-01,9841,71
2026-09-19,2019-06-15,state,2019,All LEAs,All LEAs,All Schools,All Schools,2019-02-01,9841,36
2026-09-19,2019-06-15,state,2019,All LEAs,All LEAs,All Schools,All Schools,2019-03-01,9841,27
2026-09-19,2019-06-15,state,2019,All LEAs,All LEAs,All Schools,All Schools,2019-04-01,9841,15
2026-09-19,2018-06-01,school,2018,29,Appoquinimink School District,24,Appoquinimink High School,2017-10-01,401,25
2026-09-19,2018-06-01,school,2018,29,Appoquinimink School District,24,Appoquinimink High School,2017-11-01,401,6
2026-09-19,2018-06-01,school,2018,29,Appoquinimink School District,24,Appoquinimink High School,2017-12-01,401,4
2026-09-19,2018-06-01,school,2018,29,Appoquinimink School District,24,Appoquinimink High School,2018-01-01,401,4
2026-09-19,2018-06-01,school,2018,29,Appoquinimink School District,24,Appoquinimink High School,2018-03-01,401,2
2026-09-19,2018-06-01,school,2018,29,Appoquinimink School District,24,Appoquinimink High School,2018-04-01,401,3
2026-09-19,2018-06-01,school,2018,29,Appoquinimink School District,18,Middletown High School,2017-10-01,363,18
2026-09-19,2018-06-01,school,2018,29,Appoquinimink School District,18,Middletown High School,2017-11-01,363,7
2026-09-19,2018-06-01,school,2018,29,Appoquinimink School District,18,Middletown High School,2017-12-01,363,4
2026-09-19,2018-06-01,school,2018,29,Appoquinimink School District,18,Middletown High School,2018-01-01,363,5
2026-09-19,2018-06-01,school,2018,29,Appoquinimink School District,18,Middletown High School,2018-03-01,363,2
2026-09-19,2018-06-01,school,2018,29,Appoquinimink School District,18,Middletown High School,2018-04-01,363,1
2026-09-19,2018-06-01,school,2018,31,Brandywine School District,190,Brandywine High School,2017-10-01,176,5
2026-09-19,2018-06-01,school,2018,31,Brandywine School District,190,Brandywine High School,2017-11-01,176,2
2026-09-19,2018-06-01,school,2018,31,Brandywine School District,190,Brandywine High School,2017-12-01,176,3
2026-09-19,2018-06-01,school,2018,31,Brandywine School District,190,Brandywine High School,2018-01-01,176,2
2026-09-19,2018-06-01,school,2018,31,Brandywine School District,190,Brandywine High School,2018-02-01,176,2
2026-09-19,2018-06-01,school,2018,31,Brandywine School District,190,Brandywine High School,2018-03-01,176,1
2026-09-19,2018-06-01,school,2018,31,Brandywine School District,108,Brandywine SITE,NULL,19,0
2026-09-19,2018-06-01,school,2018,31,Brandywine School District,194,Concord High School,2017-10-01,277,6
2026-09-19,2018-06-01,school,2018,31,Brandywine School District,194,Concord High School,2017-11-01,277,8
2026-09-19,2018-06-01,school,2018,31,Brandywine School District,194,Concord High School,2017-12-01,277,2
2026-09-19,2018-06-01,school,2018,31,Brandywine School District,194,Concord High School,2018-01-01,277,5
2026-09-19,2018-06-01,school,2018,31,Brandywine School District,194,Concord High School,2018-02-01,277,3
2026-09-19,2018-06-01,school,2018,31,Brandywine School District,194,Concord High School,2018-03-01,277,3
2026-09-19,2018-06-01,school,2018,31,Brandywine School District,194,Concord High School,2018-04-01,277,1
2026-09-19,2018-06-01,school,2018,31,Brandywine School District,196,Mount Pleasant High School,2017-10-01,236,12
2026-09-19,2018-06-01,school,2018,31,Brandywine School District,196,Mount Pleasant High School,2017-11-01,236,6
2026-09-19,2018-06-01,school,2018,31,Brandywine School District,196,Mount Pleasant High School,2017-12-01,236,1
2026-09-19,2018-06-01,school,2018,31,Brandywine School District,196,Mount Pleasant High School,2018-01-01,236,3
2026-09-19,2018-06-01,school,2018,31,Brandywine School District,196,Mount Pleasant High School,2018-02-01,236,2
2026-09-19,2018-06-01,school,2018,10,Caesar Rodney School District,626,Caesar Rodney High School,2017-10-01,480,24
2026-09-19,2018-06-01,school,2018,10,Caesar Rodney School District,626,Caesar Rodney High School,2017-11-01,480,6
2026-09-19,2018-06-01,school,2018,10,Caesar Rodney School District,626,Caesar Rodney High School,2017-12-01,480,8
2026-09-19,2018-06-01,school,2018,10,Caesar Rodney School District,626,Caesar Rodney High School,2018-01-01,480,8
2026-09-19,2018-06-01,school,2018,10,Caesar Rodney School District,626,Caesar Rodney High School,2018-03-01,480,2
2026-09-19,2018-06-01,school,2018,10,Caesar Rodney School District,626,Caesar Rodney High School,2018-04-01,480,1
2026-09-19,2018-06-01,school,2018,10,Caesar Rodney School District,630,John S. Charlton School,NULL,46,0
2026-09-19,2018-06-01,school,2018,17,Cape Henlopen School District,726,Cape Henlopen High School,2017-10-01,337,10
2026-09-19,2018-06-01,school,2018,17,Cape Henlopen School District,726,Cape Henlopen High School,2017-11-01,337,6
2026-09-19,2018-06-01,school,2018,17,Cape Henlopen School District,726,Cape Henlopen High School,2017-12-01,337,2
2026-09-19,2018-06-01,school,2018,17,Cape Henlopen School District,726,Cape Henlopen High School,2018-01-01,337,3
2026-09-19,2018-06-01,school,2018,17,Cape Henlopen School District,726,Cape Henlopen High School,2018-02-01,337,2
2026-09-19,2018-06-01,school,2018,17,Cape Henlopen School District,728,Sussex Consortium,NULL,12,0
2026-09-19,2018-06-01,school,2018,13,Capital School District,648,Dover High School,2017-10-01,446,18
2026-09-19,2018-06-01,school,2018,13,Capital School District,648,Dover High School,2017-11-01,446,6
2026-09-19,2018-06-01,school,2018,13,Capital School District,648,Dover High School,2017-12-01,446,4
2026-09-19,2018-06-01,school,2018,13,Capital School District,648,Dover High School,2018-01-01,446,4
2026-09-19,2018-06-01,school,2018,13,Capital School District,648,Dover High School,2018-02-01,446,1
2026-09-19,2018-06-01,school,2018,13,Capital School District,648,Dover High School,2018-03-01,446,2
2026-09-19,2018-06-01,school,2018,13,Capital School District,650,Kent County Community School,NULL,19,0
2026-09-19,2018-06-01,school,2018,70,Charter School of Wilmington,295,Charter School of Wilmington,2017-10-01,232,16
2026-09-19,2018-06-01,school,2018,70,Charter School of Wilmington,295,Charter School of Wilmington,2017-11-01,232,8
2026-09-19,2018-06-01,school,2018,70,Charter School of Wilmington,295,Charter School of Wilmington,2017-12-01,232,6
2026-09-19,2018-06-01,school,2018,70,Charter School of Wilmington,295,Charter School of Wilmington,2018-01-01,232,2
2026-09-19,2018-06-01,school,2018,33,Christina School District,538,Brennen School (The),NULL,22,0
2026-09-19,2018-06-01,school,2018,33,Christina School District,390,Christiana High School,2017-10-01,161,5
2026-09-19,2018-06-01,school,2018,33,Christina School District,390,Christiana High School,2017-11-01,161,1
2026-09-19,2018-06-01,school,2018,33,Christina School District,390,Christiana High School,2017-12-01,161,1
2026-09-19,2018-06-01,school,2018,33,Christina School District,545,Christina Early Education Center,NULL,15,0
2026-09-19,2018-06-01,school,2018,33,Christina School District,540,Delaware School for the Deaf School (DSD),NULL,5,0
2026-09-19,2018-06-01,school,2018,33,Christina School District,537,Douglass School,NULL,14,0
2026-09-19,2018-06-01,school,2018,33,Christina School District,392,Glasgow High School,2017-10-01,220,4
2026-09-19,2018-06-01,school,2018,33,Christina School District,392,Glasgow High School,2017-11-01,220,5
2026-09-19,2018-06-01,school,2018,33,Christina School District,392,Glasgow High School,2018-01-01,220,2
2026-09-19,2018-06-01,school,2018,33,Christina School District,392,Glasgow High School,2018-02-01,220,2
2026-09-19,2018-06-01,school,2018,33,Christina School District,394,Newark High School,2017-10-01,298,9
2026-09-19,2018-06-01,school,2018,33,Christina School District,394,Newark High School,2017-11-01,298,5
2026-09-19,2018-06-01,school,2018,33,Christina School District,394,Newark High School,2017-12-01,298,4
2026-09-19,2018-06-01,school,2018,33,Christina School District,394,Newark High School,2018-01-01,298,5
2026-09-19,2018-06-01,school,2018,33,Christina School District,394,Newark High School,2018-02-01,298,2
2026-09-19,2018-06-01,school,2018,33,Christina School District,394,Newark High School,2018-03-01,298,3
2026-09-19,2018-06-01,school,2018,33,Christina School District,394,Newark High School,2018-04-01,298,4
2026-09-19,2018-06-01,school,2018,33,Christina School District,354,Pyle (Sarah) Academy,NULL,83,0
2026-09-19,2018-06-01,school,2018,34,Colonial School District,514,Leach (John G.) School,NULL,9,0
2026-09-19,2018-06-01,school,2018,34,Colonial School District,490,Penn (William) High School,2017-10-01,451,11
2026-09-19,2018-06-01,school,2018,34,Colonial School District,490,Penn (William) High School,2017-11-01,451,8
2026-09-19,2018-06-01,school,2018,34,Colonial School District,490,Penn (William) High School,2017-12-01,451,3
2026-09-19,2018-06-01,school,2018,34,Colonial School District,490,Penn (William) High School,2018-01-01,451,3
2026-09-19,2018-06-01,school,2018,34,Colonial School District,490,Penn (William) High School,2018-02-01,451,1
2026-09-19,2018-06-01,school,2018,34,Colonial School District,490,Penn (William) High School,2018-04-01,451,1
2026-09-19,2018-06-01,school,2018,34,Colonial School District,522,The Wallace Wallin School,NULL,55,0
2026-09-19,2018-06-01,school,2018,68,Delaware Academy of Public Safety and Security,567,Delaware Academy of Public Safety and Security,2017-10-01,46,1
2026-09-19,2018-06-01,school,2018,68,Delaware Academy of Public Safety and Security,567,Delaware Academy of Public Safety and Security,2017-12-01,46,2
2026-09-19,2018-06-01,school,2018,68,Delaware Academy of Public Safety and Security,567,Delaware Academy of Public Safety and Security,2018-02-01,46,1
2026-09-19,2018-06-01,school,2018,9609,Delaware Design-Lab High School,4065,Delaware Design-Lab High School,2017-11-01,49,3
2026-09-19,2018-06-01,school,2018,9609,Delaware Design-Lab High School,4065,Delaware Design-Lab High School,2017-12-01,49,1
2026-09-19,2018-06-01,school,2018,9609,Delaware Design-Lab High School,4065,Delaware Design-Lab High School,2018-01-01,49,2
2026-09-19,2018-06-01,school,2018,79,Delaware Military Academy,578,Delaware Military Academy,2017-10-01,142,12
2026-09-19,2018-06-01,school,2018,79,Delaware Military Academy,578,Delaware Military Academy,2017-11-01,142,1
2026-09-19,2018-06-01,school,2018,79,Delaware Military Academy,578,Delaware Military Academy,2017-12-01,142,2
2026-09-19,2018-06-01,school,2018,79,Delaware Military Academy,578,Delaware Military Academy,2018-01-01,142,1
2026-09-19,2018-06-01,school,2018,79,Delaware Military Academy,578,Delaware Military Academy,2018-03-01,142,1
2026-09-19,2018-06-01,school,2018,37,Delmar School District,730,Delmar High School,2017-10-01,150,3
2026-09-19,2018-06-01,school,2018,37,Delmar School District,730,Delmar High School,2017-11-01,150,3
2026-09-19,2018-06-01,school,2018,37,Delmar School District,730,Delmar High School,2017-12-01,150,1
2026-09-19,2018-06-01,school,2018,37,Delmar School District,730,Delmar High School,2018-01-01,150,2
2026-09-19,2018-06-01,school,2018,9604,Early College High School at Del State,4040,Early College High School at Del State,2017-10-01,71,5
2026-09-19,2018-06-01,school,2018,9604,Early College High School at Del State,4040,Early College High School at Del State,2017-11-01,71,1
2026-09-19,2018-06-01,school,2018,9604,Early College High School at Del State,4040,Early College High School at Del State,2018-01-01,71,2
2026-09-19,2018-06-01,school,2018,9604,Early College High School at Del State,4040,Early College High School at Del State,2018-02-01,71,2
2026-09-19,2018-06-01,school,2018,9607,First State Military Academy,4055,First State Military Academy,NULL,41,0
2026-09-19,2018-06-01,school,2018,36,Indian River School District,689,Carver (G.W.) Educational Center,NULL,9,0
2026-09-19,2018-06-01,school,2018,36,Indian River School District,750,Ennis (Howard T.) School,NULL,35,0
2026-09-19,2018-06-01,school,2018,36,Indian River School District,746,Indian River High School,2017-10-01,185,4
2026-09-19,2018-06-01,school,2018,36,Indian River School District,746,Indian River High School,2017-11-01,185,4
2026-09-19,2018-06-01,school,2018,36,Indian River School District,746,Indian River High School,2017-12-01,185,2
2026-09-19,2018-06-01,school,2018,36,Indian River School District,746,Indian River High School,2018-01-01,185,2
2026-09-19,2018-06-01,school,2018,36,Indian River School District,746,Indian River High School,2018-03-01,185,2
2026-09-19,2018-06-01,school,2018,36,Indian River School District,748,Sussex Central High School,2017-10-01,368,6
2026-09-19,2018-06-01,school,2018,36,Indian River School District,748,Sussex Central High School,2017-11-01,368,6
2026-09-19,2018-06-01,school,2018,36,Indian River School District,748,Sussex Central High School,2017-12-01,368,2
2026-09-19,2018-06-01,school,2018,36,Indian River School District,748,Sussex Central High School,2018-01-01,368,2
2026-09-19,2018-06-01,school,2018,36,Indian River School District,748,Sussex Central High School,2018-02-01,368,2
2026-09-19,2018-06-01,school,2018,36,Indian River School District,748,Sussex Central High School,2018-03-01,368,2
2026-09-19,2018-06-01,school,2018,15,Lake Forest School District,665,Lake Forest High School,2017-10-01,219,7
2026-09-19,2018-06-01,school,2018,15,Lake Forest School District,665,Lake Forest High School,2017-11-01,219,6
2026-09-19,2018-06-01,school,2018,15,Lake Forest School District,665,Lake Forest High School,2017-12-01,219,1
2026-09-19,2018-06-01,school,2018,15,Lake Forest School District,665,Lake Forest High School,2018-01-01,219,1
2026-09-19,2018-06-01,school,2018,15,Lake Forest School District,665,Lake Forest High School,2018-02-01,219,2
2026-09-19,2018-06-01,school,2018,15,Lake Forest School District,665,Lake Forest High School,2018-04-01,219,1
2026-09-19,2018-06-01,school,2018,16,Laurel School District,756,Laurel Senior High School,2017-11-01,112,2
2026-09-19,2018-06-01,school,2018,16,Laurel School District,756,Laurel Senior High School,2018-01-01,112,1
2026-09-19,2018-06-01,school,2018,18,Milford School District,678,Milford Senior High School,2017-10-01,207,8
2026-09-19,2018-06-01,school,2018,18,Milford School District,678,Milford Senior High School,2017-11-01,207,5
2026-09-19,2018-06-01,school,2018,18,Milford School District,678,Milford Senior High School,2017-12-01,207,4
2026-09-19,2018-06-01,school,2018,18,Milford School District,678,Milford Senior High School,2018-01-01,207,1
2026-09-19,2018-06-01,school,2018,18,Milford School District,678,Milford Senior High School,2018-02-01,207,1
2026-09-19,2018-06-01,school,2018,18,Milford School District,678,Milford Senior High School,2018-03-01,207,1
2026-09-19,2018-06-01,school,2018,88,MOT Charter School,587,MOT Charter School,2017-10-01,111,22
2026-09-19,2018-06-01,school,2018,88,MOT Charter School,587,MOT Charter School,2017-11-01,111,7
2026-09-19,2018-06-01,school,2018,88,MOT Charter School,587,MOT Charter School,2018-01-01,111,2
2026-09-19,2018-06-01,school,2018,88,MOT Charter School,587,MOT Charter School,2018-04-01,111,3
2026-09-19,2018-06-01,school,2018,38,New Castle County Vocational-Technical School District,80,Delcastle Technical High School,2017-10-01,376,3
2026-09-19,2018-06-01,school,2018,38,New Castle County Vocational-Technical School District,80,Delcastle Technical High School,2017-11-01,376,8
2026-09-19,2018-06-01,school,2018,38,New Castle County Vocational-Technical School District,80,Delcastle Technical High School,2017-12-01,376,6
2026-09-19,2018-06-01,school,2018,38,New Castle County Vocational-Technical School District,80,Delcastle Technical High School,2018-01-01,376,2
2026-09-19,2018-06-01,school,2018,38,New Castle County Vocational-Technical School District,80,Delcastle Technical High School,2018-02-01,376,1
2026-09-19,2018-06-01,school,2018,38,New Castle County Vocational-Technical School District,80,Delcastle Technical High School,2018-03-01,376,1
2026-09-19,2018-06-01,school,2018,38,New Castle County Vocational-Technical School District,80,Delcastle Technical High School,2018-04-01,376,2
2026-09-19,2018-06-01,school,2018,38,New Castle County Vocational-Technical School District,66,Hodgson (Paul M.) Vocational Technical High School,2017-10-01,273,4
2026-09-19,2018-06-01,school,2018,38,New Castle County Vocational-Technical School District,66,Hodgson (Paul M.) Vocational Technical High School,2017-11-01,273,7
2026-09-19,2018-06-01,school,2018,38,New Castle County Vocational-Technical School District,66,Hodgson (Paul M.) Vocational Technical High School,2017-12-01,273,3
2026-09-19,2018-06-01,school,2018,38,New Castle County Vocational-Technical School District,66,Hodgson (Paul M.) Vocational Technical High School,2018-01-01,273,1
2026-09-19,2018-06-01,school,2018,38,New Castle County Vocational-Technical School District,66,Hodgson (Paul M.) Vocational Technical High School,2018-02-01,273,1
2026-09-19,2018-06-01,school,2018,38,New Castle County Vocational-Technical School District,66,Hodgson (Paul M.) Vocational Technical High School,2018-03-01,273,1
2026-09-19,2018-06-01,school,2018,38,New Castle County Vocational-Technical School District,66,Hodgson (Paul M.) Vocational Technical High School,2018-04-01,273,1
2026-09-19,2018-06-01,school,2018,38,New Castle County Vocational-Technical School District,26,Howard High School of Technology,2017-10-01,212,61
2026-09-19,2018-06-01,school,2018,38,New Castle County Vocational-Technical School District,26,Howard High School of Technology,2017-11-01,212,4
2026-09-19,2018-06-01,school,2018,38,New Castle County Vocational-Technical School District,26,Howard High School of Technology,2017-12-01,212,1
2026-09-19,2018-06-01,school,2018,38,New Castle County Vocational-Technical School District,26,Howard High School of Technology,2018-01-01,212,3
2026-09-19,2018-06-01,school,2018,38,New Castle County Vocational-Technical School District,26,Howard High School of Technology,2018-03-01,212,1
2026-09-19,2018-06-01,school,2018,38,New Castle County Vocational-Technical School District,26,Howard High School of Technology,2018-04-01,212,2
2026-09-19,2018-06-01,school,2018,38,New Castle County Vocational-Technical School District,44,St. Georges Technical High School,2017-10-01,274,13
2026-09-19,2018-06-01,school,2018,38,New Castle County Vocational-Technical School District,44,St. Georges Technical High School,2017-11-01,274,16
2026-09-19,2018-06-01,school,2018,38,New Castle County Vocational-Technical School District,44,St. Georges Technical High School,2017-12-01,274,8
2026-09-19,2018-06-01,school,2018,38,New Castle County Vocational-Technical School District,44,St. Georges Technical High School,2018-01-01,274,3
2026-09-19,2018-06-01,school,2018,38,New Castle County Vocational-Technical School District,44,St. Georges Technical High School,2018-03-01,274,1
2026-09-19,2018-06-01,school,2018,89,Newark Charter School,588,Newark Charter School,2017-10-01,156,20
2026-09-19,2018-06-01,school,2018,89,Newark Charter School,588,Newark Charter School,2017-11-01,156,12
2026-09-19,2018-06-01,school,2018,89,Newark Charter School,588,Newark Charter School,2017-12-01,156,1
2026-09-19,2018-06-01,school,2018,89,Newark Charter School,588,Newark Charter School,2018-01-01,156,2
2026-09-19,2018-06-01,school,2018,89,Newark Charter School,588,Newark Charter School,2018-03-01,156,1
2026-09-19,2018-06-01,school,2018,39,POLYTECH School District,652,POLYTECH High School,2017-10-01,267,10
2026-09-19,2018-06-01,school,2018,39,POLYTECH School District,652,POLYTECH High School,2017-11-01,267,6
2026-09-19,2018-06-01,school,2018,39,POLYTECH School District,652,POLYTECH High School,2017-12-01,267,4
2026-09-19,2018-06-01,school,2018,39,POLYTECH School District,652,POLYTECH High School,2018-01-01,267,4
2026-09-19,2018-06-01,school,2018,39,POLYTECH School District,652,POLYTECH High School,2018-02-01,267,2
2026-09-19,2018-06-01,school,2018,39,POLYTECH School District,652,POLYTECH High School,2018-04-01,267,1
2026-09-19,2018-06-01,school,2018,71,Positive Outcomes Charter School,570,Positive Outcomes Charter School,NULL,19,0
2026-09-19,2018-06-01,school,2018,32,Red Clay Consolidated School District,286,Calloway (Cab) School of the Arts,2017-10-01,124,10
2026-09-19,2018-06-01,school,2018,32,Red Clay Consolidated School District,286,Calloway (Cab) School of the Arts,2017-11-01,124,10
2026-09-19,2018-06-01,school,2018,32,Red Clay Consolidated School District,286,Calloway (Cab) School of the Arts,2017-12-01,124,1
2026-09-19,2018-06-01,school,2018,32,Red Clay Consolidated School District,286,Calloway (Cab) School of the Arts,2018-01-01,124,3
2026-09-19,2018-06-01,school,2018,32,Red Clay Consolidated School District,284,Conrad Schools of Science,2017-10-01,164,12
2026-09-19,2018-06-01,school,2018,32,Red Clay Consolidated School District,284,Conrad Schools of Science,2017-11-01,164,4
2026-09-19,2018-06-01,school,2018,32,Red Clay Consolidated School District,284,Conrad Schools of Science,2017-12-01,164,1
2026-09-19,2018-06-01,school,2018,32,Red Clay Consolidated School District,284,Conrad Schools of Science,2018-01-01,164,1
2026-09-19,2018-06-01,school,2018,32,Red Clay Consolidated School District,284,Conrad Schools of Science,2018-02-01,164,1
2026-09-19,2018-06-01,school,2018,32,Red Clay Consolidated School District,284,Conrad Schools of Science,2018-03-01,164,1
2026-09-19,2018-06-01,school,2018,32,Red Clay Consolidated School District,284,Conrad Schools of Science,2018-04-01,164,1
2026-09-19,2018-06-01,school,2018,32,Red Clay Consolidated School District,290,Dickinson (John) High School,2017-10-01,121,7
2026-09-19,2018-06-01,school,2018,32,Red Clay Consolidated School District,290,Dickinson (John) High School,2017-11-01,121,3
2026-09-19,2018-06-01,school,2018,32,Red Clay Consolidated School District,290,Dickinson (John) High School,2017-12-01,121,2
2026-09-19,2018-06-01,school,2018,32,Red Clay Consolidated School District,290,Dickinson (John) High School,2018-01-01,121,1
2026-09-19,2018-06-01,school,2018,32,Red Clay Consolidated School District,290,Dickinson (John) High School,2018-02-01,121,1
2026-09-19,2018-06-01,school,2018,32,Red Clay Consolidated School District,292,duPont (Alexis I.) High School,2017-10-01,273,10
2026-09-19,2018-06-01,school,2018,32,Red Clay Consolidated School District,292,duPont (Alexis I.) High School,2017-11-01,273,7
2026-09-19,2018-06-01,school,2018,32,Red Clay Consolidated School District,292,duPont (Alexis I.) High School,2017-12-01,273,3
2026-09-19,2018-06-01,school,2018,32,Red Clay Consolidated School District,292,duPont (Alexis I.) High School,2018-01-01,273,1
2026-09-19,2018-06-01,school,2018,32,Red Clay Consolidated School District,292,duPont (Alexis I.) High School,2018-02-01,273,2
2026-09-19,2018-06-01,school,2018,32,Red Clay Consolidated School District,292,duPont (Alexis I.) High School,2018-04-01,273,2
2026-09-19,2018-06-01,school,2018,32,Red Clay Consolidated School District,530,First State School,NULL,6,0
2026-09-19,2018-06-01,school,2018,32,Red Clay Consolidated School District,294,McKean (Thomas) High School,2017-10-01,213,1
2026-09-19,2018-06-01,school,2018,32,Red Clay Consolidated School District,294,McKean (Thomas) High School,2017-11-01,213,3
2026-09-19,2018-06-01,school,2018,32,Red Clay Consolidated School District,294,McKean (Thomas) High School,2017-12-01,213,1
2026-09-19,2018-06-01,school,2018,32,Red Clay Consolidated School District,294,McKean (Thomas) High School,2018-01-01,213,1
2026-09-19,2018-06-01,school,2018,32,Red Clay Consolidated School District,516,Meadowood Program,NULL,40,0
2026-09-19,2018-06-01,school,2018,23,Seaford School District,766,Seaford Senior High School,2017-10-01,188,5
2026-09-19,2018-06-01,school,2018,23,Seaford School District,766,Seaford Senior High School,2017-11-01,188,4
2026-09-19,2018-06-01,school,2018,23,Seaford School District,766,Seaford Senior High School,2018-01-01,188,3
2026-09-19,2018-06-01,school,2018,23,Seaford School District,766,Seaford Senior High School,2018-02-01,188,1
2026-09-19,2018-06-01,school,2018,24,Smyrna School District,688,Smyrna High School,2017-10-01,373,14
2026-09-19,2018-06-01,school,2018,24,Smyrna School District,688,Smyrna High School,2017-11-01,373,7
2026-09-19,2018-06-01,school,2018,24,Smyrna School District,688,Smyrna High School,2017-12-01,373,2
2026-09-19,2018-06-01,school,2018,24,Smyrna School District,688,Smyrna High School,2018-01-01,373,5
2026-09-19,2018-06-01,school,2018,24,Smyrna School District,688,Smyrna High School,2018-03-01,373,1
2026-09-19,2018-06-01,school,2018,24,Smyrna School District,688,Smyrna High School,2018-04-01,373,1
2026-09-19,2018-06-01,school,2018,77,Sussex Academy,576,Sussex Academy of Arts and Sciences,2017-10-01,58,5
2026-09-19,2018-06-01,school,2018,77,Sussex Academy,576,Sussex Academy of Arts and Sciences,2017-11-01,58,3
2026-09-19,2018-06-01,school,2018,77,Sussex Academy,576,Sussex Academy of Arts and Sciences,2017-12-01,58,1
2026-09-19,2018-06-01,school,2018,77,Sussex Academy,576,Sussex Academy of Arts and Sciences,2018-01-01,58,1
2026-09-19,2018-06-01,school,2018,77,Sussex Academy,576,Sussex Academy of Arts and Sciences,2018-03-01,58,1
2026-09-19,2018-06-01,school,2018,40,Sussex Technical School District,770,Sussex Technical High School,2017-10-01,352,24
2026-09-19,2018-06-01,school,2018,40,Sussex Technical School District,770,Sussex Technical High School,2017-11-01,352,2
2026-09-19,2018-06-01,school,2018,40,Sussex Technical School District,770,Sussex Technical High School,2017-12-01,352,9
2026-09-19,2018-06-01,school,2018,40,Sussex Technical School District,770,Sussex Technical High School,2018-01-01,352,3
2026-09-19,2018-06-01,school,2018,40,Sussex Technical School District,770,Sussex Technical High School,2018-02-01,352,2
2026-09-19,2018-06-01,school,2018,40,Sussex Technical School District,770,Sussex Technical High School,2018-03-01,352,4
2026-09-19,2018-06-01,school,2018,35,Woodbridge School District,780,Woodbridge High School,2017-10-01,123,2
2026-09-19,2018-06-01,school,2018,35,Woodbridge School District,780,Woodbridge High School,2017-11-01,123,3
2026-09-19,2018-06-01,school,2018,35,Woodbridge School District,780,Woodbridge High School,2018-01-01,123,2
2026-09-19,2018-06-01,school,2018,35,Woodbridge School District,780,Woodbridge High School,2018-03-01,123,1
2026-09-19,2018-06-01,lea,2018,29,Appoquinimink School District,All Schools,All Schools,2017-10-01,764,43
2026-09-19,2018-06-01,lea,2018,29,Appoquinimink School District,All Schools,All Schools,2017-11-01,764,13
2026-09-19,2018-06-01,lea,2018,29,Appoquinimink School District,All Schools,All Schools,2017-12-01,764,8
2026-09-19,2018-06-01,lea,2018,29,Appoquinimink School District,All Schools,All Schools,2018-01-01,764,9
2026-09-19,2018-06-01,lea,2018,29,Appoquinimink School District,All Schools,All Schools,2018-03-01,764,4
2026-09-19,2018-06-01,lea,2018,29,Appoquinimink School District,All Schools,All Schools,2018-04-01,764,4
2026-09-19,2018-06-01,lea,2018,31,Brandywine School District,All Schools,All Schools,2017-10-01,708,23
2026-09-19,2018-06-01,lea,2018,31,Brandywine School District,All Schools,All Schools,2017-11-01,708,16
2026-09-19,2018-06-01,lea,2018,31,Brandywine School District,All Schools,All Schools,2017-12-01,708,6
2026-09-19,2018-06-01,lea,2018,31,Brandywine School District,All Schools,All Schools,2018-01-01,708,10
2026-09-19,2018-06-01,lea,2018,31,Brandywine School District,All Schools,All Schools,2018-02-01,708,7
2026-09-19,2018-06-01,lea,2018,31,Brandywine School District,All Schools,All Schools,2018-03-01,708,4
2026-09-19,2018-06-01,lea,2018,31,Brandywine School District,All Schools,All Schools,2018-04-01,708,1
2026-09-19,2018-06-01,lea,2018,10,Caesar Rodney School District,All Schools,All Schools,2017-10-01,526,24
2026-09-19,2018-06-01,lea,2018,10,Caesar Rodney School District,All Schools,All Schools,2017-11-01,526,6
2026-09-19,2018-06-01,lea,2018,10,Caesar Rodney School District,All Schools,All Schools,2017-12-01,526,8
2026-09-19,2018-06-01,lea,2018,10,Caesar Rodney School District,All Schools,All Schools,2018-01-01,526,8
2026-09-19,2018-06-01,lea,2018,10,Caesar Rodney School District,All Schools,All Schools,2018-03-01,526,2
2026-09-19,2018-06-01,lea,2018,10,Caesar Rodney School District,All Schools,All Schools,2018-04-01,526,1
2026-09-19,2018-06-01,lea,2018,17,Cape Henlopen School District,All Schools,All Schools,2017-10-01,349,10
2026-09-19,2018-06-01,lea,2018,17,Cape Henlopen School District,All Schools,All Schools,2017-11-01,349,6
2026-09-19,2018-06-01,lea,2018,17,Cape Henlopen School District,All Schools,All Schools,2017-12-01,349,2
2026-09-19,2018-06-01,lea,2018,17,Cape Henlopen School District,All Schools,All Schools,2018-01-01,349,3
2026-09-19,2018-06-01,lea,2018,17,Cape Henlopen School District,All Schools,All Schools,2018-02-01,349,2
2026-09-19,2018-06-01,lea,2018,13,Capital School District,All Schools,All Schools,2017-10-01,465,18
2026-09-19,2018-06-01,lea,2018,13,Capital School District,All Schools,All Schools,2017-11-01,465,6
2026-09-19,2018-06-01,lea,2018,13,Capital School District,All Schools,All Schools,2017-12-01,465,4
2026-09-19,2018-06-01,lea,2018,13,Capital School District,All Schools,All Schools,2018-01-01,465,4
2026-09-19,2018-06-01,lea,2018,13,Capital School District,All Schools,All Schools,2018-02-01,465,1
2026-09-19,2018-06-01,lea,2018,13,Capital School District,All Schools,All Schools,2018-03-01,465,2
2026-09-19,2018-06-01,lea,2018,70,Charter School of Wilmington,All Schools,All Schools,2017-10-01,232,16
2026-09-19,2018-06-01,lea,2018,70,Charter School of Wilmington,All Schools,All Schools,2017-11-01,232,8
2026-09-19,2018-06-01,lea,2018,70,Charter School of Wilmington,All Schools,All Schools,2017-12-01,232,6
2026-09-19,2018-06-01,lea,2018,70,Charter School of Wilmington,All Schools,All Schools,2018-01-01,232,2
2026-09-19,2018-06-01,lea,2018,33,Christina School District,All Schools,All Schools,2017-10-01,818,18
2026-09-19,2018-06-01,lea,2018,33,Christina School District,All Schools,All Schools,2017-11-01,818,11
2026-09-19,2018-06-01,lea,2018,33,Christina School District,All Schools,All Schools,2017-12-01,818,5
2026-09-19,2018-06-01,lea,2018,33,Christina School District,All Schools,All Schools,2018-01-01,818,7
2026-09-19,2018-06-01,lea,2018,33,Christina School District,All Schools,All Schools,2018-02-01,818,4
2026-09-19,2018-06-01,lea,2018,33,Christina School District,All Schools,All Schools,2018-03-01,818,3
2026-09-19,2018-06-01,lea,2018,33,Christina School District,All Schools,All Schools,2018-04-01,818,4
2026-09-19,2018-06-01,lea,2018,34,Colonial School District,All Schools,All Schools,2017-10-01,515,11
2026-09-19,2018-06-01,lea,2018,34,Colonial School District,All Schools,All Schools,2017-11-01,515,8
2026-09-19,2018-06-01,lea,2018,34,Colonial School District,All Schools,All Schools,2017-12-01,515,3
2026-09-19,2018-06-01,lea,2018,34,Colonial School District,All Schools,All Schools,2018-01-01,515,3
2026-09-19,2018-06-01,lea,2018,34,Colonial School District,All Schools,All Schools,2018-02-01,515,1
2026-09-19,2018-06-01,lea,2018,34,Colonial School District,All Schools,All Schools,2018-04-01,515,1
2026-09-19,2018-06-01,lea,2018,68,Delaware Academy of Public Safety and Security,All Schools,All Schools,2017-10-01,46,1
2026-09-19,2018-06-01,lea,2018,68,Delaware Academy of Public Safety and Security,All Schools,All Schools,2017-12-01,46,2
2026-09-19,2018-06-01,lea,2018,68,Delaware Academy of Public Safety and Security,All Schools,All Schools,2018-02-01,46,1
2026-09-19,2018-06-01,lea,2018,9609,Delaware Design-Lab High School,All Schools,All Schools,2017-11-01,49,3
2026-09-19,2018-06-01,lea,2018,9609,Delaware Design-Lab High School,All Schools,All Schools,2017-12-01,49,1
2026-09-19,2018-06-01,lea,2018,9609,Delaware Design-Lab High School,All Schools,All Schools,2018-01-01,49,2
2026-09-19,2018-06-01,lea,2018,79,Delaware Military Academy,All Schools,All Schools,2017-10-01,142,12
2026-09-19,2018-06-01,lea,2018,79,Delaware Military Academy,All Schools,All Schools,2017-11-01,142,1
2026-09-19,2018-06-01,lea,2018,79,Delaware Military Academy,All Schools,All Schools,2017-12-01,142,2
2026-09-19,2018-06-01,lea,2018,79,Delaware Military Academy,All Schools,All Schools,2018-01-01,142,1
2026-09-19,2018-06-01,lea,2018,79,Delaware Military Academy,All Schools,All Schools,2018-03-01,142,1
2026-09-19,2018-06-01,lea,2018,37,Delmar School District,All Schools,All Schools,2017-10-01,150,3
2026-09-19,2018-06-01,lea,2018,37,Delmar School District,All Schools,All Schools,2017-11-01,150,3
2026-09-19,2018-06-01,lea,2018,37,Delmar School District,All Schools,All Schools,2017-12-01,150,1
2026-09-19,2018-06-01,lea,2018,37,Delmar School District,All Schools,All Schools,2018-01-01,150,2
2026-09-19,2018-06-01,lea,2018,9604,Early College High School at Del State,All Schools,All Schools,2017-10-01,71,5
2026-09-19,2018-06-01,lea,2018,9604,Early College High School at Del State,All Schools,All Schools,2017-11-01,71,1
2026-09-19,2018-06-01,lea,2018,9604,Early College High School at Del State,All Schools,All Schools,2018-01-01,71,2
2026-09-19,2018-06-01,lea,2018,9604,Early College High School at Del State,All Schools,All Schools,2018-02-01,71,2
2026-09-19,2018-06-01,lea,2018,9607,First State Military Academy,All Schools,All Schools,NULL,41,0
2026-09-19,2018-06-01,lea,2018,36,Indian River School District,All Schools,All Schools,2017-10-01,597,10
2026-09-19,2018-06-01,lea,2018,36,Indian River School District,All Schools,All Schools,2017-11-01,597,10
2026-09-19,2018-06-01,lea,2018,36,Indian River School District,All Schools,All Schools,2017-12-01,597,4
2026-09-19,2018-06-01,lea,2018,36,Indian River School District,All Schools,All Schools,2018-01-01,597,4
2026-09-19,2018-06-01,lea,2018,36,Indian River School District,All Schools,All Schools,2018-02-01,597,2
2026-09-19,2018-06-01,lea,2018,36,Indian River School District,All Schools,All Schools,2018-03-01,597,4
2026-09-19,2018-06-01,lea,2018,15,Lake Forest School District,All Schools,All Schools,2017-10-01,219,7
2026-09-19,2018-06-01,lea,2018,15,Lake Forest School District,All Schools,All Schools,2017-11-01,219,6
2026-09-19,2018-06-01,lea,2018,15,Lake Forest School District,All Schools,All Schools,2017-12-01,219,1
2026-09-19,2018-06-01,lea,2018,15,Lake Forest School District,All Schools,All Schools,2018-01-01,219,1
2026-09-19,2018-06-01,lea,2018,15,Lake Forest School District,All Schools,All Schools,2018-02-01,219,2
2026-09-19,2018-06-01,lea,2018,15,Lake Forest School District,All Schools,All Schools,2018-04-01,219,1
2026-09-19,2018-06-01,lea,2018,16,Laurel School District,All Schools,All Schools,2017-11-01,112,2
2026-09-19,2018-06-01,lea,2018,16,Laurel School District,All Schools,All Schools,2018-01-01,112,1
2026-09-19,2018-06-01,lea,2018,18,Milford School District,All Schools,All Schools,2017-10-01,207,8
2026-09-19,2018-06-01,lea,2018,18,Milford School District,All Schools,All Schools,2017-11-01,207,5
2026-09-19,2018-06-01,lea,2018,18,Milford School District,All Schools,All Schools,2017-12-01,207,4
2026-09-19,2018-06-01,lea,2018,18,Milford School District,All Schools,All Schools,2018-01-01,207,1
2026-09-19,2018-06-01,lea,2018,18,Milford School District,All Schools,All Schools,2018-02-01,207,1
2026-09-19,2018-06-01,lea,2018,18,Milford School District,All Schools,All Schools,2018-03-01,207,1
2026-09-19,2018-06-01,lea,2018,88,MOT Charter School,All Schools,All Schools,2017-10-01,111,22
2026-09-19,2018-06-01,lea,2018,88,MOT Charter School,All Schools,All Schools,2017-11-01,111,7
2026-09-19,2018-06-01,lea,2018,88,MOT Charter School,All Schools,All Schools,2018-01-01,111,2
2026-09-19,2018-06-01,lea,2018,88,MOT Charter School,All Schools,All Schools,2018-04-01,111,3
2026-09-19,2018-06-01,lea,2018,38,New Castle County Vocational-Technical School District,All Schools,All Schools,2017-10-01,1135,81
2026-09-19,2018-06-01,lea,2018,38,New Castle County Vocational-Technical School District,All Schools,All Schools,2017-11-01,1135,35
2026-09-19,2018-06-01,lea,2018,38,New Castle County Vocational-Technical School District,All Schools,All Schools,2017-12-01,1135,18
2026-09-19,2018-06-01,lea,2018,38,New Castle County Vocational-Technical School District,All Schools,All Schools,2018-01-01,1135,9
2026-09-19,2018-06-01,lea,2018,38,New Castle County Vocational-Technical School District,All Schools,All Schools,2018-02-01,1135,2
2026-09-19,2018-06-01,lea,2018,38,New Castle County Vocational-Technical School District,All Schools,All Schools,2018-03-01,1135,4
2026-09-19,2018-06-01,lea,2018,38,New Castle County Vocational-Technical School District,All Schools,All Schools,2018-04-01,1135,5
2026-09-19,2018-06-01,lea,2018,89,Newark Charter School,All Schools,All Schools,2017-10-01,156,20
2026-09-19,2018-06-01,lea,2018,89,Newark Charter School,All Schools,All Schools,2017-11-01,156,12
2026-09-19,2018-06-01,lea,2018,89,Newark Charter School,All Schools,All Schools,2017-12-01,156,1
2026-09-19,2018-06-01,lea,2018,89,Newark Charter School,All Schools,All Schools,2018-01-01,156,2
2026-09-19,2018-06-01,lea,2018,89,Newark Charter School,All Schools,All Schools,2018-03-01,156,1
2026-09-19,2018-06-01,lea,2018,39,POLYTECH School District,All Schools,All Schools,2017-10-01,267,10
2026-09-19,2018-06-01,lea,2018,39,POLYTECH School District,All Schools,All Schools,2017-11-01,267,6
2026-09-19,2018-06-01,lea,2018,39,POLYTECH School District,All Schools,All Schools,2017-12-01,267,4
2026-09-19,2018-06-01,lea,2018,39,POLYTECH School District,All Schools,All Schools,2018-01-01,267,4
2026-09-19,2018-06-01,lea,2018,39,POLYTECH School District,All Schools,All Schools,2018-02-01,267,2
2026-09-19,2018-06-01,lea,2018,39,POLYTECH School District,All Schools,All Schools,2018-04-01,267,1
2026-09-19,2018-06-01,lea,2018,71,Positive Outcomes Charter School,All Schools,All Schools,NULL,19,0
2026-09-19,2018-06-01,lea,2018,32,Red Clay Consolidated School District,All Schools,All Schools,2017-10-01,941,40
2026-09-19,2018-06-01,lea,2018,32,Red Clay Consolidated School District,All Schools,All Schools,2017-11-01,941,27
2026-09-19,2018-06-01,lea,2018,32,Red Clay Consolidated School District,All Schools,All Schools,2017-12-01,941,8
2026-09-19,2018-06-01,lea,2018,32,Red Clay Consolidated School District,All Schools,All Schools,2018-01-01,941,7
2026-09-19,2018-06-01,lea,2018,32,Red Clay Consolidated School District,All Schools,All Schools,2018-02-01,941,4
2026-09-19,2018-06-01,lea,2018,32,Red Clay Consolidated School District,All Schools,All Schools,2018-03-01,941,1
2026-09-19,2018-06-01,lea,2018,32,Red Clay Consolidated School District,All Schools,All Schools,2018-04-01,941,3
2026-09-19,2018-06-01,lea,2018,23,Seaford School District,All Schools,All Schools,2017-10-01,188,5
2026-09-19,2018-06-01,lea,2018,23,Seaford School District,All Schools,All Schools,2017-11-01,188,4
2026-09-19,2018-06-01,lea,2018,23,Seaford School District,All Schools,All Schools,2018-01-01,188,3
2026-09-19,2018-06-01,lea,2018,23,Seaford School District,All Schools,All Schools,2018-02-01,188,1
2026-09-19,2018-06-01,lea,2018,24,Smyrna School District,All Schools,All Schools,2017-10-01,373,14
2026-09-19,2018-06-01,lea,2018,24,Smyrna School District,All Schools,All Schools,2017-11-01,373,7
2026-09-19,2018-06-01,lea,2018,24,Smyrna School District,All Schools,All Schools,2017-12-01,373,2
2026-09-19,2018-06-01,lea,2018,24,Smyrna School District,All Schools,All Schools,2018-01-01,373,5
2026-09-19,2018-06-01,lea,2018,24,Smyrna School District,All Schools,All Schools,2018-03-01,373,1
2026-09-19,2018-06-01,lea,2018,24,Smyrna School District,All Schools,All Schools,2018-04-01,373,1
2026-09-19,2018-06-01,lea,2018,77,Sussex Academy,All Schools,All Schools,2017-10-01,58,5
2026-09-19,2018-06-01,lea,2018,77,Sussex Academy,All Schools,All Schools,2017-11-01,58,3
2026-09-19,2018-06-01,lea,2018,77,Sussex Academy,All Schools,All Schools,2017-12-01,58,1
2026-09-19,2018-06-01,lea,2018,77,Sussex Academy,All Schools,All Schools,2018-01-01,58,1
2026-09-19,2018-06-01,lea,2018,77,Sussex Academy,All Schools,All Schools,2018-03-01,58,1
2026-09-19,2018-06-01,lea,2018,40,Sussex Technical School District,All Schools,All Schools,2017-10-01,352,24
2026-09-19,2018-06-01,lea,2018,40,Sussex Technical School District,All Schools,All Schools,2017-11-01,352,2
2026-09-19,2018-06-01,lea,2018,40,Sussex Technical School District,All Schools,All Schools,2017-12-01,352,9
2026-09-19,2018-06-01,lea,2018,40,Sussex Technical School District,All Schools,All Schools,2018-01-01,352,3
2026-09-19,2018-06-01,lea,2018,40,Sussex Technical School District,All Schools,All Schools,2018-02-01,352,2
2026-09-19,2018-06-01,lea,2018,40,Sussex Technical School District,All Schools,All Schools,2018-03-01,352,4
2026-09-19,2018-06-01,lea,2018,35,Woodbridge School District,All Schools,All Schools,2017-10-01,123,2
2026-09-19,2018-06-01,lea,2018,35,Woodbridge School District,All Schools,All Schools,2017-11-01,123,3
2026-09-19,2018-06-01,lea,2018,35,Woodbridge School District,All Schools,All Schools,2018-01-01,123,2
2026-09-19,2018-06-01,lea,2018,35,Woodbridge School District,All Schools,All Schools,2018-03-01,123,1
2026-09-19,2018-06-01,state,2018,All LEAs,All LEAs,All Schools,All Schools,2017-10-01,9734,432
2026-09-19,2018-06-01,state,2018,All LEAs,All LEAs,All Schools,All Schools,2017-11-01,9734,211
2026-09-19,2018-06-01,state,2018,All LEAs,All LEAs,All Schools,All Schools,2017-12-01,9734,100
2026-09-19,2018-06-01,state,2018,All LEAs,All LEAs,All Schools,All Schools,2018-01-01,9734,98
2026-09-19,2018-06-01,state,2018,All LEAs,All LEAs,All Schools,All Schools,2018-02-01,9734,34
2026-09-19,2018-06-01,state,2018,All LEAs,All LEAs,All Schools,All Schools,2018-03-01,9734,34
2026-09-19,2018-06-01,state,2018,All LEAs,All LEAs,All Schools,All Schools,2018-04-01,9734,25
2026-09-19,2017-06-01,school,2017,29,Appoquinimink School District,24,Appoquinimink High School,2016-10-01,402,28
2026-09-19,2017-06-01,school,2017,29,Appoquinimink School District,24,Appoquinimink High School,2016-11-01,402,13
2026-09-19,2017-06-01,school,2017,29,Appoquinimink School District,24,Appoquinimink High School,2016-12-01,402,6
2026-09-19,2017-06-01,school,2017,29,Appoquinimink School District,24,Appoquinimink High School,2017-01-01,402,4
2026-09-19,2017-06-01,school,2017,29,Appoquinimink School District,24,Appoquinimink High School,2017-02-01,402,5
2026-09-19,2017-06-01,school,2017,29,Appoquinimink School District,24,Appoquinimink High School,2017-03-01,402,3
2026-09-19,2017-06-01,school,2017,29,Appoquinimink School District,18,Middletown High School,2016-10-01,382,19
2026-09-19,2017-06-01,school,2017,29,Appoquinimink School District,18,Middletown High School,2016-11-01,382,10
2026-09-19,2017-06-01,school,2017,29,Appoquinimink School District,18,Middletown High School,2016-12-01,382,3
2026-09-19,2017-06-01,school,2017,29,Appoquinimink School District,18,Middletown High School,2017-01-01,382,3
2026-09-19,2017-06-01,school,2017,29,Appoquinimink School District,18,Middletown High School,2017-02-01,382,4
2026-09-19,2017-06-01,school,2017,29,Appoquinimink School District,18,Middletown High School,2017-03-01,382,4
2026-09-19,2017-06-01,school,2017,29,Appoquinimink School District,18,Middletown High School,2017-04-01,382,2
2026-09-19,2017-06-01,school,2017,31,Brandywine School District,190,Brandywine High School,2016-10-01,166,5
2026-09-19,2017-06-01,school,2017,31,Brandywine School District,190,Brandywine High School,2016-11-01,166,6
2026-09-19,2017-06-01,school,2017,31,Brandywine School District,190,Brandywine High School,2017-01-01,166,1
2026-09-19,2017-06-01,school,2017,31,Brandywine School District,190,Brandywine High School,2017-03-01,166,1
2026-09-19,2017-06-01,school,2017,31,Brandywine School District,190,Brandywine High School,2017-04-01,166,1
2026-09-19,2017-06-01,school,2017,31,Brandywine School District,194,Concord High School,2016-10-01,233,11
2026-09-19,2017-06-01,school,2017,31,Brandywine School District,194,Concord High School,2016-11-01,233,10
2026-09-19,2017-06-01,school,2017,31,Brandywine School District,194,Concord High School,2016-12-01,233,4
2026-09-19,2017-06-01,school,2017,31,Brandywine School District,194,Concord High School,2017-01-01,233,5
2026-09-19,2017-06-01,school,2017,31,Brandywine School District,194,Concord High School,2017-02-01,233,2
2026-09-19,2017-06-01,school,2017,31,Brandywine School District,194,Concord High School,2017-03-01,233,1
2026-09-19,2017-06-01,school,2017,31,Brandywine School District,196,Mount Pleasant High School,2016-10-01,291,20
2026-09-19,2017-06-01,school,2017,31,Brandywine School District,196,Mount Pleasant High School,2016-11-01,291,6
2026-09-19,2017-06-01,school,2017,31,Brandywine School District,196,Mount Pleasant High School,2016-12-01,291,2
2026-09-19,2017-06-01,school,2017,31,Brandywine School District,196,Mount Pleasant High School,2017-01-01,291,4
2026-09-19,2017-06-01,school,2017,31,Brandywine School District,196,Mount Pleasant High School,2017-02-01,291,2
2026-09-19,2017-06-01,school,2017,10,Caesar Rodney School District,626,Caesar Rodney High School,2016-10-01,510,21
2026-09-19,2017-06-01,school,2017,10,Caesar Rodney School District,626,Caesar Rodney High School,2016-11-01,510,12
2026-09-19,2017-06-01,school,2017,10,Caesar Rodney School District,626,Caesar Rodney High School,2016-12-01,510,5
2026-09-19,2017-06-01,school,2017,10,Caesar Rodney School District,626,Caesar Rodney High School,2017-01-01,510,8
2026-09-19,2017-06-01,school,2017,10,Caesar Rodney School District,626,Caesar Rodney High School,2017-02-01,510,7
2026-09-19,2017-06-01,school,2017,10,Caesar Rodney School District,626,Caesar Rodney High School,2017-03-01,510,6
2026-09-19,2017-06-01,school,2017,10,Caesar Rodney School District,626,Caesar Rodney High School,2017-04-01,510,2
2026-09-19,2017-06-01,school,2017,10,Caesar Rodney School District,630,John S. Charlton School,NULL,36,0
2026-09-19,2017-06-01,school,2017,17,Cape Henlopen School District,726,Cape Henlopen High School,2016-10-01,294,11
2026-09-19,2017-06-01,school,2017,17,Cape Henlopen School District,726,Cape Henlopen High School,2016-11-01,294,7
2026-09-19,2017-06-01,school,2017,17,Cape Henlopen School District,726,Cape Henlopen High School,2016-12-01,294,5
2026-09-19,2017-06-01,school,2017,17,Cape Henlopen School District,726,Cape Henlopen High School,2017-02-01,294,2
2026-09-19,2017-06-01,school,2017,17,Cape Henlopen School District,726,Cape Henlopen High School,2017-03-01,294,1
2026-09-19,2017-06-01,school,2017,17,Cape Henlopen School District,728,Sussex Consortium,NULL,15,0
2026-09-19,2017-06-01,school,2017,13,Capital School District,648,Dover High School,2016-10-01,433,15
2026-09-19,2017-06-01,school,2017,13,Capital School District,648,Dover High School,2016-11-01,433,6
2026-09-19,2017-06-01,school,2017,13,Capital School District,648,Dover High School,2016-12-01,433,5
2026-09-19,2017-06-01,school,2017,13,Capital School District,648,Dover High School,2017-01-01,433,7
2026-09-19,2017-06-01,school,2017,13,Capital School District,648,Dover High School,2017-02-01,433,2
2026-09-19,2017-06-01,school,2017,13,Capital School District,648,Dover High School,2017-03-01,433,1
2026-09-19,2017-06-01,school,2017,13,Capital School District,650,Kent County Community School,NULL,16,0
2026-09-19,2017-06-01,school,2017,13,Capital School District,655,Kent County Secondary ILC,NULL,1,0
2026-09-19,2017-06-01,school,2017,70,Charter School of Wilmington,295,Charter School of Wilmington,2016-10-01,242,20
2026-09-19,2017-06-01,school,2017,70,Charter School of Wilmington,295,Charter School of Wilmington,2016-11-01,242,8
2026-09-19,2017-06-01,school,2017,70,Charter School of Wilmington,295,Charter School of Wilmington,2016-12-01,242,7
2026-09-19,2017-06-01,school,2017,70,Charter School of Wilmington,295,Charter School of Wilmington,2017-01-01,242,9
2026-09-19,2017-06-01,school,2017,70,Charter School of Wilmington,295,Charter School of Wilmington,2017-02-01,242,3
2026-09-19,2017-06-01,school,2017,70,Charter School of Wilmington,295,Charter School of Wilmington,2017-04-01,242,1
2026-09-19,2017-06-01,school,2017,33,Christina School District,538,Brennen School (The),NULL,19,0
2026-09-19,2017-06-01,school,2017,33,Christina School District,390,Christiana High School,2016-10-01,175,1
2026-09-19,2017-06-01,school,2017,33,Christina School District,390,Christiana High School,2016-12-01,175,4
2026-09-19,2017-06-01,school,2017,33,Christina School District,390,Christiana High School,2017-01-01,175,1
2026-09-19,2017-06-01,school,2017,33,Christina School District,390,Christiana High School,2017-02-01,175,2
2026-09-19,2017-06-01,school,2017,33,Christina School District,390,Christiana High School,2017-03-01,175,1
2026-09-19,2017-06-01,school,2017,33,Christina School District,545,Christina Early Education Center,NULL,12,0
2026-09-19,2017-06-01,school,2017,33,Christina School District,540,Delaware School for the Deaf School (DSD),2016-12-01,9,1
2026-09-19,2017-06-01,school,2017,33,Christina School District,537,Douglass School,NULL,13,0
2026-09-19,2017-06-01,school,2017,33,Christina School District,392,Glasgow High School,2016-10-01,252,4
2026-09-19,2017-06-01,school,2017,33,Christina School District,392,Glasgow High School,2016-11-01,252,5
2026-09-19,2017-06-01,school,2017,33,Christina School District,392,Glasgow High School,2016-12-01,252,4
2026-09-19,2017-06-01,school,2017,33,Christina School District,392,Glasgow High School,2017-01-01,252,1
2026-09-19,2017-06-01,school,2017,33,Christina School District,392,Glasgow High School,2017-03-01,252,1
2026-09-19,2017-06-01,school,2017,33,Christina School District,392,Glasgow High School,2017-04-01,252,1
2026-09-19,2017-06-01,school,2017,33,Christina School District,394,Newark High School,2016-10-01,273,9
2026-09-19,2017-06-01,school,2017,33,Christina School District,394,Newark High School,2016-11-01,273,10
2026-09-19,2017-06-01,school,2017,33,Christina School District,394,Newark High School,2016-12-01,273,2
2026-09-19,2017-06-01,school,2017,33,Christina School District,394,Newark High School,2017-01-01,273,5
2026-09-19,2017-06-01,school,2017,33,Christina School District,394,Newark High School,2017-02-01,273,2
2026-09-19,2017-06-01,school,2017,33,Christina School District,394,Newark High School,2017-03-01,273,1
2026-09-19,2017-06-01,school,2017,33,Christina School District,354,Pyle (Sarah) Academy,2017-03-01,95,1
2026-09-19,2017-06-01,school,2017,34,Colonial School District,514,Leach (John G.) School,NULL,11,0
2026-09-19,2017-06-01,school,2017,34,Colonial School District,490,Penn (William) High School,2016-10-01,505,18
2026-09-19,2017-06-01,school,2017,34,Colonial School District,490,Penn (William) High School,2016-11-01,505,11
2026-09-19,2017-06-01,school,2017,34,Colonial School District,490,Penn (William) High School,2016-12-01,505,6
2026-09-19,2017-06-01,school,2017,34,Colonial School District,490,Penn (William) High School,2017-01-01,505,3
2026-09-19,2017-06-01,school,2017,34,Colonial School District,490,Penn (William) High School,2017-02-01,505,4
2026-09-19,2017-06-01,school,2017,34,Colonial School District,490,Penn (William) High School,2017-03-01,505,2
2026-09-19,2017-06-01,school,2017,34,Colonial School District,522,The Wallace Wallin School,2017-02-01,57,1
2026-09-19,2017-06-01,school,2017,68,Delaware Academy of Public Safety and Security,567,Delaware Academy of Public Safety and Security,2016-10-01,58,2
2026-09-19,2017-06-01,school,2017,68,Delaware Academy of Public Safety and Security,567,Delaware Academy of Public Safety and Security,2017-01-01,58,1
2026-09-19,2017-06-01,school,2017,79,Delaware Military Academy,578,Delaware Military Academy,2016-10-01,134,5
2026-09-19,2017-06-01,school,2017,79,Delaware Military Academy,578,Delaware Military Academy,2016-12-01,134,3
2026-09-19,2017-06-01,school,2017,79,Delaware Military Academy,578,Delaware Military Academy,2017-03-01,134,1
2026-09-19,2017-06-01,school,2017,37,Delmar School District,730,Delmar High School,2016-10-01,149,1
2026-09-19,2017-06-01,school,2017,37,Delmar School District,730,Delmar High School,2017-01-01,149,3
2026-09-19,2017-06-01,school,2017,37,Delmar School District,730,Delmar High School,2017-02-01,149,1
2026-09-19,2017-06-01,school,2017,36,Indian River School District,689,Carver (G.W.) Educational Center,NULL,19,0
2026-09-19,2017-06-01,school,2017,36,Indian River School District,750,Ennis (Howard T.) School,NULL,39,0
2026-09-19,2017-06-01,school,2017,36,Indian River School District,746,Indian River High School,2016-10-01,221,18
2026-09-19,2017-06-01,school,2017,36,Indian River School District,746,Indian River High School,2016-11-01,221,1
2026-09-19,2017-06-01,school,2017,36,Indian River School District,746,Indian River High School,2017-01-01,221,6
2026-09-19,2017-06-01,school,2017,36,Indian River School District,746,Indian River High School,2017-02-01,221,1
2026-09-19,2017-06-01,school,2017,36,Indian River School District,746,Indian River High School,2017-04-01,221,1
2026-09-19,2017-06-01,school,2017,36,Indian River School District,748,Sussex Central High School,2016-10-01,337,9
2026-09-19,2017-06-01,school,2017,36,Indian River School District,748,Sussex Central High School,2016-12-01,337,2
2026-09-19,2017-06-01,school,2017,36,Indian River School District,748,Sussex Central High School,2017-01-01,337,1
2026-09-19,2017-06-01,school,2017,36,Indian River School District,748,Sussex Central High School,2017-02-01,337,2
2026-09-19,2017-06-01,school,2017,36,Indian River School District,748,Sussex Central High School,2017-03-01,337,1
2026-09-19,2017-06-01,school,2017,36,Indian River School District,748,Sussex Central High School,2017-04-01,337,1
2026-09-19,2017-06-01,school,2017,15,Lake Forest School District,665,Lake Forest High School,2016-10-01,203,7
2026-09-19,2017-06-01,school,2017,15,Lake Forest School District,665,Lake Forest High School,2016-11-01,203,4
2026-09-19,2017-06-01,school,2017,15,Lake Forest School District,665,Lake Forest High School,2016-12-01,203,2
2026-09-19,2017-06-01,school,2017,15,Lake Forest School District,665,Lake Forest High School,2017-01-01,203,2
2026-09-19,2017-06-01,school,2017,15,Lake Forest School District,665,Lake Forest High School,2017-02-01,203,1
2026-09-19,2017-06-01,school,2017,15,Lake Forest School District,665,Lake Forest High School,2017-03-01,203,1
2026-09-19,2017-06-01,school,2017,15,Lake Forest School District,665,Lake Forest High School,2017-04-01,203,1
2026-09-19,2017-06-01,school,2017,16,Laurel School District,756,Laurel Senior High School,2016-10-01,112,10
2026-09-19,2017-06-01,school,2017,16,Laurel School District,756,Laurel Senior High School,2016-11-01,112,1
2026-09-19,2017-06-01,school,2017,16,Laurel School District,756,Laurel Senior High School,2017-01-01,112,3
2026-09-19,2017-06-01,school,2017,18,Milford School District,678,Milford Senior High School,2016-10-01,213,13
2026-09-19,2017-06-01,school,2017,18,Milford School District,678,Milford Senior High School,2016-11-01,213,4
2026-09-19,2017-06-01,school,2017,18,Milford School District,678,Milford Senior High School,2017-01-01,213,2
2026-09-19,2017-06-01,school,2017,18,Milford School District,678,Milford Senior High School,2017-03-01,213,2
2026-09-19,2017-06-01,school,2017,38,New Castle County Vocational-Technical School District,80,Delcastle Technical High School,2016-10-01,372,13
2026-09-19,2017-06-01,school,2017,38,New Castle County Vocational-Technical School District,80,Delcastle Technical High School,2016-11-01,372,3
2026-09-19,2017-06-01,school,2017,38,New Castle County Vocational-Technical School District,80,Delcastle Technical High School,2016-12-01,372,3
2026-09-19,2017-06-01,school,2017,38,New Castle County Vocational-Technical School District,80,Delcastle Technical High School,2017-01-01,372,4
2026-09-19,2017-06-01,school,2017,38,New Castle County Vocational-Technical School District,80,Delcastle Technical High School,2017-02-01,372,2
2026-09-19,2017-06-01,school,2017,38,New Castle County Vocational-Technical School District,80,Delcastle Technical High School,2017-03-01,372,3
2026-09-19,2017-06-01,school,2017,38,New Castle County Vocational-Technical School District,80,Delcastle Technical High School,2017-04-01,372,2
2026-09-19,2017-06-01,school,2017,38,New Castle County Vocational-Technical School District,66,Hodgson (Paul M.) Vocational Technical High School,2016-10-01,251,10
2026-09-19,2017-06-01,school,2017,38,New Castle County Vocational-Technical School District,66,Hodgson (Paul M.) Vocational Technical High School,2016-11-01,251,8
2026-09-19,2017-06-01,school,2017,38,New Castle County Vocational-Technical School District,66,Hodgson (Paul M.) Vocational Technical High School,2016-12-01,251,4
2026-09-19,2017-06-01,school,2017,38,New Castle County Vocational-Technical School District,66,Hodgson (Paul M.) Vocational Technical High School,2017-01-01,251,3
2026-09-19,2017-06-01,school,2017,38,New Castle County Vocational-Technical School District,66,Hodgson (Paul M.) Vocational Technical High School,2017-02-01,251,3
2026-09-19,2017-06-01,school,2017,38,New Castle County Vocational-Technical School District,66,Hodgson (Paul M.) Vocational Technical High School,2017-03-01,251,2
2026-09-19,2017-06-01,school,2017,38,New Castle County Vocational-Technical School District,26,Howard High School of Technology,2016-10-01,194,18
2026-09-19,2017-06-01,school,2017,38,New Castle County Vocational-Technical School District,26,Howard High School of Technology,2016-11-01,194,11
2026-09-19,2017-06-01,school,2017,38,New Castle County Vocational-Technical School District,26,Howard High School of Technology,2016-12-01,194,6
2026-09-19,2017-06-01,school,2017,38,New Castle County Vocational-Technical School District,26,Howard High School of Technology,2017-01-01,194,2
2026-09-19,2017-06-01,school,2017,38,New Castle County Vocational-Technical School District,26,Howard High School of Technology,2017-02-01,194,1
2026-09-19,2017-06-01,school,2017,38,New Castle County Vocational-Technical School District,26,Howard High School of Technology,2017-03-01,194,3
2026-09-19,2017-06-01,school,2017,38,New Castle County Vocational-Technical School District,44,St. Georges Technical High School,2016-10-01,242,8
2026-09-19,2017-06-01,school,2017,38,New Castle County Vocational-Technical School District,44,St. Georges Technical High School,2016-11-01,242,9
2026-09-19,2017-06-01,school,2017,38,New Castle County Vocational-Technical School District,44,St. Georges Technical High School,2016-12-01,242,2
2026-09-19,2017-06-01,school,2017,38,New Castle County Vocational-Technical School District,44,St. Georges Technical High School,2017-01-01,242,1
2026-09-19,2017-06-01,school,2017,38,New Castle County Vocational-Technical School District,44,St. Georges Technical High School,2017-02-01,242,2
2026-09-19,2017-06-01,school,2017,38,New Castle County Vocational-Technical School District,44,St. Georges Technical High School,2017-03-01,242,1
2026-09-19,2017-06-01,school,2017,38,New Castle County Vocational-Technical School District,44,St. Georges Technical High School,2017-04-01,242,2
2026-09-19,2017-06-01,school,2017,89,Newark Charter School,588,Newark Charter School,2016-10-01,154,28
2026-09-19,2017-06-01,school,2017,89,Newark Charter School,588,Newark Charter School,2016-11-01,154,9
2026-09-19,2017-06-01,school,2017,89,Newark Charter School,588,Newark Charter School,2016-12-01,154,4
2026-09-19,2017-06-01,school,2017,89,Newark Charter School,588,Newark Charter School,2017-01-01,154,2
2026-09-19,2017-06-01,school,2017,39,POLYTECH School District,652,POLYTECH High School,2016-10-01,272,17
2026-09-19,2017-06-01,school,2017,39,POLYTECH School District,652,POLYTECH High School,2016-11-01,272,8
2026-09-19,2017-06-01,school,2017,39,POLYTECH School District,652,POLYTECH High School,2016-12-01,272,4
2026-09-19,2017-06-01,school,2017,39,POLYTECH School District,652,POLYTECH High School,2017-01-01,272,5
2026-09-19,2017-06-01,school,2017,39,POLYTECH School District,652,POLYTECH High School,2017-02-01,272,1
2026-09-19,2017-06-01,school,2017,39,POLYTECH School District,652,POLYTECH High School,2017-03-01,272,4
2026-09-19,2017-06-01,school,2017,71,Positive Outcomes Charter School,570,Positive Outcomes Charter School,2016-10-01,18,1
2026-09-19,2017-06-01,school,2017,32,Red Clay Consolidated School District,286,Calloway (Cab) School of the Arts,2016-10-01,132,14
2026-09-19,2017-06-01,school,2017,32,Red Clay Consolidated School District,286,Calloway (Cab) School of the Arts,2016-11-01,132,1
2026-09-19,2017-06-01,school,2017,32,Red Clay Consolidated School District,286,Calloway (Cab) School of the Arts,2016-12-01,132,3
2026-09-19,2017-06-01,school,2017,32,Red Clay Consolidated School District,286,Calloway (Cab) School of the Arts,2017-01-01,132,8
2026-09-19,2017-06-01,school,2017,32,Red Clay Consolidated School District,286,Calloway (Cab) School of the Arts,2017-02-01,132,4
2026-09-19,2017-06-01,school,2017,32,Red Clay Consolidated School District,286,Calloway (Cab) School of the Arts,2017-03-01,132,1
2026-09-19,2017-06-01,school,2017,32,Red Clay Consolidated School District,286,Calloway (Cab) School of the Arts,2017-04-01,132,1
2026-09-19,2017-06-01,school,2017,32,Red Clay Consolidated School District,284,Conrad Schools of Science,2016-10-01,161,9
2026-09-19,2017-06-01,school,2017,32,Red Clay Consolidated School District,284,Conrad Schools of Science,2016-11-01,161,7
2026-09-19,2017-06-01,school,2017,32,Red Clay Consolidated School District,284,Conrad Schools of Science,2016-12-01,161,2
2026-09-19,2017-06-01,school,2017,32,Red Clay Consolidated School District,284,Conrad Schools of Science,2017-01-01,161,2
2026-09-19,2017-06-01,school,2017,32,Red Clay Consolidated School District,284,Conrad Schools of Science,2017-03-01,161,1
2026-09-19,2017-06-01,school,2017,32,Red Clay Consolidated School District,290,Dickinson (John) High School,2016-10-01,110,3
2026-09-19,2017-06-01,school,2017,32,Red Clay Consolidated School District,290,Dickinson (John) High School,2016-11-01,110,1
2026-09-19,2017-06-01,school,2017,32,Red Clay Consolidated School District,290,Dickinson (John) High School,2016-12-01,110,1
2026-09-19,2017-06-01,school,2017,32,Red Clay Consolidated School District,290,Dickinson (John) High School,2017-02-01,110,1
2026-09-19,2017-06-01,school,2017,32,Red Clay Consolidated School District,292,duPont (Alexis I.) High School,2016-10-01,288,11
2026-09-19,2017-06-01,school,2017,32,Red Clay Consolidated School District,292,duPont (Alexis I.) High School,2016-11-01,288,7
2026-09-19,2017-06-01,school,2017,32,Red Clay Consolidated School District,292,duPont (Alexis I.) High School,2016-12-01,288,1
2026-09-19,2017-06-01,school,2017,32,Red Clay Consolidated School District,292,duPont (Alexis I.) High School,2017-01-01,288,2
2026-09-19,2017-06-01,school,2017,32,Red Clay Consolidated School District,292,duPont (Alexis I.) High School,2017-02-01,288,1
2026-09-19,2017-06-01,school,2017,32,Red Clay Consolidated School District,292,duPont (Alexis I.) High School,2017-03-01,288,1
2026-09-19,2017-06-01,school,2017,32,Red Clay Consolidated School District,530,First State School,NULL,3,0
2026-09-19,2017-06-01,school,2017,32,Red Clay Consolidated School District,294,McKean (Thomas) High School,2016-10-01,187,3
2026-09-19,2017-06-01,school,2017,32,Red Clay Consolidated School District,294,McKean (Thomas) High School,2016-11-01,187,7
2026-09-19,2017-06-01,school,2017,32,Red Clay Consolidated School District,294,McKean (Thomas) High School,2017-01-01,187,1
2026-09-19,2017-06-01,school,2017,32,Red Clay Consolidated School District,294,McKean (Thomas) High School,2017-05-01,187,1
2026-09-19,2017-06-01,school,2017,32,Red Clay Consolidated School District,516,Meadowood Program,NULL,37,0
2026-09-19,2017-06-01,school,2017,23,Seaford School District,766,Seaford Senior High School,2016-10-01,180,5
2026-09-19,2017-06-01,school,2017,23,Seaford School District,766,Seaford Senior High School,2016-11-01,180,4
2026-09-19,2017-06-01,school,2017,23,Seaford School District,766,Seaford Senior High School,2016-12-01,180,2
2026-09-19,2017-06-01,school,2017,23,Seaford School District,766,Seaford Senior High School,2017-01-01,180,3
2026-09-19,2017-06-01,school,2017,23,Seaford School District,766,Seaford Senior High School,2017-02-01,180,1
2026-09-19,2017-06-01,school,2017,23,Seaford School District,766,Seaford Senior High School,2017-03-01,180,1
2026-09-19,2017-06-01,school,2017,24,Smyrna School District,688,Smyrna High School,2016-10-01,352,18
2026-09-19,2017-06-01,school,2017,24,Smyrna School District,688,Smyrna High School,2016-11-01,352,7
2026-09-19,2017-06-01,school,2017,24,Smyrna School District,688,Smyrna High School,2016-12-01,352,2
2026-09-19,2017-06-01,school,2017,24,Smyrna School District,688,Smyrna High School,2017-01-01,352,5
2026-09-19,2017-06-01,school,2017,24,Smyrna School District,688,Smyrna High School,2017-02-01,352,2
2026-09-19,2017-06-01,school,2017,24,Smyrna School District,688,Smyrna High School,2017-03-01,352,2
2026-09-19,2017-06-01,school,2017,24,Smyrna School District,688,Smyrna High School,2017-04-01,352,2
2026-09-19,2017-06-01,school,2017,77,Sussex Academy,576,"Sussex Academy ",2016-10-01,38,3
2026-09-19,2017-06-01,school,2017,77,Sussex Academy,576,"Sussex Academy ",2016-11-01,38,1
2026-09-19,2017-06-01,school,2017,77,Sussex Academy,576,"Sussex Academy ",2016-12-01,38,2
2026-09-19,2017-06-01,school,2017,40,Sussex Technical School District,770,Sussex Technical High School,2016-10-01,379,27
2026-09-19,2017-06-01,school,2017,40,Sussex Technical School District,770,Sussex Technical High School,2016-11-01,379,13
2026-09-19,2017-06-01,school,2017,40,Sussex Technical School District,770,Sussex Technical High School,2016-12-01,379,4
2026-09-19,2017-06-01,school,2017,40,Sussex Technical School District,770,Sussex Technical High School,2017-01-01,379,5
2026-09-19,2017-06-01,school,2017,40,Sussex Technical School District,770,Sussex Technical High School,2017-02-01,379,3
2026-09-19,2017-06-01,school,2017,40,Sussex Technical School District,770,Sussex Technical High School,2017-03-01,379,1
2026-09-19,2017-06-01,school,2017,40,Sussex Technical School District,770,Sussex Technical High School,2017-04-01,379,1
2026-09-19,2017-06-01,school,2017,35,Woodbridge School District,780,Woodbridge High School,2016-10-01,118,4
2026-09-19,2017-06-01,school,2017,35,Woodbridge School District,780,Woodbridge High School,2016-11-01,118,1
2026-09-19,2017-06-01,school,2017,35,Woodbridge School District,780,Woodbridge High School,2016-12-01,118,1
2026-09-19,2017-06-01,school,2017,35,Woodbridge School District,780,Woodbridge High School,2017-01-01,118,1
2026-09-19,2017-06-01,lea,2017,29,Appoquinimink School District,All Schools,All Schools,2016-10-01,784,47
2026-09-19,2017-06-01,lea,2017,29,Appoquinimink School District,All Schools,All Schools,2016-11-01,784,23
2026-09-19,2017-06-01,lea,2017,29,Appoquinimink School District,All Schools,All Schools,2016-12-01,784,9
2026-09-19,2017-06-01,lea,2017,29,Appoquinimink School District,All Schools,All Schools,2017-01-01,784,7
2026-09-19,2017-06-01,lea,2017,29,Appoquinimink School District,All Schools,All Schools,2017-02-01,784,9
2026-09-19,2017-06-01,lea,2017,29,Appoquinimink School District,All Schools,All Schools,2017-03-01,784,7
2026-09-19,2017-06-01,lea,2017,29,Appoquinimink School District,All Schools,All Schools,2017-04-01,784,2
2026-09-19,2017-06-01,lea,2017,31,Brandywine School District,All Schools,All Schools,2016-10-01,690,36
2026-09-19,2017-06-01,lea,2017,31,Brandywine School District,All Schools,All Schools,2016-11-01,690,22
2026-09-19,2017-06-01,lea,2017,31,Brandywine School District,All Schools,All Schools,2016-12-01,690,6
2026-09-19,2017-06-01,lea,2017,31,Brandywine School District,All Schools,All Schools,2017-01-01,690,10
2026-09-19,2017-06-01,lea,2017,31,Brandywine School District,All Schools,All Schools,2017-02-01,690,4
2026-09-19,2017-06-01,lea,2017,31,Brandywine School District,All Schools,All Schools,2017-03-01,690,2
2026-09-19,2017-06-01,lea,2017,31,Brandywine School District,All Schools,All Schools,2017-04-01,690,1
2026-09-19,2017-06-01,lea,2017,10,Caesar Rodney School District,All Schools,All Schools,2016-10-01,546,21
2026-09-19,2017-06-01,lea,2017,10,Caesar Rodney School District,All Schools,All Schools,2016-11-01,546,12
2026-09-19,2017-06-01,lea,2017,10,Caesar Rodney School District,All Schools,All Schools,2016-12-01,546,5
2026-09-19,2017-06-01,lea,2017,10,Caesar Rodney School District,All Schools,All Schools,2017-01-01,546,8
2026-09-19,2017-06-01,lea,2017,10,Caesar Rodney School District,All Schools,All Schools,2017-02-01,546,7
2026-09-19,2017-06-01,lea,2017,10,Caesar Rodney School District,All Schools,All Schools,2017-03-01,546,6
2026-09-19,2017-06-01,lea,2017,10,Caesar Rodney School District,All Schools,All Schools,2017-04-01,546,2
2026-09-19,2017-06-01,lea,2017,17,Cape Henlopen School District,All Schools,All Schools,2016-10-01,309,11
2026-09-19,2017-06-01,lea,2017,17,Cape Henlopen School District,All Schools,All Schools,2016-11-01,309,7
2026-09-19,2017-06-01,lea,2017,17,Cape Henlopen School District,All Schools,All Schools,2016-12-01,309,5
2026-09-19,2017-06-01,lea,2017,17,Cape Henlopen School District,All Schools,All Schools,2017-02-01,309,2
2026-09-19,2017-06-01,lea,2017,17,Cape Henlopen School District,All Schools,All Schools,2017-03-01,309,1
2026-09-19,2017-06-01,lea,2017,13,Capital School District,All Schools,All Schools,2016-10-01,450,15
2026-09-19,2017-06-01,lea,2017,13,Capital School District,All Schools,All Schools,2016-11-01,450,6
2026-09-19,2017-06-01,lea,2017,13,Capital School District,All Schools,All Schools,2016-12-01,450,5
2026-09-19,2017-06-01,lea,2017,13,Capital School District,All Schools,All Schools,2017-01-01,450,7
2026-09-19,2017-06-01,lea,2017,13,Capital School District,All Schools,All Schools,2017-02-01,450,2
2026-09-19,2017-06-01,lea,2017,13,Capital School District,All Schools,All Schools,2017-03-01,450,1
2026-09-19,2017-06-01,lea,2017,70,Charter School of Wilmington,All Schools,All Schools,2016-10-01,242,20
2026-09-19,2017-06-01,lea,2017,70,Charter School of Wilmington,All Schools,All Schools,2016-11-01,242,8
2026-09-19,2017-06-01,lea,2017,70,Charter School of Wilmington,All Schools,All Schools,2016-12-01,242,7
2026-09-19,2017-06-01,lea,2017,70,Charter School of Wilmington,All Schools,All Schools,2017-01-01,242,9
2026-09-19,2017-06-01,lea,2017,70,Charter School of Wilmington,All Schools,All Schools,2017-02-01,242,3
2026-09-19,2017-06-01,lea,2017,70,Charter School of Wilmington,All Schools,All Schools,2017-04-01,242,1
2026-09-19,2017-06-01,lea,2017,33,Christina School District,All Schools,All Schools,2016-10-01,848,14
2026-09-19,2017-06-01,lea,2017,33,Christina School District,All Schools,All Schools,2016-11-01,848,15
2026-09-19,2017-06-01,lea,2017,33,Christina School District,All Schools,All Schools,2016-12-01,848,11
2026-09-19,2017-06-01,lea,2017,33,Christina School District,All Schools,All Schools,2017-01-01,848,7
2026-09-19,2017-06-01,lea,2017,33,Christina School District,All Schools,All Schools,2017-02-01,848,4
2026-09-19,2017-06-01,lea,2017,33,Christina School District,All Schools,All Schools,2017-03-01,848,4
2026-09-19,2017-06-01,lea,2017,33,Christina School District,All Schools,All Schools,2017-04-01,848,1
2026-09-19,2017-06-01,lea,2017,34,Colonial School District,All Schools,All Schools,2016-10-01,573,18
2026-09-19,2017-06-01,lea,2017,34,Colonial School District,All Schools,All Schools,2016-11-01,573,11
2026-09-19,2017-06-01,lea,2017,34,Colonial School District,All Schools,All Schools,2016-12-01,573,6
2026-09-19,2017-06-01,lea,2017,34,Colonial School District,All Schools,All Schools,2017-01-01,573,3
2026-09-19,2017-06-01,lea,2017,34,Colonial School District,All Schools,All Schools,2017-02-01,573,5
2026-09-19,2017-06-01,lea,2017,34,Colonial School District,All Schools,All Schools,2017-03-01,573,2
2026-09-19,2017-06-01,lea,2017,68,Delaware Academy of Public Safety and Security,All Schools,All Schools,2016-10-01,58,2
2026-09-19,2017-06-01,lea,2017,68,Delaware Academy of Public Safety and Security,All Schools,All Schools,2017-01-01,58,1
2026-09-19,2017-06-01,lea,2017,79,Delaware Military Academy,All Schools,All Schools,2016-10-01,134,5
2026-09-19,2017-06-01,lea,2017,79,Delaware Military Academy,All Schools,All Schools,2016-12-01,134,3
2026-09-19,2017-06-01,lea,2017,79,Delaware Military Academy,All Schools,All Schools,2017-03-01,134,1
2026-09-19,2017-06-01,lea,2017,37,Delmar School District,All Schools,All Schools,2016-10-01,149,1
2026-09-19,2017-06-01,lea,2017,37,Delmar School District,All Schools,All Schools,2017-01-01,149,3
2026-09-19,2017-06-01,lea,2017,37,Delmar School District,All Schools,All Schools,2017-02-01,149,1
2026-09-19,2017-06-01,lea,2017,36,Indian River School District,All Schools,All Schools,2016-10-01,616,27
2026-09-19,2017-06-01,lea,2017,36,Indian River School District,All Schools,All Schools,2016-11-01,616,1
2026-09-19,2017-06-01,lea,2017,36,Indian River School District,All Schools,All Schools,2016-12-01,616,2
2026-09-19,2017-06-01,lea,2017,36,Indian River School District,All Schools,All Schools,2017-01-01,616,7
2026-09-19,2017-06-01,lea,2017,36,Indian River School District,All Schools,All Schools,2017-02-01,616,3
2026-09-19,2017-06-01,lea,2017,36,Indian River School District,All Schools,All Schools,2017-03-01,616,1
2026-09-19,2017-06-01,lea,2017,36,Indian River School District,All Schools,All Schools,2017-04-01,616,2
2026-09-19,2017-06-01,lea,2017,15,Lake Forest School District,All Schools,All Schools,2016-10-01,203,7
2026-09-19,2017-06-01,lea,2017,15,Lake Forest School District,All Schools,All Schools,2016-11-01,203,4
2026-09-19,2017-06-01,lea,2017,15,Lake Forest School District,All Schools,All Schools,2016-12-01,203,2
2026-09-19,2017-06-01,lea,2017,15,Lake Forest School District,All Schools,All Schools,2017-01-01,203,2
2026-09-19,2017-06-01,lea,2017,15,Lake Forest School District,All Schools,All Schools,2017-02-01,203,1
2026-09-19,2017-06-01,lea,2017,15,Lake Forest School District,All Schools,All Schools,2017-03-01,203,1
2026-09-19,2017-06-01,lea,2017,15,Lake Forest School District,All Schools,All Schools,2017-04-01,203,1
2026-09-19,2017-06-01,lea,2017,16,Laurel School District,All Schools,All Schools,2016-10-01,112,10
2026-09-19,2017-06-01,lea,2017,16,Laurel School District,All Schools,All Schools,2016-11-01,112,1
2026-09-19,2017-06-01,lea,2017,16,Laurel School District,All Schools,All Schools,2017-01-01,112,3
2026-09-19,2017-06-01,lea,2017,18,Milford School District,All Schools,All Schools,2016-10-01,213,13
2026-09-19,2017-06-01,lea,2017,18,Milford School District,All Schools,All Schools,2016-11-01,213,4
2026-09-19,2017-06-01,lea,2017,18,Milford School District,All Schools,All Schools,2017-01-01,213,2
2026-09-19,2017-06-01,lea,2017,18,Milford School District,All Schools,All Schools,2017-03-01,213,2
2026-09-19,2017-06-01,lea,2017,38,New Castle County Vocational-Technical School District,All Schools,All Schools,2016-10-01,1059,49
2026-09-19,2017-06-01,lea,2017,38,New Castle County Vocational-Technical School District,All Schools,All Schools,2016-11-01,1059,31
2026-09-19,2017-06-01,lea,2017,38,New Castle County Vocational-Technical School District,All Schools,All Schools,2016-12-01,1059,15
2026-09-19,2017-06-01,lea,2017,38,New Castle County Vocational-Technical School District,All Schools,All Schools,2017-01-01,1059,10
2026-09-19,2017-06-01,lea,2017,38,New Castle County Vocational-Technical School District,All Schools,All Schools,2017-02-01,1059,8
2026-09-19,2017-06-01,lea,2017,38,New Castle County Vocational-Technical School District,All Schools,All Schools,2017-03-01,1059,9
2026-09-19,2017-06-01,lea,2017,38,New Castle County Vocational-Technical School District,All Schools,All Schools,2017-04-01,1059,4
2026-09-19,2017-06-01,lea,2017,89,Newark Charter School,All Schools,All Schools,2016-10-01,154,28
2026-09-19,2017-06-01,lea,2017,89,Newark Charter School,All Schools,All Schools,2016-11-01,154,9
2026-09-19,2017-06-01,lea,2017,89,Newark Charter School,All Schools,All Schools,2016-12-01,154,4
2026-09-19,2017-06-01,lea,2017,89,Newark Charter School,All Schools,All Schools,2017-01-01,154,2
2026-09-19,2017-06-01,lea,2017,39,POLYTECH School District,All Schools,All Schools,2016-10-01,272,17
2026-09-19,2017-06-01,lea,2017,39,POLYTECH School District,All Schools,All Schools,2016-11-01,272,8
2026-09-19,2017-06-01,lea,2017,39,POLYTECH School District,All Schools,All Schools,2016-12-01,272,4
2026-09-19,2017-06-01,lea,2017,39,POLYTECH School District,All Schools,All Schools,2017-01-01,272,5
2026-09-19,2017-06-01,lea,2017,39,POLYTECH School District,All Schools,All Schools,2017-02-01,272,1
2026-09-19,2017-06-01,lea,2017,39,POLYTECH School District,All Schools,All Schools,2017-03-01,272,4
2026-09-19,2017-06-01,lea,2017,71,Positive Outcomes Charter School,All Schools,All Schools,2016-10-01,18,1
2026-09-19,2017-06-01,lea,2017,32,Red Clay Consolidated School District,All Schools,All Schools,2016-10-01,918,40
2026-09-19,2017-06-01,lea,2017,32,Red Clay Consolidated School District,All Schools,All Schools,2016-11-01,918,23
2026-09-19,2017-06-01,lea,2017,32,Red Clay Consolidated School District,All Schools,All Schools,2016-12-01,918,7
2026-09-19,2017-06-01,lea,2017,32,Red Clay Consolidated School District,All Schools,All Schools,2017-01-01,918,13
2026-09-19,2017-06-01,lea,2017,32,Red Clay Consolidated School District,All Schools,All Schools,2017-02-01,918,6
2026-09-19,2017-06-01,lea,2017,32,Red Clay Consolidated School District,All Schools,All Schools,2017-03-01,918,3
2026-09-19,2017-06-01,lea,2017,32,Red Clay Consolidated School District,All Schools,All Schools,2017-04-01,918,1
2026-09-19,2017-06-01,lea,2017,32,Red Clay Consolidated School District,All Schools,All Schools,2017-05-01,918,1
2026-09-19,2017-06-01,lea,2017,23,Seaford School District,All Schools,All Schools,2016-10-01,180,5
2026-09-19,2017-06-01,lea,2017,23,Seaford School District,All Schools,All Schools,2016-11-01,180,4
2026-09-19,2017-06-01,lea,2017,23,Seaford School District,All Schools,All Schools,2016-12-01,180,2
2026-09-19,2017-06-01,lea,2017,23,Seaford School District,All Schools,All Schools,2017-01-01,180,3
2026-09-19,2017-06-01,lea,2017,23,Seaford School District,All Schools,All Schools,2017-02-01,180,1
2026-09-19,2017-06-01,lea,2017,23,Seaford School District,All Schools,All Schools,2017-03-01,180,1
2026-09-19,2017-06-01,lea,2017,24,Smyrna School District,All Schools,All Schools,2016-10-01,352,18
2026-09-19,2017-06-01,lea,2017,24,Smyrna School District,All Schools,All Schools,2016-11-01,352,7
2026-09-19,2017-06-01,lea,2017,24,Smyrna School District,All Schools,All Schools,2016-12-01,352,2
2026-09-19,2017-06-01,lea,2017,24,Smyrna School District,All Schools,All Schools,2017-01-01,352,5
2026-09-19,2017-06-01,lea,2017,24,Smyrna School District,All Schools,All Schools,2017-02-01,352,2
2026-09-19,2017-06-01,lea,2017,24,Smyrna School District,All Schools,All Schools,2017-03-01,352,2
2026-09-19,2017-06-01,lea,2017,24,Smyrna School District,All Schools,All Schools,2017-04-01,352,2
2026-09-19,2017-06-01,lea,2017,77,Sussex Academy,All Schools,All Schools,2016-10-01,38,3
2026-09-19,2017-06-01,lea,2017,77,Sussex Academy,All Schools,All Schools,2016-11-01,38,1
2026-09-19,2017-06-01,lea,2017,77,Sussex Academy,All Schools,All Schools,2016-12-01,38,2
2026-09-19,2017-06-01,lea,2017,40,Sussex Technical School District,All Schools,All Schools,2016-10-01,379,27
2026-09-19,2017-06-01,lea,2017,40,Sussex Technical School District,All Schools,All Schools,2016-11-01,379,13
2026-09-19,2017-06-01,lea,2017,40,Sussex Technical School District,All Schools,All Schools,2016-12-01,379,4
2026-09-19,2017-06-01,lea,2017,40,Sussex Technical School District,All Schools,All Schools,2017-01-01,379,5
2026-09-19,2017-06-01,lea,2017,40,Sussex Technical School District,All Schools,All Schools,2017-02-01,379,3
2026-09-19,2017-06-01,lea,2017,40,Sussex Technical School District,All Schools,All Schools,2017-03-01,379,1
2026-09-19,2017-06-01,lea,2017,40,Sussex Technical School District,All Schools,All Schools,2017-04-01,379,1
2026-09-19,2017-06-01,lea,2017,35,Woodbridge School District,All Schools,All Schools,2016-10-01,118,4
2026-09-19,2017-06-01,lea,2017,35,Woodbridge School District,All Schools,All Schools,2016-11-01,118,1
2026-09-19,2017-06-01,lea,2017,35,Woodbridge School District,All Schools,All Schools,2016-12-01,118,1
2026-09-19,2017-06-01,lea,2017,35,Woodbridge School District,All Schools,All Schools,2017-01-01,118,1
2026-09-19,2017-06-01,state,2017,All LEAs,All LEAs,All Schools,All Schools,2016-10-01,9415,439
2026-09-19,2017-06-01,state,2017,All LEAs,All LEAs,All Schools,All Schools,2016-11-01,9415,211
2026-09-19,2017-06-01,state,2017,All LEAs,All LEAs,All Schools,All Schools,2016-12-01,9415,102
2026-09-19,2017-06-01,state,2017,All LEAs,All LEAs,All Schools,All Schools,2017-01-01,9415,113
2026-09-19,2017-06-01,state,2017,All LEAs,All LEAs,All Schools,All Schools,2017-02-01,9415,62
2026-09-19,2017-06-01,state,2017,All LEAs,All LEAs,All Schools,All Schools,2017-03-01,9415,48
2026-09-19,2017-06-01,state,2017,All LEAs,All LEAs,All Schools,All Schools,2017-04-01,9415,18
2026-09-19,2017-06-01,state,2017,All LEAs,All LEAs,All Schools,All Schools,2017-05-01,9415,1
2026-09-19,2016-06-01,school,2016,29,Appoquinimink School District,24,Appoquinimink High School,2016-01-01,375,32
2026-09-19,2016-06-01,school,2016,29,Appoquinimink School District,24,Appoquinimink High School,2016-02-01,375,20
2026-09-19,2016-06-01,school,2016,29,Appoquinimink School District,24,Appoquinimink High School,2016-03-01,375,8
2026-09-19,2016-06-01,school,2016,29,Appoquinimink School District,24,Appoquinimink High School,2016-04-01,375,5
2026-09-19,2016-06-01,school,2016,29,Appoquinimink School District,18,Middletown High School,2016-01-01,337,30
2026-09-19,2016-06-01,school,2016,29,Appoquinimink School District,18,Middletown High School,2016-02-01,337,21
2026-09-19,2016-06-01,school,2016,29,Appoquinimink School District,18,Middletown High School,2016-03-01,337,5
2026-09-19,2016-06-01,school,2016,29,Appoquinimink School District,18,Middletown High School,2016-04-01,337,3
2026-09-19,2016-06-01,school,2016,31,Brandywine School District,190,Brandywine High School,2016-01-01,211,8
2026-09-19,2016-06-01,school,2016,31,Brandywine School District,190,Brandywine High School,2016-02-01,211,17
2026-09-19,2016-06-01,school,2016,31,Brandywine School District,190,Brandywine High School,2016-03-01,211,4
2026-09-19,2016-06-01,school,2016,31,Brandywine School District,194,Concord High School,2016-01-01,237,20
2026-09-19,2016-06-01,school,2016,31,Brandywine School District,194,Concord High School,2016-02-01,237,8
2026-09-19,2016-06-01,school,2016,31,Brandywine School District,194,Concord High School,2016-03-01,237,4
2026-09-19,2016-06-01,school,2016,31,Brandywine School District,194,Concord High School,2016-04-01,237,3
2026-09-19,2016-06-01,school,2016,31,Brandywine School District,196,Mount Pleasant High School,2016-01-01,297,19
2026-09-19,2016-06-01,school,2016,31,Brandywine School District,196,Mount Pleasant High School,2016-02-01,297,18
2026-09-19,2016-06-01,school,2016,31,Brandywine School District,196,Mount Pleasant High School,2016-03-01,297,4
2026-09-19,2016-06-01,school,2016,31,Brandywine School District,196,Mount Pleasant High School,2016-04-01,297,6
2026-09-19,2016-06-01,school,2016,10,Caesar Rodney School District,626,Caesar Rodney High School,2016-01-01,462,19
2026-09-19,2016-06-01,school,2016,10,Caesar Rodney School District,626,Caesar Rodney High School,2016-02-01,462,21
2026-09-19,2016-06-01,school,2016,10,Caesar Rodney School District,626,Caesar Rodney High School,2016-03-01,462,9
2026-09-19,2016-06-01,school,2016,10,Caesar Rodney School District,626,Caesar Rodney High School,2016-04-01,462,6
2026-09-19,2016-06-01,school,2016,10,Caesar Rodney School District,630,John S. Charlton School,NULL,40,0
2026-09-19,2016-06-01,school,2016,17,Cape Henlopen School District,726,Cape Henlopen High School,2016-01-01,310,22
2026-09-19,2016-06-01,school,2016,17,Cape Henlopen School District,726,Cape Henlopen High School,2016-02-01,310,12
2026-09-19,2016-06-01,school,2016,17,Cape Henlopen School District,726,Cape Henlopen High School,2016-03-01,310,1
2026-09-19,2016-06-01,school,2016,17,Cape Henlopen School District,726,Cape Henlopen High School,2016-04-01,310,5
2026-09-19,2016-06-01,school,2016,17,Cape Henlopen School District,728,Sussex Consortium,NULL,19,0
2026-09-19,2016-06-01,school,2016,13,Capital School District,648,Dover High School,2016-01-01,410,16
2026-09-19,2016-06-01,school,2016,13,Capital School District,648,Dover High School,2016-02-01,410,22
2026-09-19,2016-06-01,school,2016,13,Capital School District,648,Dover High School,2016-03-01,410,9
2026-09-19,2016-06-01,school,2016,13,Capital School District,648,Dover High School,2016-04-01,410,4
2026-09-19,2016-06-01,school,2016,13,Capital School District,650,Kent County Community School,NULL,22,0
2026-09-19,2016-06-01,school,2016,13,Capital School District,655,Kent County Secondary ILC,NULL,1,0
2026-09-19,2016-06-01,school,2016,70,Charter School of Wilmington,295,Charter School of Wilmington,2016-01-01,245,54
2026-09-19,2016-06-01,school,2016,70,Charter School of Wilmington,295,Charter School of Wilmington,2016-02-01,245,30
2026-09-19,2016-06-01,school,2016,70,Charter School of Wilmington,295,Charter School of Wilmington,2016-03-01,245,2
2026-09-19,2016-06-01,school,2016,70,Charter School of Wilmington,295,Charter School of Wilmington,2016-04-01,245,1
2026-09-19,2016-06-01,school,2016,33,Christina School District,538,Brennen School (The),NULL,28,0
2026-09-19,2016-06-01,school,2016,33,Christina School District,390,Christiana High School,2016-01-01,171,7
2026-09-19,2016-06-01,school,2016,33,Christina School District,390,Christiana High School,2016-02-01,171,6
2026-09-19,2016-06-01,school,2016,33,Christina School District,390,Christiana High School,2016-03-01,171,2
2026-09-19,2016-06-01,school,2016,33,Christina School District,390,Christiana High School,2016-04-01,171,1
2026-09-19,2016-06-01,school,2016,33,Christina School District,545,Christina Early Education Center,NULL,8,0
2026-09-19,2016-06-01,school,2016,33,Christina School District,540,Delaware School for the Deaf School (DSD),2016-02-01,8,1
2026-09-19,2016-06-01,school,2016,33,Christina School District,537,Douglass School,NULL,10,0
2026-09-19,2016-06-01,school,2016,33,Christina School District,392,Glasgow High School,2016-01-01,241,7
2026-09-19,2016-06-01,school,2016,33,Christina School District,392,Glasgow High School,2016-02-01,241,13
2026-09-19,2016-06-01,school,2016,33,Christina School District,392,Glasgow High School,2016-03-01,241,1
2026-09-19,2016-06-01,school,2016,33,Christina School District,392,Glasgow High School,2016-04-01,241,2
2026-09-19,2016-06-01,school,2016,33,Christina School District,394,Newark High School,2016-01-01,370,23
2026-09-19,2016-06-01,school,2016,33,Christina School District,394,Newark High School,2016-02-01,370,27
2026-09-19,2016-06-01,school,2016,33,Christina School District,394,Newark High School,2016-03-01,370,6
2026-09-19,2016-06-01,school,2016,33,Christina School District,394,Newark High School,2016-04-01,370,4
2026-09-19,2016-06-01,school,2016,33,Christina School District,354,Pyle (Sarah) Academy,2016-03-01,64,1
2026-09-19,2016-06-01,school,2016,34,Colonial School District,514,Leach (John G.) School,NULL,14,0
2026-09-19,2016-06-01,school,2016,34,Colonial School District,490,Penn (William) High School,2016-01-01,467,17
2026-09-19,2016-06-01,school,2016,34,Colonial School District,490,Penn (William) High School,2016-02-01,467,22
2026-09-19,2016-06-01,school,2016,34,Colonial School District,490,Penn (William) High School,2016-03-01,467,6
2026-09-19,2016-06-01,school,2016,34,Colonial School District,490,Penn (William) High School,2016-04-01,467,1
2026-09-19,2016-06-01,school,2016,34,Colonial School District,522,The Wallace Wallin School,2016-03-01,50,1
2026-09-19,2016-06-01,school,2016,68,Delaware Academy of Public Safety and Security,567,Delaware Academy of Public Safety and Security,2016-01-01,88,3
2026-09-19,2016-06-01,school,2016,68,Delaware Academy of Public Safety and Security,567,Delaware Academy of Public Safety and Security,2016-02-01,88,2
2026-09-19,2016-06-01,school,2016,68,Delaware Academy of Public Safety and Security,567,Delaware Academy of Public Safety and Security,2016-04-01,88,1
2026-09-19,2016-06-01,school,2016,79,Delaware Military Academy,578,Delaware Military Academy,2016-01-01,126,14
2026-09-19,2016-06-01,school,2016,79,Delaware Military Academy,578,Delaware Military Academy,2016-02-01,126,8
2026-09-19,2016-06-01,school,2016,79,Delaware Military Academy,578,Delaware Military Academy,2016-03-01,126,3
2026-09-19,2016-06-01,school,2016,37,Delmar School District,730,Delmar High School,2016-01-01,128,2
2026-09-19,2016-06-01,school,2016,37,Delmar School District,730,Delmar High School,2016-02-01,128,6
2026-09-19,2016-06-01,school,2016,37,Delmar School District,730,Delmar High School,2016-03-01,128,1
2026-09-19,2016-06-01,school,2016,36,Indian River School District,689,Carver (G.W.) Educational Center,NULL,11,0
2026-09-19,2016-06-01,school,2016,36,Indian River School District,750,Ennis (Howard T.) School,NULL,37,0
2026-09-19,2016-06-01,school,2016,36,Indian River School District,746,Indian River High School,2016-01-01,193,12
2026-09-19,2016-06-01,school,2016,36,Indian River School District,746,Indian River High School,2016-02-01,193,17
2026-09-19,2016-06-01,school,2016,36,Indian River School District,746,Indian River High School,2016-03-01,193,5
2026-09-19,2016-06-01,school,2016,36,Indian River School District,748,Sussex Central High School,2016-01-01,322,8
2026-09-19,2016-06-01,school,2016,36,Indian River School District,748,Sussex Central High School,2016-02-01,322,9
2026-09-19,2016-06-01,school,2016,36,Indian River School District,748,Sussex Central High School,2016-03-01,322,3
2026-09-19,2016-06-01,school,2016,36,Indian River School District,748,Sussex Central High School,2016-04-01,322,2
2026-09-19,2016-06-01,school,2016,15,Lake Forest School District,665,Lake Forest High School,2016-01-01,230,7
2026-09-19,2016-06-01,school,2016,15,Lake Forest School District,665,Lake Forest High School,2016-02-01,230,12
2026-09-19,2016-06-01,school,2016,15,Lake Forest School District,665,Lake Forest High School,2016-03-01,230,6
2026-09-19,2016-06-01,school,2016,15,Lake Forest School District,665,Lake Forest High School,2016-04-01,230,2
2026-09-19,2016-06-01,school,2016,16,Laurel School District,756,Laurel Senior High School,2016-01-01,78,2
2026-09-19,2016-06-01,school,2016,16,Laurel School District,756,Laurel Senior High School,2016-02-01,78,2
2026-09-19,2016-06-01,school,2016,16,Laurel School District,756,Laurel Senior High School,2016-04-01,78,1
2026-09-19,2016-06-01,school,2016,18,Milford School District,678,Milford Senior High School,2016-01-01,233,6
2026-09-19,2016-06-01,school,2016,18,Milford School District,678,Milford Senior High School,2016-02-01,233,14
2026-09-19,2016-06-01,school,2016,18,Milford School District,678,Milford Senior High School,2016-03-01,233,3
2026-09-19,2016-06-01,school,2016,18,Milford School District,678,Milford Senior High School,2016-04-01,233,2
2026-09-19,2016-06-01,school,2016,38,New Castle County Vocational-Technical School District,80,Delcastle Technical High School,2016-01-01,384,17
2026-09-19,2016-06-01,school,2016,38,New Castle County Vocational-Technical School District,80,Delcastle Technical High School,2016-02-01,384,20
2026-09-19,2016-06-01,school,2016,38,New Castle County Vocational-Technical School District,80,Delcastle Technical High School,2016-03-01,384,6
2026-09-19,2016-06-01,school,2016,38,New Castle County Vocational-Technical School District,80,Delcastle Technical High School,2016-04-01,384,1
2026-09-19,2016-06-01,school,2016,38,New Castle County Vocational-Technical School District,66,Hodgson (Paul M.) Vocational Technical High School,2016-01-01,235,6
2026-09-19,2016-06-01,school,2016,38,New Castle County Vocational-Technical School District,66,Hodgson (Paul M.) Vocational Technical High School,2016-02-01,235,7
2026-09-19,2016-06-01,school,2016,38,New Castle County Vocational-Technical School District,66,Hodgson (Paul M.) Vocational Technical High School,2016-03-01,235,9
2026-09-19,2016-06-01,school,2016,38,New Castle County Vocational-Technical School District,66,Hodgson (Paul M.) Vocational Technical High School,2016-04-01,235,4
2026-09-19,2016-06-01,school,2016,38,New Castle County Vocational-Technical School District,26,Howard High School of Technology,2016-01-01,216,10
2026-09-19,2016-06-01,school,2016,38,New Castle County Vocational-Technical School District,26,Howard High School of Technology,2016-02-01,216,10
2026-09-19,2016-06-01,school,2016,38,New Castle County Vocational-Technical School District,26,Howard High School of Technology,2016-03-01,216,4
2026-09-19,2016-06-01,school,2016,38,New Castle County Vocational-Technical School District,26,Howard High School of Technology,2016-04-01,216,8
2026-09-19,2016-06-01,school,2016,38,New Castle County Vocational-Technical School District,44,St. Georges Technical High School,2016-01-01,239,18
2026-09-19,2016-06-01,school,2016,38,New Castle County Vocational-Technical School District,44,St. Georges Technical High School,2016-02-01,239,20
2026-09-19,2016-06-01,school,2016,38,New Castle County Vocational-Technical School District,44,St. Georges Technical High School,2016-03-01,239,5
2026-09-19,2016-06-01,school,2016,38,New Castle County Vocational-Technical School District,44,St. Georges Technical High School,2016-04-01,239,5
2026-09-19,2016-06-01,school,2016,39,POLYTECH School District,652,POLYTECH High School,2016-01-01,287,16
2026-09-19,2016-06-01,school,2016,39,POLYTECH School District,652,POLYTECH High School,2016-02-01,287,22
2026-09-19,2016-06-01,school,2016,39,POLYTECH School District,652,POLYTECH High School,2016-03-01,287,4
2026-09-19,2016-06-01,school,2016,39,POLYTECH School District,652,POLYTECH High School,2016-04-01,287,2
2026-09-19,2016-06-01,school,2016,71,Positive Outcomes Charter School,570,Positive Outcomes Charter School,NULL,17,0
2026-09-19,2016-06-01,school,2016,32,Red Clay Consolidated School District,286,Calloway (Cab) School of the Arts,2016-01-01,115,19
2026-09-19,2016-06-01,school,2016,32,Red Clay Consolidated School District,286,Calloway (Cab) School of the Arts,2016-02-01,115,11
2026-09-19,2016-06-01,school,2016,32,Red Clay Consolidated School District,286,Calloway (Cab) School of the Arts,2016-03-01,115,3
2026-09-19,2016-06-01,school,2016,32,Red Clay Consolidated School District,284,Conrad Schools of Science,2016-01-01,168,21
2026-09-19,2016-06-01,school,2016,32,Red Clay Consolidated School District,284,Conrad Schools of Science,2016-02-01,168,17
2026-09-19,2016-06-01,school,2016,32,Red Clay Consolidated School District,284,Conrad Schools of Science,2016-03-01,168,3
2026-09-19,2016-06-01,school,2016,32,Red Clay Consolidated School District,284,Conrad Schools of Science,2016-04-01,168,1
2026-09-19,2016-06-01,school,2016,32,Red Clay Consolidated School District,290,Dickinson (John) High School,2016-01-01,166,2
2026-09-19,2016-06-01,school,2016,32,Red Clay Consolidated School District,290,Dickinson (John) High School,2016-02-01,166,5
2026-09-19,2016-06-01,school,2016,32,Red Clay Consolidated School District,292,duPont (Alexis I.) High School,2016-01-01,290,10
2026-09-19,2016-06-01,school,2016,32,Red Clay Consolidated School District,292,duPont (Alexis I.) High School,2016-02-01,290,15
2026-09-19,2016-06-01,school,2016,32,Red Clay Consolidated School District,292,duPont (Alexis I.) High School,2016-03-01,290,3
2026-09-19,2016-06-01,school,2016,32,Red Clay Consolidated School District,292,duPont (Alexis I.) High School,2016-04-01,290,6
2026-09-19,2016-06-01,school,2016,32,Red Clay Consolidated School District,530,First State School,NULL,4,0
2026-09-19,2016-06-01,school,2016,32,Red Clay Consolidated School District,294,McKean (Thomas) High School,2016-01-01,225,5
2026-09-19,2016-06-01,school,2016,32,Red Clay Consolidated School District,294,McKean (Thomas) High School,2016-02-01,225,2
2026-09-19,2016-06-01,school,2016,32,Red Clay Consolidated School District,294,McKean (Thomas) High School,2016-03-01,225,2
2026-09-19,2016-06-01,school,2016,32,Red Clay Consolidated School District,294,McKean (Thomas) High School,2016-04-01,225,1
2026-09-19,2016-06-01,school,2016,32,Red Clay Consolidated School District,516,Meadowood Program,NULL,32,0
2026-09-19,2016-06-01,school,2016,23,Seaford School District,766,Seaford Senior High School,2016-01-01,136,4
2026-09-19,2016-06-01,school,2016,23,Seaford School District,766,Seaford Senior High School,2016-02-01,136,3
2026-09-19,2016-06-01,school,2016,23,Seaford School District,766,Seaford Senior High School,2016-03-01,136,1
2026-09-19,2016-06-01,school,2016,24,Smyrna School District,688,Smyrna High School,2016-01-01,359,17
2026-09-19,2016-06-01,school,2016,24,Smyrna School District,688,Smyrna High School,2016-02-01,359,24
2026-09-19,2016-06-01,school,2016,24,Smyrna School District,688,Smyrna High School,2016-03-01,359,4
2026-09-19,2016-06-01,school,2016,24,Smyrna School District,688,Smyrna High School,2016-04-01,359,5
2026-09-19,2016-06-01,school,2016,40,Sussex Technical School District,770,Sussex Technical High School,2016-01-01,369,20
2026-09-19,2016-06-01,school,2016,40,Sussex Technical School District,770,Sussex Technical High School,2016-02-01,369,30
2026-09-19,2016-06-01,school,2016,40,Sussex Technical School District,770,Sussex Technical High School,2016-03-01,369,8
2026-09-19,2016-06-01,school,2016,40,Sussex Technical School District,770,Sussex Technical High School,2016-04-01,369,4
2026-09-19,2016-06-01,school,2016,35,Woodbridge School District,780,Woodbridge High School,2016-01-01,101,2
2026-09-19,2016-06-01,school,2016,35,Woodbridge School District,780,Woodbridge High School,2016-02-01,101,4
2026-09-19,2016-06-01,school,2016,35,Woodbridge School District,780,Woodbridge High School,2016-04-01,101,2
2026-09-19,2016-06-01,lea,2016,29,Appoquinimink School District,All Schools,All Schools,2016-01-01,712,62
2026-09-19,2016-06-01,lea,2016,29,Appoquinimink School District,All Schools,All Schools,2016-02-01,712,41
2026-09-19,2016-06-01,lea,2016,29,Appoquinimink School District,All Schools,All Schools,2016-03-01,712,13
2026-09-19,2016-06-01,lea,2016,29,Appoquinimink School District,All Schools,All Schools,2016-04-01,712,8
2026-09-19,2016-06-01,lea,2016,31,Brandywine School District,All Schools,All Schools,2016-01-01,745,47
2026-09-19,2016-06-01,lea,2016,31,Brandywine School District,All Schools,All Schools,2016-02-01,745,43
2026-09-19,2016-06-01,lea,2016,31,Brandywine School District,All Schools,All Schools,2016-03-01,745,12
2026-09-19,2016-06-01,lea,2016,31,Brandywine School District,All Schools,All Schools,2016-04-01,745,9
2026-09-19,2016-06-01,lea,2016,10,Caesar Rodney School District,All Schools,All Schools,2016-01-01,502,19
2026-09-19,2016-06-01,lea,2016,10,Caesar Rodney School District,All Schools,All Schools,2016-02-01,502,21
2026-09-19,2016-06-01,lea,2016,10,Caesar Rodney School District,All Schools,All Schools,2016-03-01,502,9
2026-09-19,2016-06-01,lea,2016,10,Caesar Rodney School District,All Schools,All Schools,2016-04-01,502,6
2026-09-19,2016-06-01,lea,2016,17,Cape Henlopen School District,All Schools,All Schools,2016-01-01,329,22
2026-09-19,2016-06-01,lea,2016,17,Cape Henlopen School District,All Schools,All Schools,2016-02-01,329,12
2026-09-19,2016-06-01,lea,2016,17,Cape Henlopen School District,All Schools,All Schools,2016-03-01,329,1
2026-09-19,2016-06-01,lea,2016,17,Cape Henlopen School District,All Schools,All Schools,2016-04-01,329,5
2026-09-19,2016-06-01,lea,2016,13,Capital School District,All Schools,All Schools,2016-01-01,433,16
2026-09-19,2016-06-01,lea,2016,13,Capital School District,All Schools,All Schools,2016-02-01,433,22
2026-09-19,2016-06-01,lea,2016,13,Capital School District,All Schools,All Schools,2016-03-01,433,9
2026-09-19,2016-06-01,lea,2016,13,Capital School District,All Schools,All Schools,2016-04-01,433,4
2026-09-19,2016-06-01,lea,2016,70,Charter School of Wilmington,All Schools,All Schools,2016-01-01,245,54
2026-09-19,2016-06-01,lea,2016,70,Charter School of Wilmington,All Schools,All Schools,2016-02-01,245,30
2026-09-19,2016-06-01,lea,2016,70,Charter School of Wilmington,All Schools,All Schools,2016-03-01,245,2
2026-09-19,2016-06-01,lea,2016,70,Charter School of Wilmington,All Schools,All Schools,2016-04-01,245,1
2026-09-19,2016-06-01,lea,2016,33,Christina School District,All Schools,All Schools,2016-01-01,900,37
2026-09-19,2016-06-01,lea,2016,33,Christina School District,All Schools,All Schools,2016-02-01,900,47
2026-09-19,2016-06-01,lea,2016,33,Christina School District,All Schools,All Schools,2016-03-01,900,10
2026-09-19,2016-06-01,lea,2016,33,Christina School District,All Schools,All Schools,2016-04-01,900,7
2026-09-19,2016-06-01,lea,2016,34,Colonial School District,All Schools,All Schools,2016-01-01,531,17
2026-09-19,2016-06-01,lea,2016,34,Colonial School District,All Schools,All Schools,2016-02-01,531,22
2026-09-19,2016-06-01,lea,2016,34,Colonial School District,All Schools,All Schools,2016-03-01,531,7
2026-09-19,2016-06-01,lea,2016,34,Colonial School District,All Schools,All Schools,2016-04-01,531,1
2026-09-19,2016-06-01,lea,2016,68,Delaware Academy of Public Safety and Security,All Schools,All Schools,2016-01-01,88,3
2026-09-19,2016-06-01,lea,2016,68,Delaware Academy of Public Safety and Security,All Schools,All Schools,2016-02-01,88,2
2026-09-19,2016-06-01,lea,2016,68,Delaware Academy of Public Safety and Security,All Schools,All Schools,2016-04-01,88,1
2026-09-19,2016-06-01,lea,2016,79,Delaware Military Academy,All Schools,All Schools,2016-01-01,126,14
2026-09-19,2016-06-01,lea,2016,79,Delaware Military Academy,All Schools,All Schools,2016-02-01,126,8
2026-09-19,2016-06-01,lea,2016,79,Delaware Military Academy,All Schools,All Schools,2016-03-01,126,3
2026-09-19,2016-06-01,lea,2016,37,Delmar School District,All Schools,All Schools,2016-01-01,128,2
2026-09-19,2016-06-01,lea,2016,37,Delmar School District,All Schools,All Schools,2016-02-01,128,6
2026-09-19,2016-06-01,lea,2016,37,Delmar School District,All Schools,All Schools,2016-03-01,128,1
2026-09-19,2016-06-01,lea,2016,36,Indian River School District,All Schools,All Schools,2016-01-01,563,20
2026-09-19,2016-06-01,lea,2016,36,Indian River School District,All Schools,All Schools,2016-02-01,563,26
2026-09-19,2016-06-01,lea,2016,36,Indian River School District,All Schools,All Schools,2016-03-01,563,8
2026-09-19,2016-06-01,lea,2016,36,Indian River School District,All Schools,All Schools,2016-04-01,563,2
2026-09-19,2016-06-01,lea,2016,15,Lake Forest School District,All Schools,All Schools,2016-01-01,230,7
2026-09-19,2016-06-01,lea,2016,15,Lake Forest School District,All Schools,All Schools,2016-02-01,230,12
2026-09-19,2016-06-01,lea,2016,15,Lake Forest School District,All Schools,All Schools,2016-03-01,230,6
2026-09-19,2016-06-01,lea,2016,15,Lake Forest School District,All Schools,All Schools,2016-04-01,230,2
2026-09-19,2016-06-01,lea,2016,16,Laurel School District,All Schools,All Schools,2016-01-01,78,2
2026-09-19,2016-06-01,lea,2016,16,Laurel School District,All Schools,All Schools,2016-02-01,78,2
2026-09-19,2016-06-01,lea,2016,16,Laurel School District,All Schools,All Schools,2016-04-01,78,1
2026-09-19,2016-06-01,lea,2016,18,Milford School District,All Schools,All Schools,2016-01-01,233,6
2026-09-19,2016-06-01,lea,2016,18,Milford School District,All Schools,All Schools,2016-02-01,233,14
2026-09-19,2016-06-01,lea,2016,18,Milford School District,All Schools,All Schools,2016-03-01,233,3
2026-09-19,2016-06-01,lea,2016,18,Milford School District,All Schools,All Schools,2016-04-01,233,2
2026-09-19,2016-06-01,lea,2016,38,New Castle County Vocational-Technical School District,All Schools,All Schools,2016-01-01,1074,51
2026-09-19,2016-06-01,lea,2016,38,New Castle County Vocational-Technical School District,All Schools,All Schools,2016-02-01,1074,57
2026-09-19,2016-06-01,lea,2016,38,New Castle County Vocational-Technical School District,All Schools,All Schools,2016-03-01,1074,24
2026-09-19,2016-06-01,lea,2016,38,New Castle County Vocational-Technical School District,All Schools,All Schools,2016-04-01,1074,18
2026-09-19,2016-06-01,lea,2016,39,POLYTECH School District,All Schools,All Schools,2016-01-01,287,16
2026-09-19,2016-06-01,lea,2016,39,POLYTECH School District,All Schools,All Schools,2016-02-01,287,22
2026-09-19,2016-06-01,lea,2016,39,POLYTECH School District,All Schools,All Schools,2016-03-01,287,4
2026-09-19,2016-06-01,lea,2016,39,POLYTECH School District,All Schools,All Schools,2016-04-01,287,2
2026-09-19,2016-06-01,lea,2016,71,Positive Outcomes Charter School,All Schools,All Schools,NULL,17,0
2026-09-19,2016-06-01,lea,2016,32,Red Clay Consolidated School District,All Schools,All Schools,2016-01-01,1000,57
2026-09-19,2016-06-01,lea,2016,32,Red Clay Consolidated School District,All Schools,All Schools,2016-02-01,1000,50
2026-09-19,2016-06-01,lea,2016,32,Red Clay Consolidated School District,All Schools,All Schools,2016-03-01,1000,11
2026-09-19,2016-06-01,lea,2016,32,Red Clay Consolidated School District,All Schools,All Schools,2016-04-01,1000,8
2026-09-19,2016-06-01,lea,2016,23,Seaford School District,All Schools,All Schools,2016-01-01,136,4
2026-09-19,2016-06-01,lea,2016,23,Seaford School District,All Schools,All Schools,2016-02-01,136,3
2026-09-19,2016-06-01,lea,2016,23,Seaford School District,All Schools,All Schools,2016-03-01,136,1
2026-09-19,2016-06-01,lea,2016,24,Smyrna School District,All Schools,All Schools,2016-01-01,359,17
2026-09-19,2016-06-01,lea,2016,24,Smyrna School District,All Schools,All Schools,2016-02-01,359,24
2026-09-19,2016-06-01,lea,2016,24,Smyrna School District,All Schools,All Schools,2016-03-01,359,4
2026-09-19,2016-06-01,lea,2016,24,Smyrna School District,All Schools,All Schools,2016-04-01,359,5
2026-09-19,2016-06-01,lea,2016,40,Sussex Technical School District,All Schools,All Schools,2016-01-01,369,20
2026-09-19,2016-06-01,lea,2016,40,Sussex Technical School District,All Schools,All Schools,2016-02-01,369,30
2026-09-19,2016-06-01,lea,2016,40,Sussex Technical School District,All Schools,All Schools,2016-03-01,369,8
2026-09-19,2016-06-01,lea,2016,40,Sussex Technical School District,All Schools,All Schools,2016-04-01,369,4
2026-09-19,2016-06-01,lea,2016,35,Woodbridge School District,All Schools,All Schools,2016-01-01,101,2
2026-09-19,2016-06-01,lea,2016,35,Woodbridge School District,All Schools,All Schools,2016-02-01,101,4
2026-09-19,2016-06-01,lea,2016,35,Woodbridge School District,All Schools,All Schools,2016-04-01,101,2
2026-09-19,2016-06-01,state,2016,All LEAs,All LEAs,All Schools,All Schools,2016-01-01,9186,495
2026-09-19,2016-06-01,state,2016,All LEAs,All LEAs,All Schools,All Schools,2016-02-01,9186,498
2026-09-19,2016-06-01,state,2016,All LEAs,All LEAs,All Schools,All Schools,2016-03-01,9186,136
2026-09-19,2016-06-01,state,2016,All LEAs,All LEAs,All Schools,All Schools,2016-04-01,9186,88
2026-09-19,2015-06-01,school,2015,29,Appoquinimink School District,24,Appoquinimink High School,2015-01-01,398,80
2026-09-19,2015-06-01,school,2015,29,Appoquinimink School District,24,Appoquinimink High School,2015-02-01,398,93
2026-09-19,2015-06-01,school,2015,29,Appoquinimink School District,24,Appoquinimink High School,2015-03-01,398,49
2026-09-19,2015-06-01,school,2015,29,Appoquinimink School District,24,Appoquinimink High School,2015-04-01,398,22
2026-09-19,2015-06-01,school,2015,29,Appoquinimink School District,18,Middletown High School,2015-01-01,296,49
2026-09-19,2015-06-01,school,2015,29,Appoquinimink School District,18,Middletown High School,2015-02-01,296,76
2026-09-19,2015-06-01,school,2015,29,Appoquinimink School District,18,Middletown High School,2015-03-01,296,22
2026-09-19,2015-06-01,school,2015,29,Appoquinimink School District,18,Middletown High School,2015-04-01,296,23
2026-09-19,2015-06-01,school,2015,31,Brandywine School District,190,Brandywine High School,2015-01-01,222,34
2026-09-19,2015-06-01,school,2015,31,Brandywine School District,190,Brandywine High School,2015-02-01,222,49
2026-09-19,2015-06-01,school,2015,31,Brandywine School District,190,Brandywine High School,2015-03-01,222,21
2026-09-19,2015-06-01,school,2015,31,Brandywine School District,190,Brandywine High School,2015-04-01,222,18
2026-09-19,2015-06-01,school,2015,31,Brandywine School District,194,Concord High School,2015-01-01,251,54
2026-09-19,2015-06-01,school,2015,31,Brandywine School District,194,Concord High School,2015-02-01,251,61
2026-09-19,2015-06-01,school,2015,31,Brandywine School District,194,Concord High School,2015-03-01,251,27
2026-09-19,2015-06-01,school,2015,31,Brandywine School District,194,Concord High School,2015-04-01,251,17
2026-09-19,2015-06-01,school,2015,31,Brandywine School District,196,Mount Pleasant High School,2015-01-01,262,61
2026-09-19,2015-06-01,school,2015,31,Brandywine School District,196,Mount Pleasant High School,2015-02-01,262,53
2026-09-19,2015-06-01,school,2015,31,Brandywine School District,196,Mount Pleasant High School,2015-03-01,262,18
2026-09-19,2015-06-01,school,2015,31,Brandywine School District,196,Mount Pleasant High School,2015-04-01,262,17
2026-09-19,2015-06-01,school,2015,10,Caesar Rodney School District,626,Caesar Rodney High School,2015-01-01,462,71
2026-09-19,2015-06-01,school,2015,10,Caesar Rodney School District,626,Caesar Rodney High School,2015-02-01,462,85
2026-09-19,2015-06-01,school,2015,10,Caesar Rodney School District,626,Caesar Rodney High School,2015-03-01,462,63
2026-09-19,2015-06-01,school,2015,10,Caesar Rodney School District,626,Caesar Rodney High School,2015-04-01,462,39
2026-09-19,2015-06-01,school,2015,10,Caesar Rodney School District,630,John S. Charlton School,NULL,52,0
2026-09-19,2015-06-01,school,2015,17,Cape Henlopen School District,726,Cape Henlopen High School,2015-01-01,327,46
2026-09-19,2015-06-01,school,2015,17,Cape Henlopen School District,726,Cape Henlopen High School,2015-02-01,327,76
2026-09-19,2015-06-01,school,2015,17,Cape Henlopen School District,726,Cape Henlopen High School,2015-03-01,327,33
2026-09-19,2015-06-01,school,2015,17,Cape Henlopen School District,726,Cape Henlopen High School,2015-04-01,327,15
2026-09-19,2015-06-01,school,2015,17,Cape Henlopen School District,728,Sussex Consortium,NULL,20,0
2026-09-19,2015-06-01,school,2015,13,Capital School District,648,Dover High School,2015-01-01,439,35
2026-09-19,2015-06-01,school,2015,13,Capital School District,648,Dover High School,2015-02-01,439,65
2026-09-19,2015-06-01,school,2015,13,Capital School District,648,Dover High School,2015-03-01,439,60
2026-09-19,2015-06-01,school,2015,13,Capital School District,648,Dover High School,2015-04-01,439,28
2026-09-19,2015-06-01,school,2015,13,Capital School District,650,Kent County Community School,NULL,21,0
2026-09-19,2015-06-01,school,2015,13,Capital School District,655,Kent County Secondary ILC,2015-03-01,2,1
2026-09-19,2015-06-01,school,2015,70,Charter School of Wilmington,295,Charter School of Wilmington,2015-01-01,234,87
2026-09-19,2015-06-01,school,2015,70,Charter School of Wilmington,295,Charter School of Wilmington,2015-02-01,234,66
2026-09-19,2015-06-01,school,2015,70,Charter School of Wilmington,295,Charter School of Wilmington,2015-03-01,234,13
2026-09-19,2015-06-01,school,2015,70,Charter School of Wilmington,295,Charter School of Wilmington,2015-04-01,234,7
2026-09-19,2015-06-01,school,2015,33,Christina School District,538,Brennen School (The),NULL,26,0
2026-09-19,2015-06-01,school,2015,33,Christina School District,390,Christiana High School,2015-01-01,203,23
2026-09-19,2015-06-01,school,2015,33,Christina School District,390,Christiana High School,2015-02-01,203,25
2026-09-19,2015-06-01,school,2015,33,Christina School District,390,Christiana High School,2015-03-01,203,18
2026-09-19,2015-06-01,school,2015,33,Christina School District,390,Christiana High School,2015-04-01,203,10
2026-09-19,2015-06-01,school,2015,33,Christina School District,545,Christina Early Education Center,NULL,10,0
2026-09-19,2015-06-01,school,2015,33,Christina School District,540,Delaware School for the Deaf Secondary,2015-01-01,5,1
2026-09-19,2015-06-01,school,2015,33,Christina School District,540,Delaware School for the Deaf Secondary,2015-02-01,5,1
2026-09-19,2015-06-01,school,2015,33,Christina School District,537,Douglass School,NULL,8,0
2026-09-19,2015-06-01,school,2015,33,Christina School District,392,Glasgow High School,2015-01-01,267,18
2026-09-19,2015-06-01,school,2015,33,Christina School District,392,Glasgow High School,2015-02-01,267,50
2026-09-19,2015-06-01,school,2015,33,Christina School District,392,Glasgow High School,2015-03-01,267,22
2026-09-19,2015-06-01,school,2015,33,Christina School District,392,Glasgow High School,2015-04-01,267,12
2026-09-19,2015-06-01,school,2015,33,Christina School District,394,Newark High School,2015-01-01,383,45
2026-09-19,2015-06-01,school,2015,33,Christina School District,394,Newark High School,2015-02-01,383,87
2026-09-19,2015-06-01,school,2015,33,Christina School District,394,Newark High School,2015-03-01,383,30
2026-09-19,2015-06-01,school,2015,33,Christina School District,394,Newark High School,2015-04-01,383,18
2026-09-19,2015-06-01,school,2015,33,Christina School District,354,Pyle (Sarah) Academy,2015-01-01,76,1
2026-09-19,2015-06-01,school,2015,33,Christina School District,354,Pyle (Sarah) Academy,2015-03-01,76,5
2026-09-19,2015-06-01,school,2015,33,Christina School District,354,Pyle (Sarah) Academy,2015-04-01,76,3
2026-09-19,2015-06-01,school,2015,34,Colonial School District,514,Leach (John G.) School,NULL,14,0
2026-09-19,2015-06-01,school,2015,34,Colonial School District,490,Penn (William) High School,2015-01-01,459,66
2026-09-19,2015-06-01,school,2015,34,Colonial School District,490,Penn (William) High School,2015-02-01,459,69
2026-09-19,2015-06-01,school,2015,34,Colonial School District,490,Penn (William) High School,2015-03-01,459,62
2026-09-19,2015-06-01,school,2015,34,Colonial School District,490,Penn (William) High School,2015-04-01,459,27
2026-09-19,2015-06-01,school,2015,34,Colonial School District,522,The Wallace Wallin School,2015-03-01,37,1
2026-09-19,2015-06-01,school,2015,68,Delaware Academy of Public Safety and Security,567,Delaware Academy of Public Safety and Security,2015-01-01,80,7
2026-09-19,2015-06-01,school,2015,68,Delaware Academy of Public Safety and Security,567,Delaware Academy of Public Safety and Security,2015-02-01,80,14
2026-09-19,2015-06-01,school,2015,68,Delaware Academy of Public Safety and Security,567,Delaware Academy of Public Safety and Security,2015-03-01,80,15
2026-09-19,2015-06-01,school,2015,68,Delaware Academy of Public Safety and Security,567,Delaware Academy of Public Safety and Security,2015-04-01,80,5
2026-09-19,2015-06-01,school,2015,79,Delaware Military Academy,578,Delaware Military Academy,2015-01-01,137,40
2026-09-19,2015-06-01,school,2015,79,Delaware Military Academy,578,Delaware Military Academy,2015-02-01,137,20
2026-09-19,2015-06-01,school,2015,79,Delaware Military Academy,578,Delaware Military Academy,2015-03-01,137,21
2026-09-19,2015-06-01,school,2015,79,Delaware Military Academy,578,Delaware Military Academy,2015-04-01,137,8
2026-09-19,2015-06-01,school,2015,37,Delmar School District,730,Delmar High School,2015-01-01,143,8
2026-09-19,2015-06-01,school,2015,37,Delmar School District,730,Delmar High School,2015-02-01,143,13
2026-09-19,2015-06-01,school,2015,37,Delmar School District,730,Delmar High School,2015-03-01,143,12
2026-09-19,2015-06-01,school,2015,37,Delmar School District,730,Delmar High School,2015-04-01,143,11
2026-09-19,2015-06-01,school,2015,36,Indian River School District,689,Carver (G.W.) Educational Center,2015-03-01,5,1
2026-09-19,2015-06-01,school,2015,36,Indian River School District,750,Ennis (Howard T.) School,NULL,35,0
2026-09-19,2015-06-01,school,2015,36,Indian River School District,746,Indian River High School,2015-01-01,204,29
2026-09-19,2015-06-01,school,2015,36,Indian River School District,746,Indian River High School,2015-02-01,204,44
2026-09-19,2015-06-01,school,2015,36,Indian River School District,746,Indian River High School,2015-03-01,204,23
2026-09-19,2015-06-01,school,2015,36,Indian River School District,746,Indian River High School,2015-04-01,204,20
2026-09-19,2015-06-01,school,2015,36,Indian River School District,748,Sussex Central High School,2015-01-01,285,13
2026-09-19,2015-06-01,school,2015,36,Indian River School District,748,Sussex Central High School,2015-02-01,285,53
2026-09-19,2015-06-01,school,2015,36,Indian River School District,748,Sussex Central High School,2015-03-01,285,28
2026-09-19,2015-06-01,school,2015,36,Indian River School District,748,Sussex Central High School,2015-04-01,285,29
2026-09-19,2015-06-01,school,2015,15,Lake Forest School District,665,Lake Forest High School,2015-01-01,204,23
2026-09-19,2015-06-01,school,2015,15,Lake Forest School District,665,Lake Forest High School,2015-02-01,204,27
2026-09-19,2015-06-01,school,2015,15,Lake Forest School District,665,Lake Forest High School,2015-03-01,204,32
2026-09-19,2015-06-01,school,2015,15,Lake Forest School District,665,Lake Forest High School,2015-04-01,204,25
2026-09-19,2015-06-01,school,2015,16,Laurel School District,756,Laurel Senior High School,2015-01-01,116,8
2026-09-19,2015-06-01,school,2015,16,Laurel School District,756,Laurel Senior High School,2015-02-01,116,18
2026-09-19,2015-06-01,school,2015,16,Laurel School District,756,Laurel Senior High School,2015-03-01,116,12
2026-09-19,2015-06-01,school,2015,16,Laurel School District,756,Laurel Senior High School,2015-04-01,116,12
2026-09-19,2015-06-01,school,2015,18,Milford School District,678,Milford Senior High School,2015-01-01,240,31
2026-09-19,2015-06-01,school,2015,18,Milford School District,678,Milford Senior High School,2015-02-01,240,52
2026-09-19,2015-06-01,school,2015,18,Milford School District,678,Milford Senior High School,2015-03-01,240,27
2026-09-19,2015-06-01,school,2015,18,Milford School District,678,Milford Senior High School,2015-04-01,240,15
2026-09-19,2015-06-01,school,2015,75,Moyer (Maurice J.) Academy,574,Moyer (Maurice J.) Academy,2015-02-01,10,1
2026-09-19,2015-06-01,school,2015,75,Moyer (Maurice J.) Academy,574,Moyer (Maurice J.) Academy,2015-03-01,10,2
2026-09-19,2015-06-01,school,2015,38,New Castle County Vocational-Technical School District,80,Delcastle Technical High School,2015-01-01,372,33
2026-09-19,2015-06-01,school,2015,38,New Castle County Vocational-Technical School District,80,Delcastle Technical High School,2015-02-01,372,70
2026-09-19,2015-06-01,school,2015,38,New Castle County Vocational-Technical School District,80,Delcastle Technical High School,2015-03-01,372,42
2026-09-19,2015-06-01,school,2015,38,New Castle County Vocational-Technical School District,80,Delcastle Technical High School,2015-04-01,372,32
2026-09-19,2015-06-01,school,2015,38,New Castle County Vocational-Technical School District,66,Hodgson (Paul M.) Vocational Technical High School,2015-01-01,241,29
2026-09-19,2015-06-01,school,2015,38,New Castle County Vocational-Technical School District,66,Hodgson (Paul M.) Vocational Technical High School,2015-02-01,241,33
2026-09-19,2015-06-01,school,2015,38,New Castle County Vocational-Technical School District,66,Hodgson (Paul M.) Vocational Technical High School,2015-03-01,241,29
2026-09-19,2015-06-01,school,2015,38,New Castle County Vocational-Technical School District,66,Hodgson (Paul M.) Vocational Technical High School,2015-04-01,241,20
2026-09-19,2015-06-01,school,2015,38,New Castle County Vocational-Technical School District,26,Howard High School of Technology,2015-01-01,187,20
2026-09-19,2015-06-01,school,2015,38,New Castle County Vocational-Technical School District,26,Howard High School of Technology,2015-02-01,187,42
2026-09-19,2015-06-01,school,2015,38,New Castle County Vocational-Technical School District,26,Howard High School of Technology,2015-03-01,187,27
2026-09-19,2015-06-01,school,2015,38,New Castle County Vocational-Technical School District,26,Howard High School of Technology,2015-04-01,187,16
2026-09-19,2015-06-01,school,2015,38,New Castle County Vocational-Technical School District,44,St. Georges Technical High School,2015-01-01,241,48
2026-09-19,2015-06-01,school,2015,38,New Castle County Vocational-Technical School District,44,St. Georges Technical High School,2015-02-01,241,69
2026-09-19,2015-06-01,school,2015,38,New Castle County Vocational-Technical School District,44,St. Georges Technical High School,2015-03-01,241,29
2026-09-19,2015-06-01,school,2015,38,New Castle County Vocational-Technical School District,44,St. Georges Technical High School,2015-04-01,241,16
2026-09-19,2015-06-01,school,2015,39,POLYTECH School District,652,POLYTECH High School,2015-01-01,266,33
2026-09-19,2015-06-01,school,2015,39,POLYTECH School District,652,POLYTECH High School,2015-02-01,266,83
2026-09-19,2015-06-01,school,2015,39,POLYTECH School District,652,POLYTECH High School,2015-03-01,266,35
2026-09-19,2015-06-01,school,2015,39,POLYTECH School District,652,POLYTECH High School,2015-04-01,266,33
2026-09-19,2015-06-01,school,2015,71,Positive Outcomes Charter School,570,Positive Outcomes Charter School,2015-02-01,5,1
2026-09-19,2015-06-01,school,2015,71,Positive Outcomes Charter School,570,Positive Outcomes Charter School,2015-03-01,5,1
2026-09-19,2015-06-01,school,2015,32,Red Clay Consolidated School District,286,Calloway (Cab) School of the Arts,2015-01-01,120,48
2026-09-19,2015-06-01,school,2015,32,Red Clay Consolidated School District,286,Calloway (Cab) School of the Arts,2015-02-01,120,40
2026-09-19,2015-06-01,school,2015,32,Red Clay Consolidated School District,286,Calloway (Cab) School of the Arts,2015-03-01,120,9
2026-09-19,2015-06-01,school,2015,32,Red Clay Consolidated School District,286,Calloway (Cab) School of the Arts,2015-04-01,120,1
2026-09-19,2015-06-01,school,2015,32,Red Clay Consolidated School District,527,Central School (The),NULL,12,0
2026-09-19,2015-06-01,school,2015,32,Red Clay Consolidated School District,284,Conrad Schools of Science,2015-01-01,158,41
2026-09-19,2015-06-01,school,2015,32,Red Clay Consolidated School District,284,Conrad Schools of Science,2015-02-01,158,38
2026-09-19,2015-06-01,school,2015,32,Red Clay Consolidated School District,284,Conrad Schools of Science,2015-03-01,158,16
2026-09-19,2015-06-01,school,2015,32,Red Clay Consolidated School District,284,Conrad Schools of Science,2015-04-01,158,12
2026-09-19,2015-06-01,school,2015,32,Red Clay Consolidated School District,290,Dickinson (John) High School,2015-01-01,143,14
2026-09-19,2015-06-01,school,2015,32,Red Clay Consolidated School District,290,Dickinson (John) High School,2015-02-01,143,16
2026-09-19,2015-06-01,school,2015,32,Red Clay Consolidated School District,290,Dickinson (John) High School,2015-03-01,143,8
2026-09-19,2015-06-01,school,2015,32,Red Clay Consolidated School District,290,Dickinson (John) High School,2015-04-01,143,3
2026-09-19,2015-06-01,school,2015,32,Red Clay Consolidated School District,292,duPont (Alexis I.) High School,2015-01-01,247,23
2026-09-19,2015-06-01,school,2015,32,Red Clay Consolidated School District,292,duPont (Alexis I.) High School,2015-02-01,247,45
2026-09-19,2015-06-01,school,2015,32,Red Clay Consolidated School District,292,duPont (Alexis I.) High School,2015-03-01,247,17
2026-09-19,2015-06-01,school,2015,32,Red Clay Consolidated School District,292,duPont (Alexis I.) High School,2015-04-01,247,16
2026-09-19,2015-06-01,school,2015,32,Red Clay Consolidated School District,530,First State School,2015-03-01,5,2
2026-09-19,2015-06-01,school,2015,32,Red Clay Consolidated School District,530,First State School,2015-04-01,5,1
2026-09-19,2015-06-01,school,2015,32,Red Clay Consolidated School District,294,McKean (Thomas) High School,2015-01-01,213,20
2026-09-19,2015-06-01,school,2015,32,Red Clay Consolidated School District,294,McKean (Thomas) High School,2015-02-01,213,28
2026-09-19,2015-06-01,school,2015,32,Red Clay Consolidated School District,294,McKean (Thomas) High School,2015-03-01,213,16
2026-09-19,2015-06-01,school,2015,32,Red Clay Consolidated School District,294,McKean (Thomas) High School,2015-04-01,213,13
2026-09-19,2015-06-01,school,2015,32,Red Clay Consolidated School District,516,Meadowood Program,NULL,30,0
2026-09-19,2015-06-01,school,2015,23,Seaford School District,766,Seaford Senior High School,2015-01-01,185,28
2026-09-19,2015-06-01,school,2015,23,Seaford School District,766,Seaford Senior High School,2015-02-01,185,25
2026-09-19,2015-06-01,school,2015,23,Seaford School District,766,Seaford Senior High School,2015-03-01,185,26
2026-09-19,2015-06-01,school,2015,23,Seaford School District,766,Seaford Senior High School,2015-04-01,185,15
2026-09-19,2015-06-01,school,2015,24,Smyrna School District,688,Smyrna High School,2015-01-01,333,58
2026-09-19,2015-06-01,school,2015,24,Smyrna School District,688,Smyrna High School,2015-02-01,333,68
2026-09-19,2015-06-01,school,2015,24,Smyrna School District,688,Smyrna High School,2015-03-01,333,46
2026-09-19,2015-06-01,school,2015,24,Smyrna School District,688,Smyrna High School,2015-04-01,333,25
2026-09-19,2015-06-01,school,2015,40,Sussex Technical School District,770,Sussex Technical High School,2015-01-01,307,58
2026-09-19,2015-06-01,school,2015,40,Sussex Technical School District,770,Sussex Technical High School,2015-02-01,307,80
2026-09-19,2015-06-01,school,2015,40,Sussex Technical School District,770,Sussex Technical High School,2015-03-01,307,38
2026-09-19,2015-06-01,school,2015,40,Sussex Technical School District,770,Sussex Technical High School,2015-04-01,307,22
2026-09-19,2015-06-01,school,2015,35,Woodbridge School District,780,Woodbridge High School,2015-01-01,111,8
2026-09-19,2015-06-01,school,2015,35,Woodbridge School District,780,Woodbridge High School,2015-02-01,111,21
2026-09-19,2015-06-01,school,2015,35,Woodbridge School District,780,Woodbridge High School,2015-03-01,111,10
2026-09-19,2015-06-01,school,2015,35,Woodbridge School District,780,Woodbridge High School,2015-04-01,111,13
2026-09-19,2015-06-01,lea,2015,29,Appoquinimink School District,All Schools,All Schools,2015-01-01,694,129
2026-09-19,2015-06-01,lea,2015,29,Appoquinimink School District,All Schools,All Schools,2015-02-01,694,169
2026-09-19,2015-06-01,lea,2015,29,Appoquinimink School District,All Schools,All Schools,2015-03-01,694,71
2026-09-19,2015-06-01,lea,2015,29,Appoquinimink School District,All Schools,All Schools,2015-04-01,694,45
2026-09-19,2015-06-01,lea,2015,31,Brandywine School District,All Schools,All Schools,2015-01-01,735,149
2026-09-19,2015-06-01,lea,2015,31,Brandywine School District,All Schools,All Schools,2015-02-01,735,163
2026-09-19,2015-06-01,lea,2015,31,Brandywine School District,All Schools,All Schools,2015-03-01,735,66
2026-09-19,2015-06-01,lea,2015,31,Brandywine School District,All Schools,All Schools,2015-04-01,735,52
2026-09-19,2015-06-01,lea,2015,10,Caesar Rodney School District,All Schools,All Schools,2015-01-01,514,71
2026-09-19,2015-06-01,lea,2015,10,Caesar Rodney School District,All Schools,All Schools,2015-02-01,514,85
2026-09-19,2015-06-01,lea,2015,10,Caesar Rodney School District,All Schools,All Schools,2015-03-01,514,63
2026-09-19,2015-06-01,lea,2015,10,Caesar Rodney School District,All Schools,All Schools,2015-04-01,514,39
2026-09-19,2015-06-01,lea,2015,17,Cape Henlopen School District,All Schools,All Schools,2015-01-01,347,46
2026-09-19,2015-06-01,lea,2015,17,Cape Henlopen School District,All Schools,All Schools,2015-02-01,347,76
2026-09-19,2015-06-01,lea,2015,17,Cape Henlopen School District,All Schools,All Schools,2015-03-01,347,33
2026-09-19,2015-06-01,lea,2015,17,Cape Henlopen School District,All Schools,All Schools,2015-04-01,347,15
2026-09-19,2015-06-01,lea,2015,13,Capital School District,All Schools,All Schools,2015-01-01,462,35
2026-09-19,2015-06-01,lea,2015,13,Capital School District,All Schools,All Schools,2015-02-01,462,65
2026-09-19,2015-06-01,lea,2015,13,Capital School District,All Schools,All Schools,2015-03-01,462,61
2026-09-19,2015-06-01,lea,2015,13,Capital School District,All Schools,All Schools,2015-04-01,462,28
2026-09-19,2015-06-01,lea,2015,70,Charter School of Wilmington,All Schools,All Schools,2015-01-01,234,87
2026-09-19,2015-06-01,lea,2015,70,Charter School of Wilmington,All Schools,All Schools,2015-02-01,234,66
2026-09-19,2015-06-01,lea,2015,70,Charter School of Wilmington,All Schools,All Schools,2015-03-01,234,13
2026-09-19,2015-06-01,lea,2015,70,Charter School of Wilmington,All Schools,All Schools,2015-04-01,234,7
2026-09-19,2015-06-01,lea,2015,33,Christina School District,All Schools,All Schools,2015-01-01,978,88
2026-09-19,2015-06-01,lea,2015,33,Christina School District,All Schools,All Schools,2015-02-01,978,163
2026-09-19,2015-06-01,lea,2015,33,Christina School District,All Schools,All Schools,2015-03-01,978,75
2026-09-19,2015-06-01,lea,2015,33,Christina School District,All Schools,All Schools,2015-04-01,978,43
2026-09-19,2015-06-01,lea,2015,34,Colonial School District,All Schools,All Schools,2015-01-01,510,66
2026-09-19,2015-06-01,lea,2015,34,Colonial School District,All Schools,All Schools,2015-02-01,510,69
2026-09-19,2015-06-01,lea,2015,34,Colonial School District,All Schools,All Schools,2015-03-01,510,63
2026-09-19,2015-06-01,lea,2015,34,Colonial School District,All Schools,All Schools,2015-04-01,510,27
2026-09-19,2015-06-01,lea,2015,68,Delaware Academy of Public Safety and Security,All Schools,All Schools,2015-01-01,80,7
2026-09-19,2015-06-01,lea,2015,68,Delaware Academy of Public Safety and Security,All Schools,All Schools,2015-02-01,80,14
2026-09-19,2015-06-01,lea,2015,68,Delaware Academy of Public Safety and Security,All Schools,All Schools,2015-03-01,80,15
2026-09-19,2015-06-01,lea,2015,68,Delaware Academy of Public Safety and Security,All Schools,All Schools,2015-04-01,80,5
2026-09-19,2015-06-01,lea,2015,79,Delaware Military Academy,All Schools,All Schools,2015-01-01,137,40
2026-09-19,2015-06-01,lea,2015,79,Delaware Military Academy,All Schools,All Schools,2015-02-01,137,20
2026-09-19,2015-06-01,lea,2015,79,Delaware Military Academy,All Schools,All Schools,2015-03-01,137,21
2026-09-19,2015-06-01,lea,2015,79,Delaware Military Academy,All Schools,All Schools,2015-04-01,137,8
2026-09-19,2015-06-01,lea,2015,37,Delmar School District,All Schools,All Schools,2015-01-01,143,8
2026-09-19,2015-06-01,lea,2015,37,Delmar School District,All Schools,All Schools,2015-02-01,143,13
2026-09-19,2015-06-01,lea,2015,37,Delmar School District,All Schools,All Schools,2015-03-01,143,12
2026-09-19,2015-06-01,lea,2015,37,Delmar School District,All Schools,All Schools,2015-04-01,143,11
2026-09-19,2015-06-01,lea,2015,36,Indian River School District,All Schools,All Schools,2015-01-01,529,42
2026-09-19,2015-06-01,lea,2015,36,Indian River School District,All Schools,All Schools,2015-02-01,529,97
2026-09-19,2015-06-01,lea,2015,36,Indian River School District,All Schools,All Schools,2015-03-01,529,52
2026-09-19,2015-06-01,lea,2015,36,Indian River School District,All Schools,All Schools,2015-04-01,529,49
2026-09-19,2015-06-01,lea,2015,15,Lake Forest School District,All Schools,All Schools,2015-01-01,204,23
2026-09-19,2015-06-01,lea,2015,15,Lake Forest School District,All Schools,All Schools,2015-02-01,204,27
2026-09-19,2015-06-01,lea,2015,15,Lake Forest School District,All Schools,All Schools,2015-03-01,204,32
2026-09-19,2015-06-01,lea,2015,15,Lake Forest School District,All Schools,All Schools,2015-04-01,204,25
2026-09-19,2015-06-01,lea,2015,16,Laurel School District,All Schools,All Schools,2015-01-01,116,8
2026-09-19,2015-06-01,lea,2015,16,Laurel School District,All Schools,All Schools,2015-02-01,116,18
2026-09-19,2015-06-01,lea,2015,16,Laurel School District,All Schools,All Schools,2015-03-01,116,12
2026-09-19,2015-06-01,lea,2015,16,Laurel School District,All Schools,All Schools,2015-04-01,116,12
2026-09-19,2015-06-01,lea,2015,18,Milford School District,All Schools,All Schools,2015-01-01,240,31
2026-09-19,2015-06-01,lea,2015,18,Milford School District,All Schools,All Schools,2015-02-01,240,52
2026-09-19,2015-06-01,lea,2015,18,Milford School District,All Schools,All Schools,2015-03-01,240,27
2026-09-19,2015-06-01,lea,2015,18,Milford School District,All Schools,All Schools,2015-04-01,240,15
2026-09-19,2015-06-01,lea,2015,75,Moyer (Maurice J.) Academy,All Schools,All Schools,2015-02-01,10,1
2026-09-19,2015-06-01,lea,2015,75,Moyer (Maurice J.) Academy,All Schools,All Schools,2015-03-01,10,2
2026-09-19,2015-06-01,lea,2015,38,New Castle County Vocational-Technical School District,All Schools,All Schools,2015-01-01,1041,130
2026-09-19,2015-06-01,lea,2015,38,New Castle County Vocational-Technical School District,All Schools,All Schools,2015-02-01,1041,214
2026-09-19,2015-06-01,lea,2015,38,New Castle County Vocational-Technical School District,All Schools,All Schools,2015-03-01,1041,127
2026-09-19,2015-06-01,lea,2015,38,New Castle County Vocational-Technical School District,All Schools,All Schools,2015-04-01,1041,84
2026-09-19,2015-06-01,lea,2015,39,POLYTECH School District,All Schools,All Schools,2015-01-01,266,33
2026-09-19,2015-06-01,lea,2015,39,POLYTECH School District,All Schools,All Schools,2015-02-01,266,83
2026-09-19,2015-06-01,lea,2015,39,POLYTECH School District,All Schools,All Schools,2015-03-01,266,35
2026-09-19,2015-06-01,lea,2015,39,POLYTECH School District,All Schools,All Schools,2015-04-01,266,33
2026-09-19,2015-06-01,lea,2015,71,Positive Outcomes Charter School,All Schools,All Schools,2015-02-01,5,1
2026-09-19,2015-06-01,lea,2015,71,Positive Outcomes Charter School,All Schools,All Schools,2015-03-01,5,1
2026-09-19,2015-06-01,lea,2015,32,Red Clay Consolidated School District,All Schools,All Schools,2015-01-01,928,146
2026-09-19,2015-06-01,lea,2015,32,Red Clay Consolidated School District,All Schools,All Schools,2015-02-01,928,167
2026-09-19,2015-06-01,lea,2015,32,Red Clay Consolidated School District,All Schools,All Schools,2015-03-01,928,68
2026-09-19,2015-06-01,lea,2015,32,Red Clay Consolidated School District,All Schools,All Schools,2015-04-01,928,46
2026-09-19,2015-06-01,lea,2015,23,Seaford School District,All Schools,All Schools,2015-01-01,185,28
2026-09-19,2015-06-01,lea,2015,23,Seaford School District,All Schools,All Schools,2015-02-01,185,25
2026-09-19,2015-06-01,lea,2015,23,Seaford School District,All Schools,All Schools,2015-03-01,185,26
2026-09-19,2015-06-01,lea,2015,23,Seaford School District,All Schools,All Schools,2015-04-01,185,15
2026-09-19,2015-06-01,lea,2015,24,Smyrna School District,All Schools,All Schools,2015-01-01,333,58
2026-09-19,2015-06-01,lea,2015,24,Smyrna School District,All Schools,All Schools,2015-02-01,333,68
2026-09-19,2015-06-01,lea,2015,24,Smyrna School District,All Schools,All Schools,2015-03-01,333,46
2026-09-19,2015-06-01,lea,2015,24,Smyrna School District,All Schools,All Schools,2015-04-01,333,25
2026-09-19,2015-06-01,lea,2015,40,Sussex Technical School District,All Schools,All Schools,2015-01-01,307,58
2026-09-19,2015-06-01,lea,2015,40,Sussex Technical School District,All Schools,All Schools,2015-02-01,307,80
2026-09-19,2015-06-01,lea,2015,40,Sussex Technical School District,All Schools,All Schools,2015-03-01,307,38
2026-09-19,2015-06-01,lea,2015,40,Sussex Technical School District,All Schools,All Schools,2015-04-01,307,22
2026-09-19,2015-06-01,lea,2015,35,Woodbridge School District,All Schools,All Schools,2015-01-01,111,8
2026-09-19,2015-06-01,lea,2015,35,Woodbridge School District,All Schools,All Schools,2015-02-01,111,21
2026-09-19,2015-06-01,lea,2015,35,Woodbridge School District,All Schools,All Schools,2015-03-01,111,10
2026-09-19,2015-06-01,lea,2015,35,Woodbridge School District,All Schools,All Schools,2015-04-01,111,13
2026-09-19,2015-06-01,state,2015,All LEAs,All LEAs,All Schools,All Schools,2015-01-01,9109,1291
2026-09-19,2015-06-01,state,2015,All LEAs,All LEAs,All Schools,All Schools,2015-02-01,9109,1757
2026-09-19,2015-06-01,state,2015,All LEAs,All LEAs,All Schools,All Schools,2015-03-01,9109,969
2026-09-19,2015-06-01,state,2015,All LEAs,All LEAs,All Schools,All Schools,2015-04-01,9109,619
